ISO-10303-21;
HEADER;
FILE_DESCRIPTION(('CATIA V5 STEP Exchange'),'2;1');

FILE_NAME('D:\\my docs\\Projects\\HiFire\\HiFire 1\\DimensionallyUpdated\\Assembled missile.stp','2022-01-18T14:11:42+00:00',('none'),('none'),'CATIA Version 5 Release 21 GA (IN-10)','CATIA V5 STEP AP203','none');

FILE_SCHEMA(('CONFIG_CONTROL_DESIGN'));

ENDSEC;
/* file written by CATIA V5R21 */
DATA;
#5=PRODUCT('Product2','','',(#2)) ;
#56=PRODUCT('9. Telemetry ring','','',(#2)) ;
#7080=PRODUCT('8. post payload support mod','','',(#2)) ;
#7184=PRODUCT('7. ','','',(#2)) ;
#8222=PRODUCT('6. ','','',(#2)) ;
#8678=PRODUCT('5. cylinder','','',(#2)) ;
#8782=PRODUCT('4. Cone','','',(#2)) ;
#8886=PRODUCT('nose_isolator to cone','','',(#2)) ;
#8990=PRODUCT('Part1','','',(#2)) ;
#9070=PRODUCT('Part2','','',(#2)) ;
#1=APPLICATION_CONTEXT('configuration controlled 3D design of mechanical parts and assemblies') ;
#17=PRODUCT_DEFINITION('',' ',#6,#3) ;
#19=SECURITY_CLASSIFICATION(' ',' ',#18) ;
#18=SECURITY_CLASSIFICATION_LEVEL('unclassified') ;
#63=CARTESIAN_POINT('Axis2P3D Location',(28.1228597754,-74.6545790536,139.305523938)) ;
#68=CARTESIAN_POINT('Line Origine',(28.1228597754,-78.9847060725,136.805523938)) ;
#72=CARTESIAN_POINT('Vertex',(28.1228597754,-74.6545790536,139.305523938)) ;
#74=CARTESIAN_POINT('Vertex',(28.1228597754,-83.3148330914,134.305523938)) ;
#77=CARTESIAN_POINT('Line Origine',(53.7055151071,-74.6545790536,139.305523938)) ;
#81=CARTESIAN_POINT('Vertex',(79.2881704388,-74.6545790536,139.305523938)) ;
#84=CARTESIAN_POINT('Line Origine',(79.2881704388,-78.9847060725,136.805523938)) ;
#88=CARTESIAN_POINT('Vertex',(79.2881704388,-83.3148330914,134.305523938)) ;
#91=CARTESIAN_POINT('Line Origine',(53.7055151071,-83.3148330914,134.305523938)) ;
#103=CARTESIAN_POINT('Axis2P3D Location',(46.580979878,-82.1899845998,152.3572292)) ;
#108=CARTESIAN_POINT('Line Origine',(46.580979878,-86.5201116187,149.8572292)) ;
#112=CARTESIAN_POINT('Vertex',(46.580979878,-82.1899845998,152.3572292)) ;
#114=CARTESIAN_POINT('Vertex',(46.580979878,-90.8502386376,147.3572292)) ;
#117=CARTESIAN_POINT('Line Origine',(42.3332317746,-80.455869509,149.353653757)) ;
#121=CARTESIAN_POINT('Vertex',(38.0854836712,-78.7217544182,146.350078313)) ;
#124=CARTESIAN_POINT('Line Origine',(33.1041717233,-76.6881667359,142.827801126)) ;
#129=CARTESIAN_POINT('Line Origine',(33.1041717233,-85.3484207737,137.827801126)) ;
#133=CARTESIAN_POINT('Vertex',(38.0854836712,-87.3820084561,141.350078313)) ;
#136=CARTESIAN_POINT('Line Origine',(42.3332317746,-89.1161235468,144.353653757)) ;
#150=CARTESIAN_POINT('Axis2P3D Location',(79.2881704388,-74.6545790536,139.305523938)) ;
#155=CARTESIAN_POINT('Line Origine',(79.2881704388,-76.6881667359,142.827801126)) ;
#159=CARTESIAN_POINT('Vertex',(79.2881704388,-78.7217544182,146.350078313)) ;
#162=CARTESIAN_POINT('Line Origine',(79.2881704388,-80.455869509,149.353653757)) ;
#166=CARTESIAN_POINT('Vertex',(79.2881704388,-82.1899845998,152.3572292)) ;
#169=CARTESIAN_POINT('Line Origine',(79.2881704388,-86.5201116187,149.8572292)) ;
#173=CARTESIAN_POINT('Vertex',(79.2881704388,-90.8502386376,147.3572292)) ;
#176=CARTESIAN_POINT('Line Origine',(79.2881704388,-89.1161235468,144.353653757)) ;
#180=CARTESIAN_POINT('Vertex',(79.2881704388,-87.3820084561,141.350078313)) ;
#183=CARTESIAN_POINT('Line Origine',(79.2881704388,-85.3484207737,137.827801126)) ;
#197=CARTESIAN_POINT('Axis2P3D Location',(79.2881704388,-82.1899845998,152.3572292)) ;
#202=CARTESIAN_POINT('Line Origine',(62.9345751584,-82.1899845998,152.3572292)) ;
#207=CARTESIAN_POINT('Line Origine',(62.9345751584,-90.8502386376,147.3572292)) ;
#219=CARTESIAN_POINT('Axis2P3D Location',(0.,-74.5508942429,139.125936578)) ;
#224=CARTESIAN_POINT('Line Origine',(58.686827055,-78.7217544182,146.350078313)) ;
#236=CARTESIAN_POINT('Axis2P3D Location',(0.,-83.2111482807,134.125936578)) ;
#241=CARTESIAN_POINT('Line Origine',(58.686827055,-87.3820084561,141.350078313)) ;
#253=CARTESIAN_POINT('Axis2P3D Location',(58.6,0.,0.)) ;
#258=CARTESIAN_POINT('Axis2P3D Location',(105.2,0.,0.)) ;
#262=CARTESIAN_POINT('Vertex',(105.2,-145.835792552,-79.6704565797)) ;
#264=CARTESIAN_POINT('Vertex',(105.2,-87.3820084561,-141.350078313)) ;
#267=CARTESIAN_POINT('Line Origine',(52.6,-145.835792552,-79.6704565797)) ;
#271=CARTESIAN_POINT('Vertex',(0.,-145.835792552,-79.6704565797)) ;
#274=CARTESIAN_POINT('Axis2P3D Location',(0.,0.,0.)) ;
#278=CARTESIAN_POINT('Vertex',(0.,-87.3820084561,-141.350078313)) ;
#281=CARTESIAN_POINT('Line Origine',(52.6,-87.3820084561,-141.350078313)) ;
#285=CARTESIAN_POINT('Vertex',(38.0854836712,-87.3820084561,-141.350078313)) ;
#288=CARTESIAN_POINT('Line Origine',(52.6,-87.3820084561,-141.350078313)) ;
#292=CARTESIAN_POINT('Vertex',(79.2881704388,-87.3820084561,-141.350078313)) ;
#295=CARTESIAN_POINT('Line Origine',(52.6,-87.3820084561,-141.350078313)) ;
#309=CARTESIAN_POINT('Control Point',(17.0334022862,-141.233725622,-87.5699422629)) ;
#310=CARTESIAN_POINT('Control Point',(17.0334022862,-141.444328877,-87.2302791142)) ;
#311=CARTESIAN_POINT('Control Point',(17.2106844727,-141.653812902,-86.8901411104)) ;
#312=CARTESIAN_POINT('Control Point',(17.565230989,-141.845549052,-86.5763545309)) ;
#313=CARTESIAN_POINT('Control Point',(18.3583377779,-142.124543035,-86.1173722511)) ;
#314=CARTESIAN_POINT('Control Point',(19.3928272834,-142.330572688,-85.7758877251)) ;
#315=CARTESIAN_POINT('Control Point',(19.841719381,-142.401971425,-85.6572266593)) ;
#316=CARTESIAN_POINT('Control Point',(21.1518965526,-142.568093742,-85.3806221915)) ;
#317=CARTESIAN_POINT('Control Point',(22.5820066918,-142.644878485,-85.2519684057)) ;
#318=CARTESIAN_POINT('Control Point',(23.5163339308,-142.659233962,-85.2279023286)) ;
#319=CARTESIAN_POINT('Control Point',(25.1352213536,-142.62437359,-85.286436686)) ;
#320=CARTESIAN_POINT('Control Point',(26.6627214263,-142.481342985,-85.525143862)) ;
#321=CARTESIAN_POINT('Control Point',(27.2850619349,-142.40043685,-85.6599326425)) ;
#322=CARTESIAN_POINT('Control Point',(28.5282370318,-142.181271843,-86.0238816742)) ;
#323=CARTESIAN_POINT('Control Point',(29.4646454477,-141.865187984,-86.5442091962)) ;
#324=CARTESIAN_POINT('Control Point',(29.8436280568,-141.668321423,-86.8665809596)) ;
#325=CARTESIAN_POINT('Control Point',(30.0334022862,-141.45162257,-87.2185157689)) ;
#326=CARTESIAN_POINT('Control Point',(30.0334022862,-141.233725622,-87.5699422629)) ;
#327=CARTESIAN_POINT('Vertex',(17.0334022862,-141.233725622,-87.5699422629)) ;
#329=CARTESIAN_POINT('Vertex',(30.0334022862,-141.233725622,-87.5699422629)) ;
#333=CARTESIAN_POINT('Control Point',(30.0334022862,-141.233725622,-87.5699422629)) ;
#334=CARTESIAN_POINT('Control Point',(30.0334022862,-141.023009733,-87.909787069)) ;
#335=CARTESIAN_POINT('Control Point',(29.8559304263,-140.811174247,-88.2491551732)) ;
#336=CARTESIAN_POINT('Control Point',(29.5013001178,-140.614868446,-88.5611927491)) ;
#337=CARTESIAN_POINT('Control Point',(28.7081820848,-140.326770093,-89.0167751374)) ;
#338=CARTESIAN_POINT('Control Point',(27.6735744058,-140.111410449,-89.354842513)) ;
#339=CARTESIAN_POINT('Control Point',(27.2246016332,-140.036446451,-89.4722072641)) ;
#340=CARTESIAN_POINT('Control Point',(25.9176643758,-139.861978836,-89.7448557594)) ;
#341=CARTESIAN_POINT('Control Point',(24.4911232572,-139.78028491,-89.8717509626)) ;
#342=CARTESIAN_POINT('Control Point',(23.5604265788,-139.76479712,-89.8957944961)) ;
#343=CARTESIAN_POINT('Control Point',(21.9463820077,-139.801215345,-89.8393460539)) ;
#344=CARTESIAN_POINT('Control Point',(20.4225071138,-139.950851781,-89.6060393116)) ;
#345=CARTESIAN_POINT('Control Point',(19.8008221596,-140.03542429,-89.4739526953)) ;
#346=CARTESIAN_POINT('Control Point',(18.5522013604,-140.264503597,-89.1150479119)) ;
#347=CARTESIAN_POINT('Control Point',(17.6094547609,-140.591022672,-88.5990886681)) ;
#348=CARTESIAN_POINT('Control Point',(17.2257427377,-140.793781707,-88.2770148264)) ;
#349=CARTESIAN_POINT('Control Point',(17.0334022862,-141.014360363,-87.9237368647)) ;
#350=CARTESIAN_POINT('Control Point',(17.0334022862,-141.233725622,-87.5699422629)) ;
#357=CARTESIAN_POINT('Control Point',(17.0334022862,-123.881707087,-110.764537151)) ;
#358=CARTESIAN_POINT('Control Point',(17.0334022862,-124.148092692,-110.46660512)) ;
#359=CARTESIAN_POINT('Control Point',(17.2106844727,-124.413458529,-110.168011096)) ;
#360=CARTESIAN_POINT('Control Point',(17.565230989,-124.656770243,-109.892286273)) ;
#361=CARTESIAN_POINT('Control Point',(18.3583377779,-125.011227117,-109.488723762)) ;
#362=CARTESIAN_POINT('Control Point',(19.3928272834,-125.273424883,-109.188203827)) ;
#363=CARTESIAN_POINT('Control Point',(19.841719381,-125.36434419,-109.08374375)) ;
#364=CARTESIAN_POINT('Control Point',(21.1518965526,-125.575974597,-108.840188363)) ;
#365=CARTESIAN_POINT('Control Point',(22.5820066918,-125.673933304,-108.726822648)) ;
#366=CARTESIAN_POINT('Control Point',(23.5163339308,-125.692249719,-108.705614991)) ;
#367=CARTESIAN_POINT('Control Point',(25.1352213535,-125.647754569,-108.75720664)) ;
#368=CARTESIAN_POINT('Control Point',(26.6627214263,-125.465445855,-108.967450314)) ;
#369=CARTESIAN_POINT('Control Point',(27.285061935,-125.36236304,-109.086142147)) ;
#370=CARTESIAN_POINT('Control Point',(28.5282370319,-125.083328556,-109.406504371)) ;
#371=CARTESIAN_POINT('Control Point',(29.4646454478,-124.681692794,-109.864039563)) ;
#372=CARTESIAN_POINT('Control Point',(29.8436280568,-124.43183781,-110.147328255)) ;
#373=CARTESIAN_POINT('Control Point',(30.0334022862,-124.157318261,-110.456287023)) ;
#374=CARTESIAN_POINT('Control Point',(30.0334022862,-123.881707087,-110.764537151)) ;
#375=CARTESIAN_POINT('Vertex',(17.0334022862,-123.881707087,-110.764537151)) ;
#377=CARTESIAN_POINT('Vertex',(30.0334022862,-123.881707087,-110.764537151)) ;
#381=CARTESIAN_POINT('Control Point',(30.0334022862,-123.881707087,-110.764537151)) ;
#382=CARTESIAN_POINT('Control Point',(30.0334022862,-123.615179015,-111.06262852)) ;
#383=CARTESIAN_POINT('Control Point',(29.8559304263,-123.347631133,-111.360056014)) ;
#384=CARTESIAN_POINT('Control Point',(29.5013001178,-123.100122901,-111.633264894)) ;
#385=CARTESIAN_POINT('Control Point',(28.7081820848,-122.737290359,-112.031898208)) ;
#386=CARTESIAN_POINT('Control Point',(27.6735744058,-122.466497728,-112.327432771)) ;
#387=CARTESIAN_POINT('Control Point',(27.2246016332,-122.372292426,-112.429997126)) ;
#388=CARTESIAN_POINT('Control Point',(25.9176643758,-122.153130452,-112.668207495)) ;
#389=CARTESIAN_POINT('Control Point',(24.4911232572,-122.050642519,-112.778988873)) ;
#390=CARTESIAN_POINT('Control Point',(23.5604265787,-122.031214908,-112.799977705)) ;
#391=CARTESIAN_POINT('Control Point',(21.9463820077,-122.076882027,-112.7507108)) ;
#392=CARTESIAN_POINT('Control Point',(20.4225071138,-122.26475844,-112.546932605)) ;
#393=CARTESIAN_POINT('Control Point',(19.8008221596,-122.370982703,-112.431538544)) ;
#394=CARTESIAN_POINT('Control Point',(18.5522013604,-122.658904943,-112.117865535)) ;
#395=CARTESIAN_POINT('Control Point',(17.609454761,-123.070058841,-111.666444314)) ;
#396=CARTESIAN_POINT('Control Point',(17.2257427376,-123.325665046,-111.384472234)) ;
#397=CARTESIAN_POINT('Control Point',(17.0334022862,-123.604238691,-111.07486444)) ;
#398=CARTESIAN_POINT('Control Point',(17.0334022862,-123.881707087,-110.764537151)) ;
#405=CARTESIAN_POINT('Control Point',(17.0334022862,-102.765605569,-130.593607627)) ;
#406=CARTESIAN_POINT('Control Point',(17.0334022862,-103.079679533,-130.346459228)) ;
#407=CARTESIAN_POINT('Control Point',(17.2106844727,-103.392864174,-130.098481812)) ;
#408=CARTESIAN_POINT('Control Point',(17.565230989,-103.68035855,-129.869196504)) ;
#409=CARTESIAN_POINT('Control Point',(18.3583377779,-104.099508322,-129.533315805)) ;
#410=CARTESIAN_POINT('Control Point',(19.3928272834,-104.409907454,-129.282891607)) ;
#411=CARTESIAN_POINT('Control Point',(19.841719381,-104.517584795,-129.195806485)) ;
#412=CARTESIAN_POINT('Control Point',(21.1518965526,-104.76829301,-128.992700487)) ;
#413=CARTESIAN_POINT('Control Point',(22.5820066918,-104.884449253,-128.898067403)) ;
#414=CARTESIAN_POINT('Control Point',(23.5163339308,-104.906170072,-128.88036255)) ;
#415=CARTESIAN_POINT('Control Point',(25.1352213535,-104.853392107,-128.923443904)) ;
#416=CARTESIAN_POINT('Control Point',(26.6627214263,-104.637344641,-129.098835928)) ;
#417=CARTESIAN_POINT('Control Point',(27.285061935,-104.515217265,-129.197824422)) ;
#418=CARTESIAN_POINT('Control Point',(28.5282370319,-104.184791625,-129.464865795)) ;
#419=CARTESIAN_POINT('Control Point',(29.4646454478,-103.709807461,-129.845706681)) ;
#420=CARTESIAN_POINT('Control Point',(29.8436280567,-103.414555771,-130.081304718)) ;
#421=CARTESIAN_POINT('Control Point',(30.0334022862,-103.090556663,-130.337899889)) ;
#422=CARTESIAN_POINT('Control Point',(30.0334022862,-102.765605569,-130.593607627)) ;
#423=CARTESIAN_POINT('Vertex',(17.0334022862,-102.765605569,-130.593607627)) ;
#425=CARTESIAN_POINT('Vertex',(30.0334022862,-102.765605569,-130.593607627)) ;
#429=CARTESIAN_POINT('Control Point',(30.0334022862,-102.765605569,-130.593607627)) ;
#430=CARTESIAN_POINT('Control Point',(30.0334022862,-102.451363634,-130.840888205)) ;
#431=CARTESIAN_POINT('Control Point',(29.8559304263,-102.136232664,-131.087337905)) ;
#432=CARTESIAN_POINT('Control Point',(29.5013001178,-101.845042414,-131.313416774)) ;
#433=CARTESIAN_POINT('Control Point',(28.7081820848,-101.418500165,-131.642988743)) ;
#434=CARTESIAN_POINT('Control Point',(27.6735744058,-101.100502444,-131.887010824)) ;
#435=CARTESIAN_POINT('Control Point',(27.2246016332,-100.989918219,-131.971658417)) ;
#436=CARTESIAN_POINT('Control Point',(25.9176643758,-100.732721011,-132.168192758)) ;
#437=CARTESIAN_POINT('Control Point',(24.4911232571,-100.612553116,-132.259494276)) ;
#438=CARTESIAN_POINT('Control Point',(23.5604265789,-100.589775982,-132.276790671)) ;
#439=CARTESIAN_POINT('Control Point',(21.9463820077,-100.643304423,-132.236202252)) ;
#440=CARTESIAN_POINT('Control Point',(20.4225071138,-100.863712283,-132.068144304)) ;
#441=CARTESIAN_POINT('Control Point',(19.8008221596,-100.988360729,-131.972948987)) ;
#442=CARTESIAN_POINT('Control Point',(18.5522013604,-101.326377529,-131.714038548)) ;
#443=CARTESIAN_POINT('Control Point',(17.609454761,-101.809673549,-131.340871554)) ;
#444=CARTESIAN_POINT('Control Point',(17.2257427376,-102.110360459,-131.107568816)) ;
#445=CARTESIAN_POINT('Control Point',(17.0334022862,-102.438464773,-130.851038466)) ;
#446=CARTESIAN_POINT('Control Point',(17.0334022862,-102.765605569,-130.593607627)) ;
#453=CARTESIAN_POINT('Axis2P3D Location',(105.2,158.69934082,0.)) ;
#458=CARTESIAN_POINT('Axis2P3D Location',(105.2,0.,0.)) ;
#462=CARTESIAN_POINT('Vertex',(105.2,-166.103762874,-5.)) ;
#465=CARTESIAN_POINT('Line Origine',(105.2,-85.5112067304,-138.109754674)) ;
#469=CARTESIAN_POINT('Vertex',(105.2,-83.6404050048,-134.869431034)) ;
#472=CARTESIAN_POINT('Axis2P3D Location',(105.2,0.,0.)) ;
#476=CARTESIAN_POINT('Vertex',(105.2,-139.271774087,-76.0845169489)) ;
#479=CARTESIAN_POINT('Axis2P3D Location',(105.2,0.,0.)) ;
#483=CARTESIAN_POINT('Vertex',(105.2,-158.620555972,-5.)) ;
#486=CARTESIAN_POINT('Line Origine',(105.2,-162.362159423,-5.)) ;
#500=CARTESIAN_POINT('Line Origine',(52.6,-166.103762874,-5.)) ;
#504=CARTESIAN_POINT('Vertex',(0.,-166.103762874,-5.)) ;
#506=CARTESIAN_POINT('Vertex',(17.055135635,-166.103762874,-5.)) ;
#509=CARTESIAN_POINT('Axis2P3D Location',(0.,0.,0.)) ;
#514=CARTESIAN_POINT('Line Origine',(52.6,-166.103762874,-5.)) ;
#518=CARTESIAN_POINT('Vertex',(79.2881704388,-166.103762874,-5.)) ;
#521=CARTESIAN_POINT('Line Origine',(52.6,-166.103762874,-5.)) ;
#525=CARTESIAN_POINT('Vertex',(38.0854836712,-166.103762874,-5.)) ;
#528=CARTESIAN_POINT('Line Origine',(52.6,-166.103762874,-5.)) ;
#532=CARTESIAN_POINT('Vertex',(30.0116689374,-166.103762874,-5.)) ;
#536=CARTESIAN_POINT('Control Point',(30.0116689374,-166.103762874,-5.)) ;
#537=CARTESIAN_POINT('Control Point',(30.0261277353,-166.101554638,-5.07335926249)) ;
#538=CARTESIAN_POINT('Control Point',(30.0334022862,-166.099284108,-5.14716490676)) ;
#539=CARTESIAN_POINT('Control Point',(30.0334022862,-166.096965391,-5.22093179662)) ;
#540=CARTESIAN_POINT('Vertex',(30.0334022862,-166.096965391,-5.22093179662)) ;
#544=CARTESIAN_POINT('Control Point',(30.0334022862,-166.096965391,-5.22093179662)) ;
#545=CARTESIAN_POINT('Control Point',(30.0334022862,-166.084402481,-5.62060397656)) ;
#546=CARTESIAN_POINT('Control Point',(29.8559304263,-166.070631621,-6.02042311891)) ;
#547=CARTESIAN_POINT('Control Point',(29.5013001178,-166.056644598,-6.3888084872)) ;
#548=CARTESIAN_POINT('Control Point',(28.7081820848,-166.034935301,-6.92740358532)) ;
#549=CARTESIAN_POINT('Control Point',(27.6735744059,-166.017462066,-7.32785834267)) ;
#550=CARTESIAN_POINT('Control Point',(27.2246016331,-166.011223714,-7.46698119806)) ;
#551=CARTESIAN_POINT('Control Point',(25.9176643758,-165.996454576,-7.79033552848)) ;
#552=CARTESIAN_POINT('Control Point',(24.4911232572,-165.989153162,-7.94107696116)) ;
#553=CARTESIAN_POINT('Control Point',(23.5604265788,-165.987762109,-7.96964316686)) ;
#554=CARTESIAN_POINT('Control Point',(21.9463820077,-165.991076996,-7.90254826955)) ;
#555=CARTESIAN_POINT('Control Point',(20.4225071138,-166.004012579,-7.62568048597)) ;
#556=CARTESIAN_POINT('Control Point',(19.8008221596,-166.011211212,-7.4690038663)) ;
#557=CARTESIAN_POINT('Control Point',(18.5522013604,-166.030147321,-7.04364355244)) ;
#558=CARTESIAN_POINT('Control Point',(17.6094547609,-166.054941512,-6.43355020271)) ;
#559=CARTESIAN_POINT('Control Point',(17.2257427377,-166.069499066,-6.0532465566)) ;
#560=CARTESIAN_POINT('Control Point',(17.0334022862,-166.083886805,-5.63700953915)) ;
#561=CARTESIAN_POINT('Control Point',(17.0334022862,-166.096965391,-5.22093179662)) ;
#562=CARTESIAN_POINT('Vertex',(17.0334022862,-166.096965391,-5.22093179662)) ;
#566=CARTESIAN_POINT('Control Point',(17.055135635,-166.103762874,-5.)) ;
#567=CARTESIAN_POINT('Control Point',(17.040676837,-166.101554638,-5.07335926249)) ;
#568=CARTESIAN_POINT('Control Point',(17.0334022862,-166.099284108,-5.14716490676)) ;
#569=CARTESIAN_POINT('Control Point',(17.0334022862,-166.096965391,-5.22093179662)) ;
#584=CARTESIAN_POINT('Control Point',(17.0334022862,-162.666973977,-33.9840494675)) ;
#585=CARTESIAN_POINT('Control Point',(17.0334022862,-162.748704663,-33.5928399576)) ;
#586=CARTESIAN_POINT('Control Point',(17.2106844727,-162.829221207,-33.201567029)) ;
#587=CARTESIAN_POINT('Control Point',(17.565230989,-162.90207292,-32.8411264705)) ;
#588=CARTESIAN_POINT('Control Point',(18.3583377779,-163.007260323,-32.314402647)) ;
#589=CARTESIAN_POINT('Control Point',(19.3928272834,-163.084070281,-31.9230458663)) ;
#590=CARTESIAN_POINT('Control Point',(19.841719381,-163.110578672,-31.787121132)) ;
#591=CARTESIAN_POINT('Control Point',(21.1518965526,-163.172078288,-31.4703807762)) ;
#592=CARTESIAN_POINT('Control Point',(22.5820066918,-163.200230158,-31.3232238342)) ;
#593=CARTESIAN_POINT('Control Point',(23.5163339307,-163.205488811,-31.2956992567)) ;
#594=CARTESIAN_POINT('Control Point',(25.1352213535,-163.192750706,-31.3626265101)) ;
#595=CARTESIAN_POINT('Control Point',(26.6627214263,-163.139988564,-31.6358572299)) ;
#596=CARTESIAN_POINT('Control Point',(27.2850619349,-163.110062145,-31.79018878)) ;
#597=CARTESIAN_POINT('Control Point',(28.5282370318,-163.028592305,-32.2071478467)) ;
#598=CARTESIAN_POINT('Control Point',(29.4646454478,-162.909533128,-32.8042028263)) ;
#599=CARTESIAN_POINT('Control Point',(29.8436280568,-162.834796711,-33.1744655227)) ;
#600=CARTESIAN_POINT('Control Point',(30.0334022862,-162.751535191,-33.5792914388)) ;
#601=CARTESIAN_POINT('Control Point',(30.0334022862,-162.666973977,-33.9840494675)) ;
#602=CARTESIAN_POINT('Vertex',(17.0334022862,-162.666973977,-33.9840494675)) ;
#604=CARTESIAN_POINT('Vertex',(30.0334022862,-162.666973977,-33.9840494675)) ;
#608=CARTESIAN_POINT('Control Point',(30.0334022862,-162.666973977,-33.9840494675)) ;
#609=CARTESIAN_POINT('Control Point',(30.0334022862,-162.58519958,-34.3754682025)) ;
#610=CARTESIAN_POINT('Control Point',(29.8559304263,-162.502210065,-34.766821909)) ;
#611=CARTESIAN_POINT('Control Point',(29.5013001178,-162.424466089,-35.1271818547)) ;
#612=CARTESIAN_POINT('Control Point',(28.7081820848,-162.309560546,-35.653824703)) ;
#613=CARTESIAN_POINT('Control Point',(27.6735744059,-162.22281453,-36.0451614574)) ;
#614=CARTESIAN_POINT('Control Point',(27.2246016331,-162.192512523,-36.1810874456)) ;
#615=CARTESIAN_POINT('Control Point',(25.9176643758,-162.121817871,-36.4969646632)) ;
#616=CARTESIAN_POINT('Control Point',(24.4911232572,-162.088451407,-36.6441481176)) ;
#617=CARTESIAN_POINT('Control Point',(23.5604265788,-162.082121017,-36.6720387847)) ;
#618=CARTESIAN_POINT('Control Point',(21.9463820077,-162.09703645,-36.6065388337)) ;
#619=CARTESIAN_POINT('Control Point',(20.4225071137,-162.157853099,-36.3361235343)) ;
#620=CARTESIAN_POINT('Control Point',(19.8008221597,-162.192148978,-36.1830772141)) ;
#621=CARTESIAN_POINT('Control Point',(18.5522013604,-162.284660448,-35.7674672999)) ;
#622=CARTESIAN_POINT('Control Point',(17.6094547609,-162.415019558,-35.1709481052)) ;
#623=CARTESIAN_POINT('Control Point',(17.2257427377,-162.495394986,-34.7989500187)) ;
#624=CARTESIAN_POINT('Control Point',(17.0334022862,-162.581842942,-34.3915349814)) ;
#625=CARTESIAN_POINT('Control Point',(17.0334022862,-162.666973977,-33.9840494675)) ;
#632=CARTESIAN_POINT('Control Point',(17.0334022862,-154.294428872,-61.714578992)) ;
#633=CARTESIAN_POINT('Control Point',(17.0334022862,-154.442850703,-61.3435052183)) ;
#634=CARTESIAN_POINT('Control Point',(17.2106844727,-154.590087851,-60.9721581558)) ;
#635=CARTESIAN_POINT('Control Point',(17.565230989,-154.72442263,-60.6298440666)) ;
#636=CARTESIAN_POINT('Control Point',(18.3583377779,-154.919476631,-60.1293879622)) ;
#637=CARTESIAN_POINT('Control Point',(19.3928272834,-155.063078065,-59.7573146796)) ;
#638=CARTESIAN_POINT('Control Point',(19.841719381,-155.112786817,-59.6280580815)) ;
#639=CARTESIAN_POINT('Control Point',(21.1518965527,-155.228353501,-59.3268090195)) ;
#640=CARTESIAN_POINT('Control Point',(22.582006692,-155.281631216,-59.186776243)) ;
#641=CARTESIAN_POINT('Control Point',(23.5163339306,-155.291589571,-59.1605829812)) ;
#642=CARTESIAN_POINT('Control Point',(25.1352213534,-155.26742319,-59.2242815104)) ;
#643=CARTESIAN_POINT('Control Point',(26.6627214263,-155.168016607,-59.484199192)) ;
#644=CARTESIAN_POINT('Control Point',(27.285061935,-155.111745445,-59.6309894308)) ;
#645=CARTESIAN_POINT('Control Point',(28.5282370318,-154.959109133,-60.0274668631)) ;
#646=CARTESIAN_POINT('Control Point',(29.4646454478,-154.738181224,-60.594776827)) ;
#647=CARTESIAN_POINT('Control Point',(29.8436280568,-154.600284778,-60.9464365583)) ;
#648=CARTESIAN_POINT('Control Point',(30.0334022862,-154.447990905,-61.3306540481)) ;
#649=CARTESIAN_POINT('Control Point',(30.0334022862,-154.294428872,-61.714578992)) ;
#650=CARTESIAN_POINT('Vertex',(17.0334022862,-154.294428872,-61.714578992)) ;
#652=CARTESIAN_POINT('Vertex',(30.0334022862,-154.294428872,-61.714578992)) ;
#656=CARTESIAN_POINT('Control Point',(30.0334022862,-154.294428872,-61.714578992)) ;
#657=CARTESIAN_POINT('Control Point',(30.0334022862,-154.145927662,-62.085851222)) ;
#658=CARTESIAN_POINT('Control Point',(29.8559304263,-153.996241086,-62.4568484082)) ;
#659=CARTESIAN_POINT('Control Point',(29.5013001178,-153.857102367,-62.7982335768)) ;
#660=CARTESIAN_POINT('Control Point',(28.7081820848,-153.652491927,-63.2969223989)) ;
#661=CARTESIAN_POINT('Control Point',(27.6735744058,-153.499108864,-63.6672505811)) ;
#662=CARTESIAN_POINT('Control Point',(27.2246016332,-153.445663912,-63.7958496597)) ;
#663=CARTESIAN_POINT('Control Point',(25.9176643758,-153.321191767,-64.094651995)) ;
#664=CARTESIAN_POINT('Control Point',(24.4911232573,-153.262774076,-64.2338053764)) ;
#665=CARTESIAN_POINT('Control Point',(23.5604265787,-153.251696696,-64.260173061)) ;
#666=CARTESIAN_POINT('Control Point',(21.9463820077,-153.277759477,-64.1982582391)) ;
#667=CARTESIAN_POINT('Control Point',(20.4225071139,-153.384609309,-63.9425118561)) ;
#668=CARTESIAN_POINT('Control Point',(19.8008221596,-153.444960371,-63.7977460703)) ;
#669=CARTESIAN_POINT('Control Point',(18.5522013604,-153.608236288,-63.4045146526)) ;
#670=CARTESIAN_POINT('Control Point',(17.609454761,-153.840199422,-62.8396945469)) ;
#671=CARTESIAN_POINT('Control Point',(17.2257427377,-153.983950555,-62.4873049936)) ;
#672=CARTESIAN_POINT('Control Point',(17.0334022862,-154.139832051,-62.1010910363)) ;
#673=CARTESIAN_POINT('Control Point',(17.0334022862,-154.294428872,-61.714578992)) ;
#680=CARTESIAN_POINT('Axis2P3D Location',(0.,166.179,0.)) ;
#685=CARTESIAN_POINT('Line Origine',(0.,-161.932902699,-5.)) ;
#689=CARTESIAN_POINT('Vertex',(0.,-157.762042524,-5.)) ;
#692=CARTESIAN_POINT('Line Origine',(0.,-157.762042524,1.42108547152E-013)) ;
#696=CARTESIAN_POINT('Vertex',(0.,-157.762042524,5.)) ;
#699=CARTESIAN_POINT('Line Origine',(0.,-161.932902699,5.)) ;
#703=CARTESIAN_POINT('Vertex',(0.,-166.103762874,5.)) ;
#706=CARTESIAN_POINT('Axis2P3D Location',(0.,0.,0.)) ;
#710=CARTESIAN_POINT('Vertex',(0.,-87.3820084561,141.350078313)) ;
#713=CARTESIAN_POINT('Line Origine',(0.,-85.2965783684,137.738007446)) ;
#717=CARTESIAN_POINT('Vertex',(0.,-83.2111482807,134.125936578)) ;
#720=CARTESIAN_POINT('Line Origine',(0.,-78.8810212618,136.625936578)) ;
#724=CARTESIAN_POINT('Vertex',(0.,-74.5508942429,139.125936578)) ;
#727=CARTESIAN_POINT('Line Origine',(0.,-76.6363243305,142.738007446)) ;
#731=CARTESIAN_POINT('Vertex',(0.,-78.7217544182,146.350078313)) ;
#734=CARTESIAN_POINT('Axis2P3D Location',(0.,0.,0.)) ;
#738=CARTESIAN_POINT('Vertex',(0.,78.7217544182,146.350078313)) ;
#741=CARTESIAN_POINT('Line Origine',(0.,76.6363243305,142.738007446)) ;
#745=CARTESIAN_POINT('Vertex',(0.,74.5508942429,139.125936578)) ;
#748=CARTESIAN_POINT('Line Origine',(0.,78.8810212618,136.625936578)) ;
#752=CARTESIAN_POINT('Vertex',(0.,83.2111482807,134.125936578)) ;
#755=CARTESIAN_POINT('Line Origine',(0.,85.2965783684,137.738007446)) ;
#759=CARTESIAN_POINT('Vertex',(0.,87.3820084561,141.350078313)) ;
#762=CARTESIAN_POINT('Axis2P3D Location',(0.,0.,0.)) ;
#766=CARTESIAN_POINT('Vertex',(0.,145.835792552,79.6704565797)) ;
#769=CARTESIAN_POINT('Axis2P3D Location',(0.,0.,0.)) ;
#773=CARTESIAN_POINT('Vertex',(0.,166.103762874,5.)) ;
#776=CARTESIAN_POINT('Line Origine',(0.,161.932902699,5.)) ;
#780=CARTESIAN_POINT('Vertex',(0.,157.762042524,5.)) ;
#783=CARTESIAN_POINT('Line Origine',(0.,157.762042524,-1.98951966013E-013)) ;
#787=CARTESIAN_POINT('Vertex',(0.,157.762042524,-5.)) ;
#790=CARTESIAN_POINT('Line Origine',(0.,161.932902699,-5.)) ;
#794=CARTESIAN_POINT('Vertex',(0.,166.103762874,-5.)) ;
#797=CARTESIAN_POINT('Axis2P3D Location',(0.,0.,0.)) ;
#801=CARTESIAN_POINT('Vertex',(0.,87.3820084561,-141.350078313)) ;
#804=CARTESIAN_POINT('Line Origine',(0.,85.2965783684,-137.738007446)) ;
#808=CARTESIAN_POINT('Vertex',(0.,83.2111482807,-134.125936578)) ;
#811=CARTESIAN_POINT('Line Origine',(0.,78.8810212618,-136.625936578)) ;
#815=CARTESIAN_POINT('Vertex',(0.,74.5508942429,-139.125936578)) ;
#818=CARTESIAN_POINT('Line Origine',(0.,76.6363243305,-142.738007446)) ;
#822=CARTESIAN_POINT('Vertex',(0.,78.7217544182,-146.350078313)) ;
#825=CARTESIAN_POINT('Axis2P3D Location',(0.,0.,0.)) ;
#829=CARTESIAN_POINT('Vertex',(0.,-78.7217544182,-146.350078313)) ;
#832=CARTESIAN_POINT('Line Origine',(0.,-76.6363243305,-142.738007446)) ;
#836=CARTESIAN_POINT('Vertex',(0.,-74.5508942429,-139.125936578)) ;
#839=CARTESIAN_POINT('Line Origine',(0.,-78.8810212618,-136.625936578)) ;
#843=CARTESIAN_POINT('Vertex',(0.,-83.2111482807,-134.125936578)) ;
#846=CARTESIAN_POINT('Line Origine',(0.,-85.2965783684,-137.738007446)) ;
#880=CARTESIAN_POINT('Axis2P3D Location',(0.,-83.2111482807,-134.125936578)) ;
#885=CARTESIAN_POINT('Line Origine',(79.2881704388,-85.3484207737,-137.827801126)) ;
#889=CARTESIAN_POINT('Vertex',(79.2881704388,-83.3148330914,-134.305523938)) ;
#892=CARTESIAN_POINT('Line Origine',(53.7055151071,-83.3148330914,-134.305523938)) ;
#896=CARTESIAN_POINT('Vertex',(28.1228597754,-83.3148330914,-134.305523938)) ;
#899=CARTESIAN_POINT('Line Origine',(33.1041717233,-85.3484207737,-137.827801126)) ;
#904=CARTESIAN_POINT('Line Origine',(56.2658708165,-83.2111482807,-134.125936578)) ;
#908=CARTESIAN_POINT('Vertex',(112.531741633,-83.2111482807,-134.125936578)) ;
#912=CARTESIAN_POINT('Control Point',(112.531741633,-83.2111482807,-134.125936578)) ;
#913=CARTESIAN_POINT('Control Point',(112.265393621,-83.2969997572,-134.274635697)) ;
#914=CARTESIAN_POINT('Control Point',(111.999045451,-83.3828511675,-134.423334702)) ;
#915=CARTESIAN_POINT('Control Point',(111.732697122,-83.4687025123,-134.572033593)) ;
#916=CARTESIAN_POINT('Control Point',(111.466348639,-83.5545537913,-134.72073237)) ;
#917=CARTESIAN_POINT('Control Point',(111.2,-83.6404050048,-134.869431034)) ;
#918=CARTESIAN_POINT('Vertex',(111.2,-83.6404050048,-134.869431034)) ;
#921=CARTESIAN_POINT('Line Origine',(108.2,-83.6404050048,-134.869431034)) ;
#939=CARTESIAN_POINT('Axis2P3D Location',(58.6,0.,0.)) ;
#944=CARTESIAN_POINT('Axis2P3D Location',(111.2,0.,0.)) ;
#948=CARTESIAN_POINT('Vertex',(111.2,-139.271774087,-76.0845169489)) ;
#951=CARTESIAN_POINT('Line Origine',(108.2,-139.271774087,-76.0845169489)) ;
#963=CARTESIAN_POINT('Axis2P3D Location',(111.2,0.,0.)) ;
#967=CARTESIAN_POINT('Vertex',(111.2,-158.620555972,-5.)) ;
#970=CARTESIAN_POINT('Line Origine',(108.2,-158.620555972,-5.)) ;
#982=CARTESIAN_POINT('Axis2P3D Location',(0.,-157.762042524,-5.)) ;
#987=CARTESIAN_POINT('Line Origine',(33.1041717233,-162.03658751,-5.)) ;
#991=CARTESIAN_POINT('Vertex',(28.1228597754,-157.969412145,-5.)) ;
#994=CARTESIAN_POINT('Line Origine',(53.7055151071,-157.969412145,-5.)) ;
#998=CARTESIAN_POINT('Vertex',(79.2881704388,-157.969412145,-5.)) ;
#1001=CARTESIAN_POINT('Line Origine',(79.2881704388,-162.03658751,-5.)) ;
#1007=CARTESIAN_POINT('Control Point',(112.531741633,-157.762042524,-5.)) ;
#1008=CARTESIAN_POINT('Control Point',(112.265393621,-157.933745476,-5.)) ;
#1009=CARTESIAN_POINT('Control Point',(111.999045451,-158.105448297,-5.)) ;
#1010=CARTESIAN_POINT('Control Point',(111.732697122,-158.277150987,-5.)) ;
#1011=CARTESIAN_POINT('Control Point',(111.466348639,-158.448853545,-5.)) ;
#1012=CARTESIAN_POINT('Control Point',(111.2,-158.620555972,-5.)) ;
#1013=CARTESIAN_POINT('Vertex',(112.531741633,-157.762042524,-5.)) ;
#1016=CARTESIAN_POINT('Line Origine',(56.2658708165,-157.762042524,-5.)) ;
#1022=CARTESIAN_POINT('Control Point',(17.1102343229,-165.005049086,-5.)) ;
#1023=CARTESIAN_POINT('Control Point',(17.0958084147,-165.224600386,-5.)) ;
#1024=CARTESIAN_POINT('Control Point',(17.0830984488,-165.444263744,-5.)) ;
#1025=CARTESIAN_POINT('Control Point',(17.072088878,-165.664040691,-5.)) ;
#1026=CARTESIAN_POINT('Control Point',(17.0627708162,-165.883872743,-5.)) ;
#1027=CARTESIAN_POINT('Control Point',(17.055135635,-166.103762874,-5.)) ;
#1028=CARTESIAN_POINT('Vertex',(17.1102343229,-165.005049086,-5.)) ;
#1031=CARTESIAN_POINT('Line Origine',(23.5334022862,-165.005049086,-5.)) ;
#1035=CARTESIAN_POINT('Vertex',(29.9565702495,-165.005049086,-5.)) ;
#1039=CARTESIAN_POINT('Control Point',(29.9565702495,-165.005049086,-5.)) ;
#1040=CARTESIAN_POINT('Control Point',(29.9709961576,-165.224600386,-5.)) ;
#1041=CARTESIAN_POINT('Control Point',(29.9837061236,-165.444263744,-5.)) ;
#1042=CARTESIAN_POINT('Control Point',(29.9947156944,-165.664040691,-5.)) ;
#1043=CARTESIAN_POINT('Control Point',(30.0040337561,-165.883872743,-5.)) ;
#1044=CARTESIAN_POINT('Control Point',(30.0116689374,-166.103762874,-5.)) ;
#1063=CARTESIAN_POINT('Axis2P3D Location',(0.,-83.2111482807,-134.125936578)) ;
#1068=CARTESIAN_POINT('Line Origine',(56.2658708165,-74.5508942429,-139.125936578)) ;
#1072=CARTESIAN_POINT('Vertex',(112.531741633,-74.5508942429,-139.125936578)) ;
#1076=CARTESIAN_POINT('Control Point',(112.531741633,-83.2111482807,-134.125936578)) ;
#1077=CARTESIAN_POINT('Control Point',(112.630004514,-81.4802125295,-135.1252928)) ;
#1078=CARTESIAN_POINT('Control Point',(112.67931188,-79.7476028361,-136.125615473)) ;
#1079=CARTESIAN_POINT('Control Point',(112.67931188,-78.0144396875,-137.126257684)) ;
#1080=CARTESIAN_POINT('Control Point',(112.630004514,-76.2818299941,-138.126580356)) ;
#1081=CARTESIAN_POINT('Control Point',(112.531741633,-74.5508942429,-139.125936578)) ;
#1090=CARTESIAN_POINT('Axis2P3D Location',(0.,-74.5508942429,-139.125936578)) ;
#1095=CARTESIAN_POINT('Line Origine',(34.0485763043,-78.7217544182,-146.350078313)) ;
#1099=CARTESIAN_POINT('Vertex',(30.0116689374,-78.7217544182,-146.350078313)) ;
#1101=CARTESIAN_POINT('Vertex',(38.0854836712,-78.7217544182,-146.350078313)) ;
#1104=CARTESIAN_POINT('Line Origine',(33.1041717233,-76.6881667359,-142.827801126)) ;
#1108=CARTESIAN_POINT('Vertex',(28.1228597754,-74.6545790536,-139.305523938)) ;
#1111=CARTESIAN_POINT('Line Origine',(53.7055151071,-74.6545790536,-139.305523938)) ;
#1115=CARTESIAN_POINT('Vertex',(79.2881704388,-74.6545790536,-139.305523938)) ;
#1118=CARTESIAN_POINT('Line Origine',(79.2881704388,-76.6881667359,-142.827801126)) ;
#1122=CARTESIAN_POINT('Vertex',(79.2881704388,-78.7217544182,-146.350078313)) ;
#1125=CARTESIAN_POINT('Line Origine',(92.2440852194,-78.7217544182,-146.350078313)) ;
#1129=CARTESIAN_POINT('Vertex',(105.2,-78.7217544182,-146.350078313)) ;
#1132=CARTESIAN_POINT('Line Origine',(105.2,-76.8509526926,-143.109754674)) ;
#1136=CARTESIAN_POINT('Vertex',(105.2,-74.980150967,-139.869431034)) ;
#1139=CARTESIAN_POINT('Line Origine',(108.2,-74.980150967,-139.869431034)) ;
#1143=CARTESIAN_POINT('Vertex',(111.2,-74.980150967,-139.869431034)) ;
#1147=CARTESIAN_POINT('Control Point',(112.531741633,-74.5508942429,-139.125936578)) ;
#1148=CARTESIAN_POINT('Control Point',(112.265393621,-74.6367457193,-139.274635697)) ;
#1149=CARTESIAN_POINT('Control Point',(111.999045451,-74.7225971297,-139.423334702)) ;
#1150=CARTESIAN_POINT('Control Point',(111.732697122,-74.8084484745,-139.572033593)) ;
#1151=CARTESIAN_POINT('Control Point',(111.466348639,-74.8942997534,-139.72073237)) ;
#1152=CARTESIAN_POINT('Control Point',(111.2,-74.980150967,-139.869431034)) ;
#1154=CARTESIAN_POINT('Line Origine',(8.52756781749,-78.7217544182,-146.350078313)) ;
#1158=CARTESIAN_POINT('Vertex',(17.055135635,-78.7217544182,-146.350078313)) ;
#1162=CARTESIAN_POINT('Control Point',(17.1102343229,-78.1723975241,-145.398564261)) ;
#1163=CARTESIAN_POINT('Control Point',(17.0958084147,-78.2821731741,-145.588701264)) ;
#1164=CARTESIAN_POINT('Control Point',(17.0830984488,-78.3920048533,-145.778935313)) ;
#1165=CARTESIAN_POINT('Control Point',(17.072088878,-78.5018933267,-145.969267732)) ;
#1166=CARTESIAN_POINT('Control Point',(17.0627708162,-78.6118093527,-146.159647874)) ;
#1167=CARTESIAN_POINT('Control Point',(17.055135635,-78.7217544182,-146.350078313)) ;
#1168=CARTESIAN_POINT('Vertex',(17.1102343229,-78.1723975241,-145.398564261)) ;
#1171=CARTESIAN_POINT('Line Origine',(23.5334022862,-78.1723975241,-145.398564261)) ;
#1175=CARTESIAN_POINT('Vertex',(29.9565702495,-78.1723975241,-145.398564261)) ;
#1179=CARTESIAN_POINT('Control Point',(29.9565702495,-78.1723975241,-145.398564261)) ;
#1180=CARTESIAN_POINT('Control Point',(29.9709961576,-78.2821731741,-145.588701264)) ;
#1181=CARTESIAN_POINT('Control Point',(29.9837061236,-78.3920048533,-145.778935313)) ;
#1182=CARTESIAN_POINT('Control Point',(29.9947156944,-78.5018933267,-145.969267732)) ;
#1183=CARTESIAN_POINT('Control Point',(30.0040337561,-78.6118093527,-146.159647874)) ;
#1184=CARTESIAN_POINT('Control Point',(30.0116689374,-78.7217544182,-146.350078313)) ;
#1203=CARTESIAN_POINT('Line Origine',(52.6,78.7217544182,-146.350078313)) ;
#1207=CARTESIAN_POINT('Vertex',(38.0854836712,78.7217544182,-146.350078313)) ;
#1210=CARTESIAN_POINT('Line Origine',(52.6,78.7217544182,-146.350078313)) ;
#1214=CARTESIAN_POINT('Vertex',(79.2881704388,78.7217544182,-146.350078313)) ;
#1217=CARTESIAN_POINT('Line Origine',(52.6,78.7217544182,-146.350078313)) ;
#1221=CARTESIAN_POINT('Vertex',(105.2,78.7217544182,-146.350078313)) ;
#1224=CARTESIAN_POINT('Axis2P3D Location',(105.2,0.,0.)) ;
#1229=CARTESIAN_POINT('Line Origine',(52.6,-78.7217544182,-146.350078313)) ;
#1235=CARTESIAN_POINT('Control Point',(30.0116689374,-78.7217544182,-146.350078313)) ;
#1236=CARTESIAN_POINT('Control Point',(30.0261277353,-78.6571193153,-146.384845556)) ;
#1237=CARTESIAN_POINT('Control Point',(30.0334022862,-78.5920664875,-146.419782042)) ;
#1238=CARTESIAN_POINT('Control Point',(30.0334022862,-78.5270231283,-146.454657419)) ;
#1239=CARTESIAN_POINT('Vertex',(30.0334022862,-78.5270231283,-146.454657419)) ;
#1243=CARTESIAN_POINT('Control Point',(30.0334022862,-78.5270231283,-146.454657419)) ;
#1244=CARTESIAN_POINT('Control Point',(30.0334022862,-78.1746154124,-146.64361371)) ;
#1245=CARTESIAN_POINT('Control Point',(29.8559304263,-77.8214764482,-146.831597366)) ;
#1246=CARTESIAN_POINT('Control Point',(29.5013001178,-77.4954518494,-147.003676933)) ;
#1247=CARTESIAN_POINT('Control Point',(28.7081820848,-77.0181601631,-147.254173679)) ;
#1248=CARTESIAN_POINT('Control Point',(27.6735744058,-76.6626195528,-147.439268792)) ;
#1249=CARTESIAN_POINT('Control Point',(27.2246016332,-76.5390164499,-147.503427649)) ;
#1250=CARTESIAN_POINT('Control Point',(25.9176643759,-76.2515988161,-147.652314365)) ;
#1251=CARTESIAN_POINT('Control Point',(24.4911232573,-76.1174021991,-147.721361871)) ;
#1252=CARTESIAN_POINT('Control Point',(23.5604265787,-76.0919676129,-147.734440287)) ;
#1253=CARTESIAN_POINT('Control Point',(21.9463820076,-76.1517309418,-147.703763614)) ;
#1254=CARTESIAN_POINT('Control Point',(20.4225071138,-76.3979732676,-147.576532267)) ;
#1255=CARTESIAN_POINT('Control Point',(19.8008221596,-76.537258517,-147.504428156)) ;
#1256=CARTESIAN_POINT('Control Point',(18.5522013604,-76.9150994086,-147.30814715)) ;
#1257=CARTESIAN_POINT('Control Point',(17.6094547609,-77.455852844,-147.024572875)) ;
#1258=CARTESIAN_POINT('Control Point',(17.2257427377,-77.7924842396,-146.847028263)) ;
#1259=CARTESIAN_POINT('Control Point',(17.0334022862,-78.1601499401,-146.651369902)) ;
#1260=CARTESIAN_POINT('Control Point',(17.0334022862,-78.5270231283,-146.454657419)) ;
#1261=CARTESIAN_POINT('Vertex',(17.0334022862,-78.5270231283,-146.454657419)) ;
#1265=CARTESIAN_POINT('Control Point',(17.055135635,-78.7217544182,-146.350078313)) ;
#1266=CARTESIAN_POINT('Control Point',(17.040676837,-78.6571193153,-146.384845556)) ;
#1267=CARTESIAN_POINT('Control Point',(17.0334022862,-78.5920664875,-146.419782042)) ;
#1268=CARTESIAN_POINT('Control Point',(17.0334022862,-78.5270231283,-146.454657419)) ;
#1285=CARTESIAN_POINT('Control Point',(17.0334022862,-51.9024368262,-157.865756554)) ;
#1286=CARTESIAN_POINT('Control Point',(17.0334022862,-52.2820995428,-157.74093265)) ;
#1287=CARTESIAN_POINT('Control Point',(17.2106844727,-52.6612101108,-157.615025558)) ;
#1288=CARTESIAN_POINT('Control Point',(17.5652309889,-53.0097866478,-157.497896713)) ;
#1289=CARTESIAN_POINT('Control Point',(18.3583377779,-53.5185365608,-157.325629764)) ;
#1290=CARTESIAN_POINT('Control Point',(19.3928272834,-53.8958664541,-157.196470749)) ;
#1291=CARTESIAN_POINT('Control Point',(19.841719381,-54.0268349227,-157.151465322)) ;
#1292=CARTESIAN_POINT('Control Point',(21.1518965527,-54.331889925,-157.046355374)) ;
#1293=CARTESIAN_POINT('Control Point',(22.582006692,-54.4734075104,-156.997157138)) ;
#1294=CARTESIAN_POINT('Control Point',(23.5163339306,-54.4998738201,-156.987948976)) ;
#1295=CARTESIAN_POINT('Control Point',(25.1352213534,-54.4355440657,-157.01038108)) ;
#1296=CARTESIAN_POINT('Control Point',(26.6627214262,-54.1725382505,-157.101303085)) ;
#1297=CARTESIAN_POINT('Control Point',(27.285061935,-54.0239199977,-157.15255182)) ;
#1298=CARTESIAN_POINT('Control Point',(28.5282370319,-53.6220879336,-157.290476402)) ;
#1299=CARTESIAN_POINT('Control Point',(29.4646454478,-53.0454935656,-157.485895621)) ;
#1300=CARTESIAN_POINT('Control Point',(29.8436280568,-52.6874684557,-157.606303333)) ;
#1301=CARTESIAN_POINT('Control Point',(30.0334022862,-52.2952481686,-157.7366097)) ;
#1302=CARTESIAN_POINT('Control Point',(30.0334022862,-51.9024368262,-157.865756554)) ;
#1303=CARTESIAN_POINT('Vertex',(17.0334022862,-51.9024368262,-157.865756554)) ;
#1305=CARTESIAN_POINT('Vertex',(30.0334022862,-51.9024368262,-157.865756554)) ;
#1309=CARTESIAN_POINT('Control Point',(30.0334022862,-51.9024368262,-157.865756554)) ;
#1310=CARTESIAN_POINT('Control Point',(30.0334022862,-51.5225710597,-157.990647217)) ;
#1311=CARTESIAN_POINT('Control Point',(29.8559304263,-51.1421540504,-158.114453042)) ;
#1312=CARTESIAN_POINT('Control Point',(29.5013001178,-50.7912011947,-158.227304756)) ;
#1313=CARTESIAN_POINT('Control Point',(28.7081820848,-50.2776623382,-158.391115062)) ;
#1314=CARTESIAN_POINT('Control Point',(27.6735744058,-49.8953817595,-158.511659185)) ;
#1315=CARTESIAN_POINT('Control Point',(27.2246016332,-49.762515397,-158.553379871)) ;
#1316=CARTESIAN_POINT('Control Point',(25.9176643758,-49.4536103759,-158.650095115)) ;
#1317=CARTESIAN_POINT('Control Point',(24.4911232572,-49.3094625334,-158.694790637)) ;
#1318=CARTESIAN_POINT('Control Point',(23.5604265788,-49.2821433126,-158.703253693)) ;
#1319=CARTESIAN_POINT('Control Point',(21.9463820077,-49.3463256505,-158.683420861)) ;
#1320=CARTESIAN_POINT('Control Point',(20.4225071138,-49.6109204939,-158.600881974)) ;
#1321=CARTESIAN_POINT('Control Point',(19.8008221596,-49.7606104347,-158.554059917)) ;
#1322=CARTESIAN_POINT('Control Point',(18.5522013604,-50.1667949133,-158.426372242)) ;
#1323=CARTESIAN_POINT('Control Point',(17.609454761,-50.7485752449,-158.241006946)) ;
#1324=CARTESIAN_POINT('Control Point',(17.2257427376,-51.1109227516,-158.124615065)) ;
#1325=CARTESIAN_POINT('Control Point',(17.0334022862,-51.5069785018,-157.995773672)) ;
#1326=CARTESIAN_POINT('Control Point',(17.0334022862,-51.9024368262,-157.865756554)) ;
#1333=CARTESIAN_POINT('Control Point',(17.0334022862,-23.7008212449,-164.480184561)) ;
#1334=CARTESIAN_POINT('Control Point',(17.0334022862,-24.0963914754,-164.423184751)) ;
#1335=CARTESIAN_POINT('Control Point',(17.2106844727,-24.4916060391,-164.36502233)) ;
#1336=CARTESIAN_POINT('Control Point',(17.565230989,-24.8552261256,-164.310202616)) ;
#1337=CARTESIAN_POINT('Control Point',(18.3583377779,-25.3861608261,-164.228896284)) ;
#1338=CARTESIAN_POINT('Control Point',(19.3928272834,-25.7801864581,-164.167222133)) ;
#1339=CARTESIAN_POINT('Control Point',(19.841719381,-25.9169803317,-164.145642876)) ;
#1340=CARTESIAN_POINT('Control Point',(21.1518965526,-26.235653014,-164.095102029)) ;
#1341=CARTESIAN_POINT('Control Point',(22.5820066918,-26.3835638134,-164.071225496)) ;
#1342=CARTESIAN_POINT('Control Point',(23.5163339308,-26.4112270209,-164.066753053)) ;
#1343=CARTESIAN_POINT('Control Point',(25.1352213535,-26.3439792861,-164.077673618)) ;
#1344=CARTESIAN_POINT('Control Point',(26.6627214262,-26.0691806797,-164.121543833)) ;
#1345=CARTESIAN_POINT('Control Point',(27.285061935,-25.9139210226,-164.146206696)) ;
#1346=CARTESIAN_POINT('Control Point',(28.5282370319,-25.4942433381,-164.212258488)) ;
#1347=CARTESIAN_POINT('Control Point',(29.4646454477,-24.892474543,-164.304584289)) ;
#1348=CARTESIAN_POINT('Control Point',(29.8436280568,-24.5189800592,-164.360992329)) ;
#1349=CARTESIAN_POINT('Control Point',(30.0334022862,-24.1100910163,-164.421210712)) ;
#1350=CARTESIAN_POINT('Control Point',(30.0334022862,-23.7008212449,-164.480184561)) ;
#1351=CARTESIAN_POINT('Vertex',(17.0334022862,-23.7008212449,-164.480184561)) ;
#1353=CARTESIAN_POINT('Vertex',(30.0334022862,-23.7008212449,-164.480184561)) ;
#1357=CARTESIAN_POINT('Control Point',(30.0334022862,-23.7008212449,-164.480184561)) ;
#1358=CARTESIAN_POINT('Control Point',(30.0334022862,-23.3050394571,-164.537214856)) ;
#1359=CARTESIAN_POINT('Control Point',(29.8559304263,-22.9089031811,-164.593081072)) ;
#1360=CARTESIAN_POINT('Control Point',(29.5013001178,-22.5436855933,-164.643275991)) ;
#1361=CARTESIAN_POINT('Control Point',(28.7081820848,-22.0095031849,-164.715422563)) ;
#1362=CARTESIAN_POINT('Control Point',(27.6735744058,-21.6120980398,-164.767753025)) ;
#1363=CARTESIAN_POINT('Control Point',(27.2246016332,-21.4740054947,-164.785767878)) ;
#1364=CARTESIAN_POINT('Control Point',(25.9176643759,-21.1529990092,-164.827373006)) ;
#1365=CARTESIAN_POINT('Control Point',(24.4911232573,-21.0032798004,-164.846358493)) ;
#1366=CARTESIAN_POINT('Control Point',(23.5604265786,-20.9749060258,-164.849949043)) ;
#1367=CARTESIAN_POINT('Control Point',(21.9463820076,-21.0415572249,-164.841562662)) ;
#1368=CARTESIAN_POINT('Control Point',(20.4225071138,-21.3164650052,-164.806224139)) ;
#1369=CARTESIAN_POINT('Control Point',(19.8008221596,-21.4720113845,-164.786106799)) ;
#1370=CARTESIAN_POINT('Control Point',(18.5522013604,-21.8941977401,-164.730892182)) ;
#1371=CARTESIAN_POINT('Control Point',(17.6094547609,-22.4993278671,-164.649368096)) ;
#1372=CARTESIAN_POINT('Control Point',(17.2257427377,-22.8763817391,-164.597665453)) ;
#1373=CARTESIAN_POINT('Control Point',(17.0334022862,-23.2887935856,-164.53955581)) ;
#1374=CARTESIAN_POINT('Control Point',(17.0334022862,-23.7008212449,-164.480184561)) ;
#1381=CARTESIAN_POINT('Control Point',(17.0334022862,5.22093179663,-166.096965391)) ;
#1382=CARTESIAN_POINT('Control Point',(17.0334022862,4.82147325361,-166.109521586)) ;
#1383=CARTESIAN_POINT('Control Point',(17.2106844727,4.42216308879,-166.120871072)) ;
#1384=CARTESIAN_POINT('Control Point',(17.5652309889,4.05454786504,-166.130026158)) ;
#1385=CARTESIAN_POINT('Control Point',(18.3583377779,3.51756055927,-166.142150895)) ;
#1386=CARTESIAN_POINT('Control Point',(19.3928272834,3.11881145809,-166.149835546)) ;
#1387=CARTESIAN_POINT('Control Point',(19.841719381,2.98034859211,-166.152338133)) ;
#1388=CARTESIAN_POINT('Control Point',(21.1518965527,2.65774093784,-166.157902045)) ;
#1389=CARTESIAN_POINT('Control Point',(22.582006692,2.50793111938,-166.160072691)) ;
#1390=CARTESIAN_POINT('Control Point',(23.5163339306,2.47991154662,-166.16047186)) ;
#1391=CARTESIAN_POINT('Control Point',(25.1352213534,2.54803397345,-166.159549071)) ;
#1392=CARTESIAN_POINT('Control Point',(26.6627214262,2.82627575441,-166.155034521)) ;
#1393=CARTESIAN_POINT('Control Point',(27.285061935,2.98345932971,-166.152362144)) ;
#1394=CARTESIAN_POINT('Control Point',(28.5282370318,3.40823094052,-166.144534196)) ;
#1395=CARTESIAN_POINT('Control Point',(29.4646454477,4.01688972245,-166.130961305)) ;
#1396=CARTESIAN_POINT('Control Point',(29.8436280568,4.39450513923,-166.121655744)) ;
#1397=CARTESIAN_POINT('Control Point',(30.0334022862,4.80763905115,-166.109956437)) ;
#1398=CARTESIAN_POINT('Control Point',(30.0334022862,5.22093179662,-166.096965391)) ;
#1399=CARTESIAN_POINT('Vertex',(17.0334022862,5.22093179662,-166.096965391)) ;
#1401=CARTESIAN_POINT('Vertex',(30.0334022862,5.22093179662,-166.096965391)) ;
#1405=CARTESIAN_POINT('Control Point',(30.0334022862,5.22093179662,-166.096965391)) ;
#1406=CARTESIAN_POINT('Control Point',(30.0334022862,5.62060397658,-166.084402481)) ;
#1407=CARTESIAN_POINT('Control Point',(29.8559304263,6.02042311895,-166.070631621)) ;
#1408=CARTESIAN_POINT('Control Point',(29.5013001178,6.38880848717,-166.056644598)) ;
#1409=CARTESIAN_POINT('Control Point',(28.7081820848,6.92740358531,-166.034935301)) ;
#1410=CARTESIAN_POINT('Control Point',(27.6735744058,7.32785834268,-166.017462066)) ;
#1411=CARTESIAN_POINT('Control Point',(27.2246016332,7.46698119805,-166.011223714)) ;
#1412=CARTESIAN_POINT('Control Point',(25.9176643759,7.79033552847,-165.996454576)) ;
#1413=CARTESIAN_POINT('Control Point',(24.4911232573,7.94107696115,-165.989153162)) ;
#1414=CARTESIAN_POINT('Control Point',(23.5604265787,7.96964316685,-165.987762109)) ;
#1415=CARTESIAN_POINT('Control Point',(21.9463820077,7.90254826954,-165.991076996)) ;
#1416=CARTESIAN_POINT('Control Point',(20.4225071139,7.62568048598,-166.004012579)) ;
#1417=CARTESIAN_POINT('Control Point',(19.8008221595,7.46900386629,-166.011211212)) ;
#1418=CARTESIAN_POINT('Control Point',(18.5522013604,7.04364355242,-166.030147321)) ;
#1419=CARTESIAN_POINT('Control Point',(17.6094547609,6.43355020271,-166.054941512)) ;
#1420=CARTESIAN_POINT('Control Point',(17.2257427377,6.05324655661,-166.069499066)) ;
#1421=CARTESIAN_POINT('Control Point',(17.0334022862,5.63700953915,-166.083886805)) ;
#1422=CARTESIAN_POINT('Control Point',(17.0334022862,5.22093179662,-166.096965391)) ;
#1429=CARTESIAN_POINT('Control Point',(17.0334022862,33.9840494675,-162.666973977)) ;
#1430=CARTESIAN_POINT('Control Point',(17.0334022862,33.5928399576,-162.748704663)) ;
#1431=CARTESIAN_POINT('Control Point',(17.2106844727,33.201567029,-162.829221207)) ;
#1432=CARTESIAN_POINT('Control Point',(17.565230989,32.8411264705,-162.90207292)) ;
#1433=CARTESIAN_POINT('Control Point',(18.3583377779,32.314402647,-163.007260323)) ;
#1434=CARTESIAN_POINT('Control Point',(19.3928272834,31.9230458663,-163.084070281)) ;
#1435=CARTESIAN_POINT('Control Point',(19.841719381,31.787121132,-163.110578672)) ;
#1436=CARTESIAN_POINT('Control Point',(21.1518965526,31.4703807762,-163.172078288)) ;
#1437=CARTESIAN_POINT('Control Point',(22.5820066918,31.3232238342,-163.200230158)) ;
#1438=CARTESIAN_POINT('Control Point',(23.5163339308,31.2956992567,-163.205488811)) ;
#1439=CARTESIAN_POINT('Control Point',(25.1352213536,31.3626265101,-163.192750706)) ;
#1440=CARTESIAN_POINT('Control Point',(26.6627214264,31.6358572299,-163.139988564)) ;
#1441=CARTESIAN_POINT('Control Point',(27.2850619349,31.79018878,-163.110062145)) ;
#1442=CARTESIAN_POINT('Control Point',(28.5282370318,32.2071478467,-163.028592305)) ;
#1443=CARTESIAN_POINT('Control Point',(29.4646454478,32.8042028263,-162.909533128)) ;
#1444=CARTESIAN_POINT('Control Point',(29.8436280568,33.1744655227,-162.834796711)) ;
#1445=CARTESIAN_POINT('Control Point',(30.0334022862,33.5792914388,-162.751535191)) ;
#1446=CARTESIAN_POINT('Control Point',(30.0334022862,33.9840494675,-162.666973977)) ;
#1447=CARTESIAN_POINT('Vertex',(17.0334022862,33.9840494675,-162.666973977)) ;
#1449=CARTESIAN_POINT('Vertex',(30.0334022862,33.9840494675,-162.666973977)) ;
#1453=CARTESIAN_POINT('Control Point',(30.0334022862,33.9840494675,-162.666973977)) ;
#1454=CARTESIAN_POINT('Control Point',(30.0334022862,34.3754682025,-162.58519958)) ;
#1455=CARTESIAN_POINT('Control Point',(29.8559304263,34.766821909,-162.502210065)) ;
#1456=CARTESIAN_POINT('Control Point',(29.5013001178,35.1271818547,-162.424466088)) ;
#1457=CARTESIAN_POINT('Control Point',(28.7081820848,35.6538247031,-162.309560546)) ;
#1458=CARTESIAN_POINT('Control Point',(27.6735744058,36.0451614575,-162.22281453)) ;
#1459=CARTESIAN_POINT('Control Point',(27.2246016332,36.1810874456,-162.192512523)) ;
#1460=CARTESIAN_POINT('Control Point',(25.9176643759,36.4969646632,-162.121817871)) ;
#1461=CARTESIAN_POINT('Control Point',(24.4911232573,36.6441481176,-162.088451407)) ;
#1462=CARTESIAN_POINT('Control Point',(23.5604265787,36.6720387847,-162.082121017)) ;
#1463=CARTESIAN_POINT('Control Point',(21.9463820076,36.6065388337,-162.09703645)) ;
#1464=CARTESIAN_POINT('Control Point',(20.4225071138,36.3361235344,-162.157853099)) ;
#1465=CARTESIAN_POINT('Control Point',(19.8008221596,36.1830772141,-162.192148978)) ;
#1466=CARTESIAN_POINT('Control Point',(18.5522013604,35.7674672999,-162.284660448)) ;
#1467=CARTESIAN_POINT('Control Point',(17.609454761,35.1709481052,-162.415019558)) ;
#1468=CARTESIAN_POINT('Control Point',(17.2257427376,34.7989500187,-162.495394986)) ;
#1469=CARTESIAN_POINT('Control Point',(17.0334022862,34.3915349814,-162.581842942)) ;
#1470=CARTESIAN_POINT('Control Point',(17.0334022862,33.9840494675,-162.666973977)) ;
#1477=CARTESIAN_POINT('Control Point',(17.0334022862,61.714578992,-154.294428872)) ;
#1478=CARTESIAN_POINT('Control Point',(17.0334022862,61.3435052183,-154.442850703)) ;
#1479=CARTESIAN_POINT('Control Point',(17.2106844727,60.9721581558,-154.590087851)) ;
#1480=CARTESIAN_POINT('Control Point',(17.565230989,60.6298440666,-154.72442263)) ;
#1481=CARTESIAN_POINT('Control Point',(18.3583377779,60.1293879622,-154.919476631)) ;
#1482=CARTESIAN_POINT('Control Point',(19.3928272834,59.7573146796,-155.063078065)) ;
#1483=CARTESIAN_POINT('Control Point',(19.841719381,59.6280580815,-155.112786817)) ;
#1484=CARTESIAN_POINT('Control Point',(21.1518965526,59.3268090195,-155.228353501)) ;
#1485=CARTESIAN_POINT('Control Point',(22.5820066919,59.186776243,-155.281631216)) ;
#1486=CARTESIAN_POINT('Control Point',(23.5163339307,59.1605829812,-155.291589571)) ;
#1487=CARTESIAN_POINT('Control Point',(25.1352213535,59.2242815104,-155.26742319)) ;
#1488=CARTESIAN_POINT('Control Point',(26.6627214263,59.484199192,-155.168016607)) ;
#1489=CARTESIAN_POINT('Control Point',(27.285061935,59.6309894308,-155.111745445)) ;
#1490=CARTESIAN_POINT('Control Point',(28.5282370318,60.0274668631,-154.959109133)) ;
#1491=CARTESIAN_POINT('Control Point',(29.4646454477,60.594776827,-154.738181224)) ;
#1492=CARTESIAN_POINT('Control Point',(29.8436280568,60.9464365583,-154.600284778)) ;
#1493=CARTESIAN_POINT('Control Point',(30.0334022862,61.3306540481,-154.447990905)) ;
#1494=CARTESIAN_POINT('Control Point',(30.0334022862,61.714578992,-154.294428872)) ;
#1495=CARTESIAN_POINT('Vertex',(17.0334022862,61.714578992,-154.294428872)) ;
#1497=CARTESIAN_POINT('Vertex',(30.0334022862,61.714578992,-154.294428872)) ;
#1501=CARTESIAN_POINT('Control Point',(30.0334022862,61.714578992,-154.294428872)) ;
#1502=CARTESIAN_POINT('Control Point',(30.0334022862,62.085851222,-154.145927662)) ;
#1503=CARTESIAN_POINT('Control Point',(29.8559304263,62.4568484082,-153.996241086)) ;
#1504=CARTESIAN_POINT('Control Point',(29.5013001178,62.7982335768,-153.857102367)) ;
#1505=CARTESIAN_POINT('Control Point',(28.7081820848,63.2969223989,-153.652491927)) ;
#1506=CARTESIAN_POINT('Control Point',(27.6735744059,63.6672505811,-153.499108864)) ;
#1507=CARTESIAN_POINT('Control Point',(27.2246016331,63.7958496597,-153.445663912)) ;
#1508=CARTESIAN_POINT('Control Point',(25.9176643758,64.094651995,-153.321191767)) ;
#1509=CARTESIAN_POINT('Control Point',(24.4911232573,64.2338053764,-153.262774076)) ;
#1510=CARTESIAN_POINT('Control Point',(23.5604265787,64.260173061,-153.251696696)) ;
#1511=CARTESIAN_POINT('Control Point',(21.9463820077,64.1982582391,-153.277759477)) ;
#1512=CARTESIAN_POINT('Control Point',(20.4225071139,63.9425118561,-153.384609309)) ;
#1513=CARTESIAN_POINT('Control Point',(19.8008221595,63.7977460703,-153.444960371)) ;
#1514=CARTESIAN_POINT('Control Point',(18.5522013604,63.4045146526,-153.608236288)) ;
#1515=CARTESIAN_POINT('Control Point',(17.609454761,62.8396945469,-153.840199422)) ;
#1516=CARTESIAN_POINT('Control Point',(17.2257427376,62.4873049936,-153.983950555)) ;
#1517=CARTESIAN_POINT('Control Point',(17.0334022862,62.1010910363,-154.139832051)) ;
#1518=CARTESIAN_POINT('Control Point',(17.0334022862,61.714578992,-154.294428872)) ;
#1525=CARTESIAN_POINT('Axis2P3D Location',(0.,74.5508942429,-139.125936578)) ;
#1530=CARTESIAN_POINT('Line Origine',(79.2881704388,76.6881667359,-142.827801126)) ;
#1534=CARTESIAN_POINT('Vertex',(79.2881704388,74.6545790536,-139.305523938)) ;
#1537=CARTESIAN_POINT('Line Origine',(53.7055151071,74.6545790536,-139.305523938)) ;
#1541=CARTESIAN_POINT('Vertex',(28.1228597754,74.6545790536,-139.305523938)) ;
#1544=CARTESIAN_POINT('Line Origine',(33.1041717233,76.6881667359,-142.827801126)) ;
#1549=CARTESIAN_POINT('Line Origine',(56.2658708165,74.5508942429,-139.125936578)) ;
#1553=CARTESIAN_POINT('Vertex',(112.531741633,74.5508942429,-139.125936578)) ;
#1557=CARTESIAN_POINT('Control Point',(112.531741633,74.5508942429,-139.125936578)) ;
#1558=CARTESIAN_POINT('Control Point',(112.265393621,74.6367457193,-139.274635697)) ;
#1559=CARTESIAN_POINT('Control Point',(111.999045451,74.7225971297,-139.423334702)) ;
#1560=CARTESIAN_POINT('Control Point',(111.732697122,74.8084484745,-139.572033593)) ;
#1561=CARTESIAN_POINT('Control Point',(111.466348639,74.8942997534,-139.72073237)) ;
#1562=CARTESIAN_POINT('Control Point',(111.2,74.980150967,-139.869431034)) ;
#1563=CARTESIAN_POINT('Vertex',(111.2,74.980150967,-139.869431034)) ;
#1566=CARTESIAN_POINT('Line Origine',(108.2,74.980150967,-139.869431034)) ;
#1570=CARTESIAN_POINT('Vertex',(105.2,74.980150967,-139.869431034)) ;
#1573=CARTESIAN_POINT('Line Origine',(105.2,76.8509526926,-143.109754674)) ;
#1591=CARTESIAN_POINT('Axis2P3D Location',(0.,74.5508942429,-139.125936578)) ;
#1596=CARTESIAN_POINT('Line Origine',(56.2658708165,83.2111482807,-134.125936578)) ;
#1600=CARTESIAN_POINT('Vertex',(112.531741633,83.2111482807,-134.125936578)) ;
#1604=CARTESIAN_POINT('Control Point',(112.531741633,74.5508942429,-139.125936578)) ;
#1605=CARTESIAN_POINT('Control Point',(112.630004514,76.2818299946,-138.126580356)) ;
#1606=CARTESIAN_POINT('Control Point',(112.67931188,78.0144396886,-137.126257683)) ;
#1607=CARTESIAN_POINT('Control Point',(112.67931188,79.747602835,-136.125615474)) ;
#1608=CARTESIAN_POINT('Control Point',(112.630004514,81.480212529,-135.125292801)) ;
#1609=CARTESIAN_POINT('Control Point',(112.531741633,83.2111482807,-134.125936578)) ;
#1618=CARTESIAN_POINT('Axis2P3D Location',(0.,83.2111482807,-134.125936578)) ;
#1623=CARTESIAN_POINT('Line Origine',(34.0485763043,87.3820084561,-141.350078313)) ;
#1627=CARTESIAN_POINT('Vertex',(30.0116689374,87.3820084561,-141.350078313)) ;
#1629=CARTESIAN_POINT('Vertex',(38.0854836712,87.3820084561,-141.350078313)) ;
#1632=CARTESIAN_POINT('Line Origine',(33.1041717233,85.3484207737,-137.827801126)) ;
#1636=CARTESIAN_POINT('Vertex',(28.1228597754,83.3148330914,-134.305523938)) ;
#1639=CARTESIAN_POINT('Line Origine',(53.7055151071,83.3148330914,-134.305523938)) ;
#1643=CARTESIAN_POINT('Vertex',(79.2881704388,83.3148330914,-134.305523938)) ;
#1646=CARTESIAN_POINT('Line Origine',(79.2881704388,85.3484207737,-137.827801126)) ;
#1650=CARTESIAN_POINT('Vertex',(79.2881704388,87.3820084561,-141.350078313)) ;
#1653=CARTESIAN_POINT('Line Origine',(92.2440852194,87.3820084561,-141.350078313)) ;
#1657=CARTESIAN_POINT('Vertex',(105.2,87.3820084561,-141.350078313)) ;
#1660=CARTESIAN_POINT('Line Origine',(105.2,85.5112067304,-138.109754674)) ;
#1664=CARTESIAN_POINT('Vertex',(105.2,83.6404050048,-134.869431034)) ;
#1667=CARTESIAN_POINT('Line Origine',(108.2,83.6404050048,-134.869431034)) ;
#1671=CARTESIAN_POINT('Vertex',(111.2,83.6404050048,-134.869431034)) ;
#1675=CARTESIAN_POINT('Control Point',(112.531741633,83.2111482807,-134.125936578)) ;
#1676=CARTESIAN_POINT('Control Point',(112.265393621,83.2969997571,-134.274635697)) ;
#1677=CARTESIAN_POINT('Control Point',(111.999045451,83.3828511675,-134.423334702)) ;
#1678=CARTESIAN_POINT('Control Point',(111.732697122,83.4687025123,-134.572033593)) ;
#1679=CARTESIAN_POINT('Control Point',(111.466348639,83.5545537913,-134.72073237)) ;
#1680=CARTESIAN_POINT('Control Point',(111.2,83.6404050048,-134.869431034)) ;
#1682=CARTESIAN_POINT('Line Origine',(8.52756781749,87.3820084561,-141.350078313)) ;
#1686=CARTESIAN_POINT('Vertex',(17.055135635,87.3820084561,-141.350078313)) ;
#1690=CARTESIAN_POINT('Control Point',(17.1102343229,86.8326515619,-140.398564261)) ;
#1691=CARTESIAN_POINT('Control Point',(17.0958084147,86.9424272119,-140.588701264)) ;
#1692=CARTESIAN_POINT('Control Point',(17.0830984488,87.0522588911,-140.778935313)) ;
#1693=CARTESIAN_POINT('Control Point',(17.072088878,87.1621473645,-140.969267732)) ;
#1694=CARTESIAN_POINT('Control Point',(17.0627708162,87.2720633905,-141.159647874)) ;
#1695=CARTESIAN_POINT('Control Point',(17.055135635,87.3820084561,-141.350078313)) ;
#1696=CARTESIAN_POINT('Vertex',(17.1102343229,86.8326515619,-140.398564261)) ;
#1699=CARTESIAN_POINT('Line Origine',(23.5334022862,86.8326515619,-140.398564261)) ;
#1703=CARTESIAN_POINT('Vertex',(29.9565702495,86.8326515619,-140.398564261)) ;
#1707=CARTESIAN_POINT('Control Point',(29.9565702495,86.8326515619,-140.398564261)) ;
#1708=CARTESIAN_POINT('Control Point',(29.9709961576,86.9424272119,-140.588701264)) ;
#1709=CARTESIAN_POINT('Control Point',(29.9837061236,87.0522588911,-140.778935313)) ;
#1710=CARTESIAN_POINT('Control Point',(29.9947156944,87.1621473645,-140.969267732)) ;
#1711=CARTESIAN_POINT('Control Point',(30.0040337561,87.2720633905,-141.159647874)) ;
#1712=CARTESIAN_POINT('Control Point',(30.0116689374,87.3820084561,-141.350078313)) ;
#1731=CARTESIAN_POINT('Line Origine',(52.6,166.103762874,-5.)) ;
#1735=CARTESIAN_POINT('Vertex',(38.0854836712,166.103762874,-5.)) ;
#1738=CARTESIAN_POINT('Line Origine',(52.6,166.103762874,-5.)) ;
#1742=CARTESIAN_POINT('Vertex',(79.2881704388,166.103762874,-5.)) ;
#1745=CARTESIAN_POINT('Line Origine',(52.6,166.103762874,-5.)) ;
#1749=CARTESIAN_POINT('Vertex',(105.2,166.103762874,-5.)) ;
#1752=CARTESIAN_POINT('Axis2P3D Location',(105.2,0.,0.)) ;
#1757=CARTESIAN_POINT('Line Origine',(52.6,87.3820084561,-141.350078313)) ;
#1763=CARTESIAN_POINT('Control Point',(30.0116689374,87.3820084561,-141.350078313)) ;
#1764=CARTESIAN_POINT('Control Point',(30.0261277353,87.444435323,-141.311486294)) ;
#1765=CARTESIAN_POINT('Control Point',(30.0334022862,87.507217621,-141.272617135)) ;
#1766=CARTESIAN_POINT('Control Point',(30.0334022862,87.5699422629,-141.233725622)) ;
#1767=CARTESIAN_POINT('Vertex',(30.0334022862,87.5699422629,-141.233725622)) ;
#1771=CARTESIAN_POINT('Control Point',(30.0334022862,87.5699422629,-141.233725622)) ;
#1772=CARTESIAN_POINT('Control Point',(30.0334022862,87.909787069,-141.023009733)) ;
#1773=CARTESIAN_POINT('Control Point',(29.8559304263,88.2491551732,-140.811174247)) ;
#1774=CARTESIAN_POINT('Control Point',(29.5013001178,88.5611927491,-140.614868446)) ;
#1775=CARTESIAN_POINT('Control Point',(28.7081820848,89.0167751374,-140.326770093)) ;
#1776=CARTESIAN_POINT('Control Point',(27.6735744058,89.354842513,-140.111410449)) ;
#1777=CARTESIAN_POINT('Control Point',(27.2246016332,89.4722072641,-140.036446451)) ;
#1778=CARTESIAN_POINT('Control Point',(25.9176643758,89.7448557594,-139.861978836)) ;
#1779=CARTESIAN_POINT('Control Point',(24.4911232572,89.8717509626,-139.78028491)) ;
#1780=CARTESIAN_POINT('Control Point',(23.5604265788,89.8957944961,-139.76479712)) ;
#1781=CARTESIAN_POINT('Control Point',(21.9463820077,89.8393460539,-139.801215345)) ;
#1782=CARTESIAN_POINT('Control Point',(20.4225071138,89.6060393116,-139.950851781)) ;
#1783=CARTESIAN_POINT('Control Point',(19.8008221596,89.4739526953,-140.03542429)) ;
#1784=CARTESIAN_POINT('Control Point',(18.5522013604,89.1150479119,-140.264503597)) ;
#1785=CARTESIAN_POINT('Control Point',(17.609454761,88.5990886682,-140.591022672)) ;
#1786=CARTESIAN_POINT('Control Point',(17.2257427376,88.2770148264,-140.793781707)) ;
#1787=CARTESIAN_POINT('Control Point',(17.0334022862,87.9237368647,-141.014360363)) ;
#1788=CARTESIAN_POINT('Control Point',(17.0334022862,87.5699422629,-141.233725622)) ;
#1789=CARTESIAN_POINT('Vertex',(17.0334022862,87.5699422629,-141.233725622)) ;
#1793=CARTESIAN_POINT('Control Point',(17.055135635,87.3820084561,-141.350078313)) ;
#1794=CARTESIAN_POINT('Control Point',(17.040676837,87.444435323,-141.311486294)) ;
#1795=CARTESIAN_POINT('Control Point',(17.0334022862,87.507217621,-141.272617135)) ;
#1796=CARTESIAN_POINT('Control Point',(17.0334022862,87.5699422629,-141.233725622)) ;
#1813=CARTESIAN_POINT('Control Point',(17.0334022862,110.764537151,-123.881707087)) ;
#1814=CARTESIAN_POINT('Control Point',(17.0334022862,110.46660512,-124.148092692)) ;
#1815=CARTESIAN_POINT('Control Point',(17.2106844727,110.168011096,-124.413458529)) ;
#1816=CARTESIAN_POINT('Control Point',(17.565230989,109.892286273,-124.656770243)) ;
#1817=CARTESIAN_POINT('Control Point',(18.3583377779,109.488723762,-125.011227117)) ;
#1818=CARTESIAN_POINT('Control Point',(19.3928272834,109.188203827,-125.273424883)) ;
#1819=CARTESIAN_POINT('Control Point',(19.841719381,109.08374375,-125.36434419)) ;
#1820=CARTESIAN_POINT('Control Point',(21.1518965526,108.840188363,-125.575974597)) ;
#1821=CARTESIAN_POINT('Control Point',(22.5820066918,108.726822648,-125.673933304)) ;
#1822=CARTESIAN_POINT('Control Point',(23.5163339308,108.705614991,-125.692249719)) ;
#1823=CARTESIAN_POINT('Control Point',(25.1352213535,108.75720664,-125.647754569)) ;
#1824=CARTESIAN_POINT('Control Point',(26.6627214262,108.967450314,-125.465445855)) ;
#1825=CARTESIAN_POINT('Control Point',(27.285061935,109.086142147,-125.36236304)) ;
#1826=CARTESIAN_POINT('Control Point',(28.5282370319,109.406504371,-125.083328556)) ;
#1827=CARTESIAN_POINT('Control Point',(29.4646454478,109.864039563,-124.681692794)) ;
#1828=CARTESIAN_POINT('Control Point',(29.8436280568,110.147328255,-124.43183781)) ;
#1829=CARTESIAN_POINT('Control Point',(30.0334022862,110.456287023,-124.157318261)) ;
#1830=CARTESIAN_POINT('Control Point',(30.0334022862,110.764537151,-123.881707087)) ;
#1831=CARTESIAN_POINT('Vertex',(17.0334022862,110.764537151,-123.881707087)) ;
#1833=CARTESIAN_POINT('Vertex',(30.0334022862,110.764537151,-123.881707087)) ;
#1837=CARTESIAN_POINT('Control Point',(30.0334022862,110.764537151,-123.881707087)) ;
#1838=CARTESIAN_POINT('Control Point',(30.0334022862,111.06262852,-123.615179015)) ;
#1839=CARTESIAN_POINT('Control Point',(29.8559304263,111.360056015,-123.347631133)) ;
#1840=CARTESIAN_POINT('Control Point',(29.5013001178,111.633264894,-123.100122901)) ;
#1841=CARTESIAN_POINT('Control Point',(28.7081820848,112.031898208,-122.737290359)) ;
#1842=CARTESIAN_POINT('Control Point',(27.6735744058,112.327432771,-122.466497728)) ;
#1843=CARTESIAN_POINT('Control Point',(27.2246016332,112.429997126,-122.372292426)) ;
#1844=CARTESIAN_POINT('Control Point',(25.9176643758,112.668207495,-122.153130452)) ;
#1845=CARTESIAN_POINT('Control Point',(24.4911232572,112.778988873,-122.050642519)) ;
#1846=CARTESIAN_POINT('Control Point',(23.5604265788,112.799977705,-122.031214908)) ;
#1847=CARTESIAN_POINT('Control Point',(21.9463820076,112.7507108,-122.076882027)) ;
#1848=CARTESIAN_POINT('Control Point',(20.4225071137,112.546932605,-122.26475844)) ;
#1849=CARTESIAN_POINT('Control Point',(19.8008221597,112.431538544,-122.370982703)) ;
#1850=CARTESIAN_POINT('Control Point',(18.5522013604,112.117865535,-122.658904943)) ;
#1851=CARTESIAN_POINT('Control Point',(17.6094547609,111.666444314,-123.070058841)) ;
#1852=CARTESIAN_POINT('Control Point',(17.2257427377,111.384472234,-123.325665046)) ;
#1853=CARTESIAN_POINT('Control Point',(17.0334022862,111.07486444,-123.604238691)) ;
#1854=CARTESIAN_POINT('Control Point',(17.0334022862,110.764537151,-123.881707087)) ;
#1861=CARTESIAN_POINT('Control Point',(17.0334022862,130.593607627,-102.765605569)) ;
#1862=CARTESIAN_POINT('Control Point',(17.0334022862,130.346459228,-103.079679533)) ;
#1863=CARTESIAN_POINT('Control Point',(17.2106844727,130.098481812,-103.392864174)) ;
#1864=CARTESIAN_POINT('Control Point',(17.565230989,129.869196504,-103.68035855)) ;
#1865=CARTESIAN_POINT('Control Point',(18.3583377779,129.533315805,-104.099508322)) ;
#1866=CARTESIAN_POINT('Control Point',(19.3928272834,129.282891607,-104.409907454)) ;
#1867=CARTESIAN_POINT('Control Point',(19.841719381,129.195806485,-104.517584795)) ;
#1868=CARTESIAN_POINT('Control Point',(21.1518965527,128.992700487,-104.76829301)) ;
#1869=CARTESIAN_POINT('Control Point',(22.582006692,128.898067403,-104.884449253)) ;
#1870=CARTESIAN_POINT('Control Point',(23.5163339306,128.88036255,-104.906170072)) ;
#1871=CARTESIAN_POINT('Control Point',(25.1352213535,128.923443904,-104.853392107)) ;
#1872=CARTESIAN_POINT('Control Point',(26.6627214263,129.098835928,-104.637344641)) ;
#1873=CARTESIAN_POINT('Control Point',(27.2850619349,129.197824422,-104.515217265)) ;
#1874=CARTESIAN_POINT('Control Point',(28.5282370318,129.464865795,-104.184791625)) ;
#1875=CARTESIAN_POINT('Control Point',(29.4646454477,129.845706681,-103.709807462)) ;
#1876=CARTESIAN_POINT('Control Point',(29.8436280568,130.081304718,-103.414555771)) ;
#1877=CARTESIAN_POINT('Control Point',(30.0334022862,130.337899889,-103.090556663)) ;
#1878=CARTESIAN_POINT('Control Point',(30.0334022862,130.593607627,-102.765605569)) ;
#1879=CARTESIAN_POINT('Vertex',(17.0334022862,130.593607627,-102.765605569)) ;
#1881=CARTESIAN_POINT('Vertex',(30.0334022862,130.593607627,-102.765605569)) ;
#1885=CARTESIAN_POINT('Control Point',(30.0334022862,130.593607627,-102.765605569)) ;
#1886=CARTESIAN_POINT('Control Point',(30.0334022862,130.840888205,-102.451363634)) ;
#1887=CARTESIAN_POINT('Control Point',(29.8559304263,131.087337905,-102.136232664)) ;
#1888=CARTESIAN_POINT('Control Point',(29.5013001178,131.313416774,-101.845042414)) ;
#1889=CARTESIAN_POINT('Control Point',(28.7081820848,131.642988743,-101.418500165)) ;
#1890=CARTESIAN_POINT('Control Point',(27.6735744058,131.887010824,-101.100502444)) ;
#1891=CARTESIAN_POINT('Control Point',(27.2246016332,131.971658417,-100.989918219)) ;
#1892=CARTESIAN_POINT('Control Point',(25.9176643758,132.168192758,-100.732721011)) ;
#1893=CARTESIAN_POINT('Control Point',(24.4911232572,132.259494276,-100.612553116)) ;
#1894=CARTESIAN_POINT('Control Point',(23.5604265788,132.276790671,-100.589775982)) ;
#1895=CARTESIAN_POINT('Control Point',(21.9463820076,132.236202252,-100.643304423)) ;
#1896=CARTESIAN_POINT('Control Point',(20.4225071137,132.068144304,-100.863712283)) ;
#1897=CARTESIAN_POINT('Control Point',(19.8008221597,131.972948987,-100.988360729)) ;
#1898=CARTESIAN_POINT('Control Point',(18.5522013605,131.714038548,-101.326377529)) ;
#1899=CARTESIAN_POINT('Control Point',(17.609454761,131.340871554,-101.809673549)) ;
#1900=CARTESIAN_POINT('Control Point',(17.2257427376,131.107568816,-102.110360459)) ;
#1901=CARTESIAN_POINT('Control Point',(17.0334022862,130.851038466,-102.438464773)) ;
#1902=CARTESIAN_POINT('Control Point',(17.0334022862,130.593607627,-102.765605569)) ;
#1909=CARTESIAN_POINT('Control Point',(17.0334022862,146.454657419,-78.5270231283)) ;
#1910=CARTESIAN_POINT('Control Point',(17.0334022862,146.265802131,-78.8792424716)) ;
#1911=CARTESIAN_POINT('Control Point',(17.2106844727,146.075975991,-79.2307299612)) ;
#1912=CARTESIAN_POINT('Control Point',(17.5652309889,145.900096917,-79.5536716269)) ;
#1913=CARTESIAN_POINT('Control Point',(18.3583377779,145.642103594,-80.0247786438)) ;
#1914=CARTESIAN_POINT('Control Point',(19.3928272834,145.449384146,-80.3739478205)) ;
#1915=CARTESIAN_POINT('Control Point',(19.841719381,145.382320017,-80.4951114735)) ;
#1916=CARTESIAN_POINT('Control Point',(21.1518965527,145.22583468,-80.7772798538)) ;
#1917=CARTESIAN_POINT('Control Point',(22.582006692,145.152809605,-80.9081042851)) ;
#1918=CARTESIAN_POINT('Control Point',(23.5163339306,145.139145509,-80.9325695316)) ;
#1919=CARTESIAN_POINT('Control Point',(25.1352213535,145.172407563,-80.8731123846)) ;
#1920=CARTESIAN_POINT('Control Point',(26.6627214263,145.307618739,-80.6298906592)) ;
#1921=CARTESIAN_POINT('Control Point',(27.2850619349,145.38389618,-80.4924295011)) ;
#1922=CARTESIAN_POINT('Control Point',(28.5282370318,145.589502784,-80.1206525214)) ;
#1923=CARTESIAN_POINT('Control Point',(29.4646454478,145.882077706,-79.5867521085)) ;
#1924=CARTESIAN_POINT('Control Point',(29.8436280568,146.062826562,-79.2550747843)) ;
#1925=CARTESIAN_POINT('Control Point',(30.0334022862,146.259261621,-78.8914406679)) ;
#1926=CARTESIAN_POINT('Control Point',(30.0334022862,146.454657419,-78.5270231283)) ;
#1927=CARTESIAN_POINT('Vertex',(17.0334022862,146.454657419,-78.5270231283)) ;
#1929=CARTESIAN_POINT('Vertex',(30.0334022862,146.454657419,-78.5270231283)) ;
#1933=CARTESIAN_POINT('Control Point',(30.0334022862,146.454657419,-78.5270231283)) ;
#1934=CARTESIAN_POINT('Control Point',(30.0334022862,146.64361371,-78.1746154124)) ;
#1935=CARTESIAN_POINT('Control Point',(29.8559304263,146.831597366,-77.8214764482)) ;
#1936=CARTESIAN_POINT('Control Point',(29.5013001178,147.003676933,-77.4954518494)) ;
#1937=CARTESIAN_POINT('Control Point',(28.7081820848,147.254173679,-77.0181601631)) ;
#1938=CARTESIAN_POINT('Control Point',(27.6735744058,147.439268792,-76.6626195528)) ;
#1939=CARTESIAN_POINT('Control Point',(27.2246016332,147.503427649,-76.5390164499)) ;
#1940=CARTESIAN_POINT('Control Point',(25.9176643758,147.652314365,-76.2515988161)) ;
#1941=CARTESIAN_POINT('Control Point',(24.4911232573,147.721361871,-76.1174021991)) ;
#1942=CARTESIAN_POINT('Control Point',(23.5604265787,147.734440287,-76.0919676129)) ;
#1943=CARTESIAN_POINT('Control Point',(21.9463820077,147.703763614,-76.1517309417)) ;
#1944=CARTESIAN_POINT('Control Point',(20.422507114,147.576532267,-76.3979732676)) ;
#1945=CARTESIAN_POINT('Control Point',(19.8008221595,147.504428156,-76.537258517)) ;
#1946=CARTESIAN_POINT('Control Point',(18.5522013604,147.30814715,-76.9150994087)) ;
#1947=CARTESIAN_POINT('Control Point',(17.609454761,147.024572875,-77.455852844)) ;
#1948=CARTESIAN_POINT('Control Point',(17.2257427376,146.847028263,-77.7924842397)) ;
#1949=CARTESIAN_POINT('Control Point',(17.0334022862,146.651369902,-78.1601499402)) ;
#1950=CARTESIAN_POINT('Control Point',(17.0334022862,146.454657419,-78.5270231283)) ;
#1957=CARTESIAN_POINT('Control Point',(17.0334022862,157.865756554,-51.9024368262)) ;
#1958=CARTESIAN_POINT('Control Point',(17.0334022862,157.74093265,-52.2820995428)) ;
#1959=CARTESIAN_POINT('Control Point',(17.2106844727,157.615025558,-52.6612101108)) ;
#1960=CARTESIAN_POINT('Control Point',(17.565230989,157.497896713,-53.0097866478)) ;
#1961=CARTESIAN_POINT('Control Point',(18.3583377779,157.325629764,-53.5185365608)) ;
#1962=CARTESIAN_POINT('Control Point',(19.3928272833,157.196470749,-53.895866454)) ;
#1963=CARTESIAN_POINT('Control Point',(19.841719381,157.151465322,-54.0268349227)) ;
#1964=CARTESIAN_POINT('Control Point',(21.1518965527,157.046355374,-54.331889925)) ;
#1965=CARTESIAN_POINT('Control Point',(22.582006692,156.997157138,-54.4734075104)) ;
#1966=CARTESIAN_POINT('Control Point',(23.5163339306,156.987948976,-54.4998738201)) ;
#1967=CARTESIAN_POINT('Control Point',(25.1352213534,157.01038108,-54.4355440657)) ;
#1968=CARTESIAN_POINT('Control Point',(26.6627214262,157.101303085,-54.1725382505)) ;
#1969=CARTESIAN_POINT('Control Point',(27.285061935,157.15255182,-54.0239199977)) ;
#1970=CARTESIAN_POINT('Control Point',(28.5282370318,157.290476402,-53.6220879336)) ;
#1971=CARTESIAN_POINT('Control Point',(29.4646454478,157.485895621,-53.0454935656)) ;
#1972=CARTESIAN_POINT('Control Point',(29.8436280568,157.606303333,-52.6874684557)) ;
#1973=CARTESIAN_POINT('Control Point',(30.0334022862,157.7366097,-52.2952481685)) ;
#1974=CARTESIAN_POINT('Control Point',(30.0334022862,157.865756554,-51.9024368262)) ;
#1975=CARTESIAN_POINT('Vertex',(17.0334022862,157.865756554,-51.9024368262)) ;
#1977=CARTESIAN_POINT('Vertex',(30.0334022862,157.865756554,-51.9024368262)) ;
#1981=CARTESIAN_POINT('Control Point',(30.0334022862,157.865756554,-51.9024368262)) ;
#1982=CARTESIAN_POINT('Control Point',(30.0334022862,157.990647217,-51.5225710597)) ;
#1983=CARTESIAN_POINT('Control Point',(29.8559304263,158.114453042,-51.1421540504)) ;
#1984=CARTESIAN_POINT('Control Point',(29.5013001178,158.227304756,-50.7912011947)) ;
#1985=CARTESIAN_POINT('Control Point',(28.7081820848,158.391115062,-50.2776623382)) ;
#1986=CARTESIAN_POINT('Control Point',(27.6735744058,158.511659185,-49.8953817595)) ;
#1987=CARTESIAN_POINT('Control Point',(27.2246016332,158.553379871,-49.762515397)) ;
#1988=CARTESIAN_POINT('Control Point',(25.9176643758,158.650095115,-49.4536103759)) ;
#1989=CARTESIAN_POINT('Control Point',(24.4911232572,158.694790637,-49.3094625334)) ;
#1990=CARTESIAN_POINT('Control Point',(23.5604265787,158.703253693,-49.2821433126)) ;
#1991=CARTESIAN_POINT('Control Point',(21.9463820077,158.683420861,-49.3463256505)) ;
#1992=CARTESIAN_POINT('Control Point',(20.4225071139,158.600881974,-49.6109204938)) ;
#1993=CARTESIAN_POINT('Control Point',(19.8008221595,158.554059917,-49.7606104347)) ;
#1994=CARTESIAN_POINT('Control Point',(18.5522013604,158.426372242,-50.1667949133)) ;
#1995=CARTESIAN_POINT('Control Point',(17.6094547609,158.241006946,-50.748575245)) ;
#1996=CARTESIAN_POINT('Control Point',(17.2257427377,158.124615065,-51.1109227516)) ;
#1997=CARTESIAN_POINT('Control Point',(17.0334022862,157.995773672,-51.5069785018)) ;
#1998=CARTESIAN_POINT('Control Point',(17.0334022862,157.865756554,-51.9024368262)) ;
#2005=CARTESIAN_POINT('Control Point',(17.0334022862,164.480184561,-23.7008212449)) ;
#2006=CARTESIAN_POINT('Control Point',(17.0334022862,164.423184751,-24.0963914754)) ;
#2007=CARTESIAN_POINT('Control Point',(17.2106844727,164.36502233,-24.4916060391)) ;
#2008=CARTESIAN_POINT('Control Point',(17.565230989,164.310202616,-24.8552261256)) ;
#2009=CARTESIAN_POINT('Control Point',(18.3583377779,164.228896284,-25.3861608261)) ;
#2010=CARTESIAN_POINT('Control Point',(19.3928272834,164.167222133,-25.7801864581)) ;
#2011=CARTESIAN_POINT('Control Point',(19.841719381,164.145642876,-25.9169803317)) ;
#2012=CARTESIAN_POINT('Control Point',(21.1518965526,164.095102029,-26.235653014)) ;
#2013=CARTESIAN_POINT('Control Point',(22.5820066919,164.071225496,-26.3835638134)) ;
#2014=CARTESIAN_POINT('Control Point',(23.5163339307,164.066753053,-26.4112270209)) ;
#2015=CARTESIAN_POINT('Control Point',(25.1352213535,164.077673618,-26.3439792861)) ;
#2016=CARTESIAN_POINT('Control Point',(26.6627214264,164.121543833,-26.0691806797)) ;
#2017=CARTESIAN_POINT('Control Point',(27.2850619349,164.146206696,-25.9139210226)) ;
#2018=CARTESIAN_POINT('Control Point',(28.5282370318,164.212258488,-25.4942433381)) ;
#2019=CARTESIAN_POINT('Control Point',(29.4646454477,164.304584289,-24.892474543)) ;
#2020=CARTESIAN_POINT('Control Point',(29.8436280568,164.360992329,-24.5189800592)) ;
#2021=CARTESIAN_POINT('Control Point',(30.0334022862,164.421210712,-24.1100910163)) ;
#2022=CARTESIAN_POINT('Control Point',(30.0334022862,164.480184561,-23.7008212449)) ;
#2023=CARTESIAN_POINT('Vertex',(17.0334022862,164.480184561,-23.7008212449)) ;
#2025=CARTESIAN_POINT('Vertex',(30.0334022862,164.480184561,-23.7008212449)) ;
#2029=CARTESIAN_POINT('Control Point',(30.0334022862,164.480184561,-23.7008212449)) ;
#2030=CARTESIAN_POINT('Control Point',(30.0334022862,164.537214856,-23.3050394571)) ;
#2031=CARTESIAN_POINT('Control Point',(29.8559304263,164.593081072,-22.9089031811)) ;
#2032=CARTESIAN_POINT('Control Point',(29.5013001178,164.643275991,-22.5436855933)) ;
#2033=CARTESIAN_POINT('Control Point',(28.7081820848,164.715422563,-22.0095031849)) ;
#2034=CARTESIAN_POINT('Control Point',(27.6735744058,164.767753025,-21.6120980398)) ;
#2035=CARTESIAN_POINT('Control Point',(27.2246016332,164.785767878,-21.4740054947)) ;
#2036=CARTESIAN_POINT('Control Point',(25.9176643759,164.827373006,-21.1529990092)) ;
#2037=CARTESIAN_POINT('Control Point',(24.4911232573,164.846358493,-21.0032798004)) ;
#2038=CARTESIAN_POINT('Control Point',(23.5604265786,164.849949043,-20.9749060258)) ;
#2039=CARTESIAN_POINT('Control Point',(21.9463820076,164.841562662,-21.0415572249)) ;
#2040=CARTESIAN_POINT('Control Point',(20.4225071137,164.806224139,-21.3164650052)) ;
#2041=CARTESIAN_POINT('Control Point',(19.8008221597,164.786106799,-21.4720113845)) ;
#2042=CARTESIAN_POINT('Control Point',(18.5522013604,164.730892182,-21.8941977401)) ;
#2043=CARTESIAN_POINT('Control Point',(17.6094547609,164.649368096,-22.4993278672)) ;
#2044=CARTESIAN_POINT('Control Point',(17.2257427377,164.597665453,-22.876381739)) ;
#2045=CARTESIAN_POINT('Control Point',(17.0334022862,164.53955581,-23.2887935855)) ;
#2046=CARTESIAN_POINT('Control Point',(17.0334022862,164.480184561,-23.7008212449)) ;
#2053=CARTESIAN_POINT('Axis2P3D Location',(0.,157.762042524,-5.)) ;
#2058=CARTESIAN_POINT('Line Origine',(79.2881704388,162.03658751,-5.)) ;
#2062=CARTESIAN_POINT('Vertex',(79.2881704388,157.969412145,-5.)) ;
#2065=CARTESIAN_POINT('Line Origine',(53.7055151071,157.969412145,-5.)) ;
#2069=CARTESIAN_POINT('Vertex',(28.1228597754,157.969412145,-5.)) ;
#2072=CARTESIAN_POINT('Line Origine',(33.1041717233,162.03658751,-5.)) ;
#2077=CARTESIAN_POINT('Line Origine',(56.2658708165,157.762042524,-5.)) ;
#2081=CARTESIAN_POINT('Vertex',(112.531741633,157.762042524,-5.)) ;
#2085=CARTESIAN_POINT('Control Point',(112.531741633,157.762042524,-5.)) ;
#2086=CARTESIAN_POINT('Control Point',(112.265393621,157.933745476,-5.)) ;
#2087=CARTESIAN_POINT('Control Point',(111.999045451,158.105448297,-5.)) ;
#2088=CARTESIAN_POINT('Control Point',(111.732697122,158.277150987,-5.)) ;
#2089=CARTESIAN_POINT('Control Point',(111.466348639,158.448853545,-5.)) ;
#2090=CARTESIAN_POINT('Control Point',(111.2,158.620555972,-5.)) ;
#2091=CARTESIAN_POINT('Vertex',(111.2,158.620555972,-5.)) ;
#2094=CARTESIAN_POINT('Line Origine',(108.2,158.620555972,-5.)) ;
#2098=CARTESIAN_POINT('Vertex',(105.2,158.620555972,-5.)) ;
#2101=CARTESIAN_POINT('Line Origine',(105.2,162.362159423,-5.)) ;
#2119=CARTESIAN_POINT('Axis2P3D Location',(0.,157.762042524,-5.)) ;
#2124=CARTESIAN_POINT('Line Origine',(56.2658708165,157.762042524,5.)) ;
#2128=CARTESIAN_POINT('Vertex',(112.531741633,157.762042524,5.)) ;
#2132=CARTESIAN_POINT('Control Point',(112.531741633,157.762042524,-5.)) ;
#2133=CARTESIAN_POINT('Control Point',(112.630004514,157.762042524,-3.00128755598)) ;
#2134=CARTESIAN_POINT('Control Point',(112.67931188,157.762042524,-1.00064220991)) ;
#2135=CARTESIAN_POINT('Control Point',(112.67931188,157.762042524,1.00064220993)) ;
#2136=CARTESIAN_POINT('Control Point',(112.630004514,157.762042524,3.00128755598)) ;
#2137=CARTESIAN_POINT('Control Point',(112.531741633,157.762042524,5.)) ;
#2146=CARTESIAN_POINT('Axis2P3D Location',(0.,157.762042524,5.)) ;
#2151=CARTESIAN_POINT('Line Origine',(34.0485763043,166.103762874,5.)) ;
#2155=CARTESIAN_POINT('Vertex',(30.0116689374,166.103762874,5.)) ;
#2157=CARTESIAN_POINT('Vertex',(38.0854836712,166.103762874,5.)) ;
#2160=CARTESIAN_POINT('Line Origine',(33.1041717233,162.03658751,5.)) ;
#2164=CARTESIAN_POINT('Vertex',(28.1228597754,157.969412145,5.)) ;
#2167=CARTESIAN_POINT('Line Origine',(53.7055151071,157.969412145,5.)) ;
#2171=CARTESIAN_POINT('Vertex',(79.2881704388,157.969412145,5.)) ;
#2174=CARTESIAN_POINT('Line Origine',(79.2881704388,162.03658751,5.)) ;
#2178=CARTESIAN_POINT('Vertex',(79.2881704388,166.103762874,5.)) ;
#2181=CARTESIAN_POINT('Line Origine',(92.2440852194,166.103762874,5.)) ;
#2185=CARTESIAN_POINT('Vertex',(105.2,166.103762874,5.)) ;
#2188=CARTESIAN_POINT('Line Origine',(105.2,162.362159423,5.)) ;
#2192=CARTESIAN_POINT('Vertex',(105.2,158.620555972,5.)) ;
#2195=CARTESIAN_POINT('Line Origine',(108.2,158.620555972,5.)) ;
#2199=CARTESIAN_POINT('Vertex',(111.2,158.620555972,5.)) ;
#2203=CARTESIAN_POINT('Control Point',(112.531741633,157.762042524,5.)) ;
#2204=CARTESIAN_POINT('Control Point',(112.265393621,157.933745476,5.)) ;
#2205=CARTESIAN_POINT('Control Point',(111.999045451,158.105448297,5.)) ;
#2206=CARTESIAN_POINT('Control Point',(111.732697122,158.277150987,5.)) ;
#2207=CARTESIAN_POINT('Control Point',(111.466348639,158.448853545,5.)) ;
#2208=CARTESIAN_POINT('Control Point',(111.2,158.620555972,5.)) ;
#2210=CARTESIAN_POINT('Line Origine',(8.52756781749,166.103762874,5.)) ;
#2214=CARTESIAN_POINT('Vertex',(17.055135635,166.103762874,5.)) ;
#2218=CARTESIAN_POINT('Control Point',(17.1102343229,165.005049086,5.)) ;
#2219=CARTESIAN_POINT('Control Point',(17.0958084147,165.224600386,5.)) ;
#2220=CARTESIAN_POINT('Control Point',(17.0830984488,165.444263744,5.)) ;
#2221=CARTESIAN_POINT('Control Point',(17.072088878,165.664040691,5.)) ;
#2222=CARTESIAN_POINT('Control Point',(17.0627708162,165.883872743,5.)) ;
#2223=CARTESIAN_POINT('Control Point',(17.055135635,166.103762874,5.)) ;
#2224=CARTESIAN_POINT('Vertex',(17.1102343229,165.005049086,5.)) ;
#2227=CARTESIAN_POINT('Line Origine',(23.5334022862,165.005049086,5.)) ;
#2231=CARTESIAN_POINT('Vertex',(29.9565702495,165.005049086,5.)) ;
#2235=CARTESIAN_POINT('Control Point',(29.9565702495,165.005049086,5.)) ;
#2236=CARTESIAN_POINT('Control Point',(29.9709961576,165.224600386,5.)) ;
#2237=CARTESIAN_POINT('Control Point',(29.9837061236,165.444263744,5.)) ;
#2238=CARTESIAN_POINT('Control Point',(29.9947156944,165.664040691,5.)) ;
#2239=CARTESIAN_POINT('Control Point',(30.0040337561,165.883872743,5.)) ;
#2240=CARTESIAN_POINT('Control Point',(30.0116689374,166.103762874,5.)) ;
#2259=CARTESIAN_POINT('Line Origine',(52.6,145.835792552,79.6704565797)) ;
#2263=CARTESIAN_POINT('Vertex',(105.2,145.835792552,79.6704565797)) ;
#2266=CARTESIAN_POINT('Axis2P3D Location',(105.2,0.,0.)) ;
#2271=CARTESIAN_POINT('Line Origine',(52.6,166.103762874,5.)) ;
#2277=CARTESIAN_POINT('Control Point',(30.0116689374,166.103762874,5.)) ;
#2278=CARTESIAN_POINT('Control Point',(30.0261277353,166.101554638,5.07335926249)) ;
#2279=CARTESIAN_POINT('Control Point',(30.0334022862,166.099284108,5.14716490676)) ;
#2280=CARTESIAN_POINT('Control Point',(30.0334022862,166.096965391,5.22093179663)) ;
#2281=CARTESIAN_POINT('Vertex',(30.0334022862,166.096965391,5.22093179662)) ;
#2285=CARTESIAN_POINT('Control Point',(30.0334022862,166.096965391,5.22093179662)) ;
#2286=CARTESIAN_POINT('Control Point',(30.0334022862,166.084402481,5.62060397656)) ;
#2287=CARTESIAN_POINT('Control Point',(29.8559304263,166.070631621,6.0204231189)) ;
#2288=CARTESIAN_POINT('Control Point',(29.5013001178,166.056644598,6.3888084872)) ;
#2289=CARTESIAN_POINT('Control Point',(28.7081820848,166.034935301,6.92740358533)) ;
#2290=CARTESIAN_POINT('Control Point',(27.6735744058,166.017462066,7.32785834269)) ;
#2291=CARTESIAN_POINT('Control Point',(27.2246016332,166.011223714,7.46698119804)) ;
#2292=CARTESIAN_POINT('Control Point',(25.9176643758,165.996454576,7.79033552849)) ;
#2293=CARTESIAN_POINT('Control Point',(24.4911232571,165.989153162,7.94107696117)) ;
#2294=CARTESIAN_POINT('Control Point',(23.5604265789,165.987762109,7.96964316686)) ;
#2295=CARTESIAN_POINT('Control Point',(21.9463820078,165.991076996,7.90254826955)) ;
#2296=CARTESIAN_POINT('Control Point',(20.4225071139,166.004012579,7.62568048598)) ;
#2297=CARTESIAN_POINT('Control Point',(19.8008221595,166.011211212,7.46900386628)) ;
#2298=CARTESIAN_POINT('Control Point',(18.5522013604,166.030147321,7.04364355244)) ;
#2299=CARTESIAN_POINT('Control Point',(17.609454761,166.054941512,6.43355020275)) ;
#2300=CARTESIAN_POINT('Control Point',(17.2257427376,166.069499066,6.05324655655)) ;
#2301=CARTESIAN_POINT('Control Point',(17.0334022862,166.083886805,5.63700953912)) ;
#2302=CARTESIAN_POINT('Control Point',(17.0334022862,166.096965391,5.22093179662)) ;
#2303=CARTESIAN_POINT('Vertex',(17.0334022862,166.096965391,5.22093179662)) ;
#2307=CARTESIAN_POINT('Control Point',(17.055135635,166.103762874,5.)) ;
#2308=CARTESIAN_POINT('Control Point',(17.040676837,166.101554638,5.07335926249)) ;
#2309=CARTESIAN_POINT('Control Point',(17.0334022862,166.099284108,5.14716490676)) ;
#2310=CARTESIAN_POINT('Control Point',(17.0334022862,166.096965391,5.22093179663)) ;
#2325=CARTESIAN_POINT('Control Point',(17.0334022862,162.666973977,33.9840494675)) ;
#2326=CARTESIAN_POINT('Control Point',(17.0334022862,162.748704663,33.5928399576)) ;
#2327=CARTESIAN_POINT('Control Point',(17.2106844727,162.829221207,33.2015670289)) ;
#2328=CARTESIAN_POINT('Control Point',(17.5652309889,162.90207292,32.8411264705)) ;
#2329=CARTESIAN_POINT('Control Point',(18.3583377779,163.007260323,32.314402647)) ;
#2330=CARTESIAN_POINT('Control Point',(19.3928272833,163.084070281,31.9230458663)) ;
#2331=CARTESIAN_POINT('Control Point',(19.8417193811,163.110578672,31.787121132)) ;
#2332=CARTESIAN_POINT('Control Point',(21.1518965528,163.172078288,31.4703807762)) ;
#2333=CARTESIAN_POINT('Control Point',(22.5820066921,163.200230158,31.3232238341)) ;
#2334=CARTESIAN_POINT('Control Point',(23.5163339305,163.205488811,31.2956992567)) ;
#2335=CARTESIAN_POINT('Control Point',(25.1352213533,163.192750706,31.36262651)) ;
#2336=CARTESIAN_POINT('Control Point',(26.6627214261,163.139988564,31.6358572299)) ;
#2337=CARTESIAN_POINT('Control Point',(27.2850619351,163.110062145,31.79018878)) ;
#2338=CARTESIAN_POINT('Control Point',(28.5282370318,163.028592305,32.2071478467)) ;
#2339=CARTESIAN_POINT('Control Point',(29.4646454477,162.909533128,32.8042028262)) ;
#2340=CARTESIAN_POINT('Control Point',(29.8436280568,162.834796711,33.1744655227)) ;
#2341=CARTESIAN_POINT('Control Point',(30.0334022862,162.751535191,33.5792914389)) ;
#2342=CARTESIAN_POINT('Control Point',(30.0334022862,162.666973977,33.9840494675)) ;
#2343=CARTESIAN_POINT('Vertex',(17.0334022862,162.666973977,33.9840494675)) ;
#2345=CARTESIAN_POINT('Vertex',(30.0334022862,162.666973977,33.9840494675)) ;
#2349=CARTESIAN_POINT('Control Point',(30.0334022862,162.666973977,33.9840494675)) ;
#2350=CARTESIAN_POINT('Control Point',(30.0334022862,162.58519958,34.3754682025)) ;
#2351=CARTESIAN_POINT('Control Point',(29.8559304263,162.502210065,34.766821909)) ;
#2352=CARTESIAN_POINT('Control Point',(29.5013001178,162.424466089,35.1271818547)) ;
#2353=CARTESIAN_POINT('Control Point',(28.7081820848,162.309560546,35.653824703)) ;
#2354=CARTESIAN_POINT('Control Point',(27.6735744058,162.22281453,36.0451614575)) ;
#2355=CARTESIAN_POINT('Control Point',(27.2246016332,162.192512523,36.1810874456)) ;
#2356=CARTESIAN_POINT('Control Point',(25.9176643758,162.121817871,36.4969646632)) ;
#2357=CARTESIAN_POINT('Control Point',(24.4911232571,162.088451407,36.6441481176)) ;
#2358=CARTESIAN_POINT('Control Point',(23.5604265789,162.082121017,36.6720387847)) ;
#2359=CARTESIAN_POINT('Control Point',(21.9463820078,162.09703645,36.6065388337)) ;
#2360=CARTESIAN_POINT('Control Point',(20.4225071138,162.157853099,36.3361235344)) ;
#2361=CARTESIAN_POINT('Control Point',(19.8008221596,162.192148978,36.1830772141)) ;
#2362=CARTESIAN_POINT('Control Point',(18.5522013604,162.284660448,35.7674672999)) ;
#2363=CARTESIAN_POINT('Control Point',(17.6094547609,162.415019559,35.1709481052)) ;
#2364=CARTESIAN_POINT('Control Point',(17.2257427377,162.495394986,34.7989500187)) ;
#2365=CARTESIAN_POINT('Control Point',(17.0334022862,162.581842942,34.3915349815)) ;
#2366=CARTESIAN_POINT('Control Point',(17.0334022862,162.666973977,33.9840494675)) ;
#2373=CARTESIAN_POINT('Control Point',(17.0334022862,154.294428872,61.714578992)) ;
#2374=CARTESIAN_POINT('Control Point',(17.0334022862,154.442850703,61.3435052183)) ;
#2375=CARTESIAN_POINT('Control Point',(17.2106844727,154.590087851,60.9721581558)) ;
#2376=CARTESIAN_POINT('Control Point',(17.565230989,154.72442263,60.6298440666)) ;
#2377=CARTESIAN_POINT('Control Point',(18.3583377779,154.919476631,60.1293879622)) ;
#2378=CARTESIAN_POINT('Control Point',(19.3928272834,155.063078065,59.7573146796)) ;
#2379=CARTESIAN_POINT('Control Point',(19.8417193809,155.112786817,59.6280580815)) ;
#2380=CARTESIAN_POINT('Control Point',(21.1518965526,155.228353501,59.3268090195)) ;
#2381=CARTESIAN_POINT('Control Point',(22.5820066918,155.281631216,59.1867762431)) ;
#2382=CARTESIAN_POINT('Control Point',(23.5163339308,155.291589571,59.1605829812)) ;
#2383=CARTESIAN_POINT('Control Point',(25.1352213535,155.26742319,59.2242815104)) ;
#2384=CARTESIAN_POINT('Control Point',(26.6627214262,155.168016607,59.4841991919)) ;
#2385=CARTESIAN_POINT('Control Point',(27.285061935,155.111745445,59.6309894308)) ;
#2386=CARTESIAN_POINT('Control Point',(28.5282370319,154.959109133,60.0274668631)) ;
#2387=CARTESIAN_POINT('Control Point',(29.4646454477,154.738181224,60.594776827)) ;
#2388=CARTESIAN_POINT('Control Point',(29.8436280568,154.600284778,60.9464365583)) ;
#2389=CARTESIAN_POINT('Control Point',(30.0334022862,154.447990905,61.3306540481)) ;
#2390=CARTESIAN_POINT('Control Point',(30.0334022862,154.294428872,61.714578992)) ;
#2391=CARTESIAN_POINT('Vertex',(17.0334022862,154.294428872,61.714578992)) ;
#2393=CARTESIAN_POINT('Vertex',(30.0334022862,154.294428872,61.714578992)) ;
#2397=CARTESIAN_POINT('Control Point',(30.0334022862,154.294428872,61.714578992)) ;
#2398=CARTESIAN_POINT('Control Point',(30.0334022862,154.145927662,62.085851222)) ;
#2399=CARTESIAN_POINT('Control Point',(29.8559304263,153.996241086,62.4568484082)) ;
#2400=CARTESIAN_POINT('Control Point',(29.5013001178,153.857102367,62.7982335768)) ;
#2401=CARTESIAN_POINT('Control Point',(28.7081820848,153.652491927,63.2969223989)) ;
#2402=CARTESIAN_POINT('Control Point',(27.6735744059,153.499108864,63.6672505811)) ;
#2403=CARTESIAN_POINT('Control Point',(27.2246016331,153.445663912,63.7958496597)) ;
#2404=CARTESIAN_POINT('Control Point',(25.9176643759,153.321191767,64.094651995)) ;
#2405=CARTESIAN_POINT('Control Point',(24.4911232574,153.262774076,64.2338053763)) ;
#2406=CARTESIAN_POINT('Control Point',(23.5604265786,153.251696696,64.260173061)) ;
#2407=CARTESIAN_POINT('Control Point',(21.9463820076,153.277759477,64.1982582391)) ;
#2408=CARTESIAN_POINT('Control Point',(20.4225071138,153.384609309,63.9425118561)) ;
#2409=CARTESIAN_POINT('Control Point',(19.8008221596,153.444960371,63.7977460703)) ;
#2410=CARTESIAN_POINT('Control Point',(18.5522013604,153.608236288,63.4045146526)) ;
#2411=CARTESIAN_POINT('Control Point',(17.6094547609,153.840199422,62.8396945468)) ;
#2412=CARTESIAN_POINT('Control Point',(17.2257427377,153.983950555,62.4873049936)) ;
#2413=CARTESIAN_POINT('Control Point',(17.0334022862,154.139832051,62.1010910363)) ;
#2414=CARTESIAN_POINT('Control Point',(17.0334022862,154.294428872,61.714578992)) ;
#2421=CARTESIAN_POINT('Axis2P3D Location',(105.2,0.,0.)) ;
#2425=CARTESIAN_POINT('Vertex',(105.2,87.3820084561,141.350078313)) ;
#2428=CARTESIAN_POINT('Line Origine',(52.6,87.3820084561,141.350078313)) ;
#2432=CARTESIAN_POINT('Vertex',(38.0854836712,87.3820084561,141.350078313)) ;
#2435=CARTESIAN_POINT('Line Origine',(52.6,87.3820084561,141.350078313)) ;
#2439=CARTESIAN_POINT('Vertex',(79.2881704388,87.3820084561,141.350078313)) ;
#2442=CARTESIAN_POINT('Line Origine',(52.6,87.3820084561,141.350078313)) ;
#2456=CARTESIAN_POINT('Control Point',(17.0334022862,141.233725622,87.5699422629)) ;
#2457=CARTESIAN_POINT('Control Point',(17.0334022862,141.444328877,87.2302791142)) ;
#2458=CARTESIAN_POINT('Control Point',(17.2106844727,141.653812902,86.8901411104)) ;
#2459=CARTESIAN_POINT('Control Point',(17.565230989,141.845549052,86.5763545308)) ;
#2460=CARTESIAN_POINT('Control Point',(18.358337778,142.124543035,86.1173722511)) ;
#2461=CARTESIAN_POINT('Control Point',(19.3928272836,142.330572688,85.7758877251)) ;
#2462=CARTESIAN_POINT('Control Point',(19.8417193812,142.401971425,85.6572266593)) ;
#2463=CARTESIAN_POINT('Control Point',(21.1518965529,142.568093742,85.3806221915)) ;
#2464=CARTESIAN_POINT('Control Point',(22.5820066922,142.644878485,85.2519684057)) ;
#2465=CARTESIAN_POINT('Control Point',(23.5163339309,142.659233962,85.2279023286)) ;
#2466=CARTESIAN_POINT('Control Point',(25.1352213538,142.62437359,85.286436686)) ;
#2467=CARTESIAN_POINT('Control Point',(26.6627214266,142.481342985,85.5251438621)) ;
#2468=CARTESIAN_POINT('Control Point',(27.2850619352,142.40043685,85.6599326425)) ;
#2469=CARTESIAN_POINT('Control Point',(28.528237032,142.181271843,86.0238816743)) ;
#2470=CARTESIAN_POINT('Control Point',(29.4646454478,141.865187984,86.5442091963)) ;
#2471=CARTESIAN_POINT('Control Point',(29.8436280568,141.668321423,86.8665809596)) ;
#2472=CARTESIAN_POINT('Control Point',(30.0334022862,141.45162257,87.2185157689)) ;
#2473=CARTESIAN_POINT('Control Point',(30.0334022862,141.233725622,87.5699422629)) ;
#2474=CARTESIAN_POINT('Vertex',(17.0334022862,141.233725622,87.5699422629)) ;
#2476=CARTESIAN_POINT('Vertex',(30.0334022862,141.233725622,87.5699422629)) ;
#2480=CARTESIAN_POINT('Control Point',(30.0334022862,141.233725622,87.5699422629)) ;
#2481=CARTESIAN_POINT('Control Point',(30.0334022862,141.023009733,87.9097870691)) ;
#2482=CARTESIAN_POINT('Control Point',(29.8559304262,140.811174247,88.2491551732)) ;
#2483=CARTESIAN_POINT('Control Point',(29.5013001178,140.614868446,88.5611927491)) ;
#2484=CARTESIAN_POINT('Control Point',(28.7081820847,140.326770093,89.0167751375)) ;
#2485=CARTESIAN_POINT('Control Point',(27.6735744057,140.111410449,89.354842513)) ;
#2486=CARTESIAN_POINT('Control Point',(27.224601633,140.036446451,89.4722072641)) ;
#2487=CARTESIAN_POINT('Control Point',(25.9176643756,139.861978836,89.7448557594)) ;
#2488=CARTESIAN_POINT('Control Point',(24.491123257,139.78028491,89.8717509626)) ;
#2489=CARTESIAN_POINT('Control Point',(23.5604265784,139.76479712,89.8957944961)) ;
#2490=CARTESIAN_POINT('Control Point',(21.9463820074,139.801215345,89.8393460538)) ;
#2491=CARTESIAN_POINT('Control Point',(20.4225071136,139.950851781,89.6060393116)) ;
#2492=CARTESIAN_POINT('Control Point',(19.8008221593,140.03542429,89.4739526953)) ;
#2493=CARTESIAN_POINT('Control Point',(18.5522013602,140.264503597,89.1150479118)) ;
#2494=CARTESIAN_POINT('Control Point',(17.6094547609,140.591022672,88.5990886681)) ;
#2495=CARTESIAN_POINT('Control Point',(17.2257427376,140.793781707,88.2770148263)) ;
#2496=CARTESIAN_POINT('Control Point',(17.0334022862,141.014360363,87.9237368646)) ;
#2497=CARTESIAN_POINT('Control Point',(17.0334022862,141.233725622,87.5699422629)) ;
#2504=CARTESIAN_POINT('Control Point',(17.0334022862,123.881707087,110.764537151)) ;
#2505=CARTESIAN_POINT('Control Point',(17.0334022862,124.148092692,110.46660512)) ;
#2506=CARTESIAN_POINT('Control Point',(17.2106844727,124.413458529,110.168011096)) ;
#2507=CARTESIAN_POINT('Control Point',(17.565230989,124.656770243,109.892286272)) ;
#2508=CARTESIAN_POINT('Control Point',(18.358337778,125.011227117,109.488723762)) ;
#2509=CARTESIAN_POINT('Control Point',(19.3928272836,125.273424883,109.188203827)) ;
#2510=CARTESIAN_POINT('Control Point',(19.8417193812,125.36434419,109.08374375)) ;
#2511=CARTESIAN_POINT('Control Point',(21.1518965529,125.575974598,108.840188363)) ;
#2512=CARTESIAN_POINT('Control Point',(22.5820066921,125.673933304,108.726822648)) ;
#2513=CARTESIAN_POINT('Control Point',(23.516333931,125.692249719,108.705614991)) ;
#2514=CARTESIAN_POINT('Control Point',(25.1352213538,125.647754569,108.75720664)) ;
#2515=CARTESIAN_POINT('Control Point',(26.6627214266,125.465445855,108.967450314)) ;
#2516=CARTESIAN_POINT('Control Point',(27.2850619352,125.36236304,109.086142147)) ;
#2517=CARTESIAN_POINT('Control Point',(28.528237032,125.083328556,109.406504371)) ;
#2518=CARTESIAN_POINT('Control Point',(29.4646454478,124.681692794,109.864039563)) ;
#2519=CARTESIAN_POINT('Control Point',(29.8436280568,124.43183781,110.147328255)) ;
#2520=CARTESIAN_POINT('Control Point',(30.0334022862,124.157318261,110.456287023)) ;
#2521=CARTESIAN_POINT('Control Point',(30.0334022862,123.881707087,110.764537151)) ;
#2522=CARTESIAN_POINT('Vertex',(17.0334022862,123.881707087,110.764537151)) ;
#2524=CARTESIAN_POINT('Vertex',(30.0334022862,123.881707087,110.764537151)) ;
#2528=CARTESIAN_POINT('Control Point',(30.0334022862,123.881707087,110.764537151)) ;
#2529=CARTESIAN_POINT('Control Point',(30.0334022862,123.615179015,111.06262852)) ;
#2530=CARTESIAN_POINT('Control Point',(29.8559304263,123.347631133,111.360056015)) ;
#2531=CARTESIAN_POINT('Control Point',(29.5013001177,123.100122901,111.633264894)) ;
#2532=CARTESIAN_POINT('Control Point',(28.7081820847,122.737290359,112.031898208)) ;
#2533=CARTESIAN_POINT('Control Point',(27.6735744057,122.466497728,112.327432771)) ;
#2534=CARTESIAN_POINT('Control Point',(27.224601633,122.372292426,112.429997126)) ;
#2535=CARTESIAN_POINT('Control Point',(25.9176643756,122.153130452,112.668207495)) ;
#2536=CARTESIAN_POINT('Control Point',(24.4911232569,122.050642519,112.778988873)) ;
#2537=CARTESIAN_POINT('Control Point',(23.5604265785,122.031214908,112.799977705)) ;
#2538=CARTESIAN_POINT('Control Point',(21.9463820074,122.076882027,112.7507108)) ;
#2539=CARTESIAN_POINT('Control Point',(20.4225071135,122.26475844,112.546932605)) ;
#2540=CARTESIAN_POINT('Control Point',(19.8008221594,122.370982703,112.431538544)) ;
#2541=CARTESIAN_POINT('Control Point',(18.5522013603,122.658904943,112.117865535)) ;
#2542=CARTESIAN_POINT('Control Point',(17.6094547609,123.070058841,111.666444313)) ;
#2543=CARTESIAN_POINT('Control Point',(17.2257427376,123.325665046,111.384472234)) ;
#2544=CARTESIAN_POINT('Control Point',(17.0334022862,123.604238691,111.07486444)) ;
#2545=CARTESIAN_POINT('Control Point',(17.0334022862,123.881707087,110.764537151)) ;
#2552=CARTESIAN_POINT('Control Point',(17.0334022862,102.765605569,130.593607627)) ;
#2553=CARTESIAN_POINT('Control Point',(17.0334022862,103.079679533,130.346459228)) ;
#2554=CARTESIAN_POINT('Control Point',(17.2106844727,103.392864174,130.098481812)) ;
#2555=CARTESIAN_POINT('Control Point',(17.5652309891,103.68035855,129.869196504)) ;
#2556=CARTESIAN_POINT('Control Point',(18.3583377781,104.099508322,129.533315805)) ;
#2557=CARTESIAN_POINT('Control Point',(19.3928272837,104.409907454,129.282891607)) ;
#2558=CARTESIAN_POINT('Control Point',(19.8417193814,104.517584795,129.195806485)) ;
#2559=CARTESIAN_POINT('Control Point',(21.1518965531,104.76829301,128.992700487)) ;
#2560=CARTESIAN_POINT('Control Point',(22.5820066924,104.884449253,128.898067403)) ;
#2561=CARTESIAN_POINT('Control Point',(23.5163339313,104.906170072,128.88036255)) ;
#2562=CARTESIAN_POINT('Control Point',(25.1352213541,104.853392107,128.923443904)) ;
#2563=CARTESIAN_POINT('Control Point',(26.6627214268,104.637344641,129.098835928)) ;
#2564=CARTESIAN_POINT('Control Point',(27.2850619354,104.515217265,129.197824422)) ;
#2565=CARTESIAN_POINT('Control Point',(28.5282370321,104.184791625,129.464865795)) ;
#2566=CARTESIAN_POINT('Control Point',(29.4646454479,103.709807461,129.845706681)) ;
#2567=CARTESIAN_POINT('Control Point',(29.8436280568,103.41455577,130.081304719)) ;
#2568=CARTESIAN_POINT('Control Point',(30.0334022862,103.090556663,130.337899889)) ;
#2569=CARTESIAN_POINT('Control Point',(30.0334022862,102.765605569,130.593607627)) ;
#2570=CARTESIAN_POINT('Vertex',(17.0334022862,102.765605569,130.593607627)) ;
#2572=CARTESIAN_POINT('Vertex',(30.0334022862,102.765605569,130.593607627)) ;
#2576=CARTESIAN_POINT('Control Point',(30.0334022862,102.765605569,130.593607627)) ;
#2577=CARTESIAN_POINT('Control Point',(30.0334022862,102.451363634,130.840888205)) ;
#2578=CARTESIAN_POINT('Control Point',(29.8559304262,102.136232663,131.087337905)) ;
#2579=CARTESIAN_POINT('Control Point',(29.5013001177,101.845042414,131.313416774)) ;
#2580=CARTESIAN_POINT('Control Point',(28.7081820846,101.418500164,131.642988743)) ;
#2581=CARTESIAN_POINT('Control Point',(27.6735744055,101.100502444,131.887010825)) ;
#2582=CARTESIAN_POINT('Control Point',(27.2246016328,100.989918218,131.971658417)) ;
#2583=CARTESIAN_POINT('Control Point',(25.9176643753,100.732721011,132.168192758)) ;
#2584=CARTESIAN_POINT('Control Point',(24.4911232567,100.612553116,132.259494276)) ;
#2585=CARTESIAN_POINT('Control Point',(23.5604265782,100.589775982,132.276790671)) ;
#2586=CARTESIAN_POINT('Control Point',(21.9463820071,100.643304423,132.236202252)) ;
#2587=CARTESIAN_POINT('Control Point',(20.4225071133,100.863712283,132.068144304)) ;
#2588=CARTESIAN_POINT('Control Point',(19.8008221591,100.988360729,131.972948986)) ;
#2589=CARTESIAN_POINT('Control Point',(18.5522013601,101.32637753,131.714038548)) ;
#2590=CARTESIAN_POINT('Control Point',(17.6094547608,101.809673549,131.340871554)) ;
#2591=CARTESIAN_POINT('Control Point',(17.2257427376,102.110360459,131.107568816)) ;
#2592=CARTESIAN_POINT('Control Point',(17.0334022862,102.438464773,130.851038466)) ;
#2593=CARTESIAN_POINT('Control Point',(17.0334022862,102.765605569,130.593607627)) ;
#2600=CARTESIAN_POINT('Axis2P3D Location',(0.,83.2111482807,134.125936578)) ;
#2605=CARTESIAN_POINT('Line Origine',(79.2881704388,85.3484207737,137.827801126)) ;
#2609=CARTESIAN_POINT('Vertex',(79.2881704388,83.3148330914,134.305523938)) ;
#2612=CARTESIAN_POINT('Line Origine',(53.7055151071,83.3148330914,134.305523938)) ;
#2616=CARTESIAN_POINT('Vertex',(28.1228597754,83.3148330914,134.305523938)) ;
#2619=CARTESIAN_POINT('Line Origine',(33.1041717233,85.3484207737,137.827801126)) ;
#2624=CARTESIAN_POINT('Line Origine',(56.2658708165,83.2111482807,134.125936578)) ;
#2628=CARTESIAN_POINT('Vertex',(112.531741633,83.2111482807,134.125936578)) ;
#2632=CARTESIAN_POINT('Control Point',(112.531741633,83.2111482807,134.125936578)) ;
#2633=CARTESIAN_POINT('Control Point',(112.265393621,83.2969997572,134.274635697)) ;
#2634=CARTESIAN_POINT('Control Point',(111.999045451,83.3828511675,134.423334702)) ;
#2635=CARTESIAN_POINT('Control Point',(111.732697122,83.4687025123,134.572033593)) ;
#2636=CARTESIAN_POINT('Control Point',(111.466348639,83.5545537913,134.72073237)) ;
#2637=CARTESIAN_POINT('Control Point',(111.2,83.6404050048,134.869431034)) ;
#2638=CARTESIAN_POINT('Vertex',(111.2,83.6404050048,134.869431034)) ;
#2641=CARTESIAN_POINT('Line Origine',(108.2,83.6404050048,134.869431034)) ;
#2645=CARTESIAN_POINT('Vertex',(105.2,83.6404050048,134.869431034)) ;
#2648=CARTESIAN_POINT('Line Origine',(105.2,85.5112067304,138.109754674)) ;
#2666=CARTESIAN_POINT('Axis2P3D Location',(0.,83.2111482807,134.125936578)) ;
#2671=CARTESIAN_POINT('Line Origine',(56.2658708165,74.5508942429,139.125936578)) ;
#2675=CARTESIAN_POINT('Vertex',(112.531741633,74.5508942429,139.125936578)) ;
#2679=CARTESIAN_POINT('Control Point',(112.531741633,83.2111482807,134.125936578)) ;
#2680=CARTESIAN_POINT('Control Point',(112.630004514,81.4802125292,135.1252928)) ;
#2681=CARTESIAN_POINT('Control Point',(112.67931188,79.7476028354,136.125615474)) ;
#2682=CARTESIAN_POINT('Control Point',(112.67931188,78.0144396882,137.126257683)) ;
#2683=CARTESIAN_POINT('Control Point',(112.630004514,76.2818299944,138.126580356)) ;
#2684=CARTESIAN_POINT('Control Point',(112.531741633,74.5508942429,139.125936578)) ;
#2693=CARTESIAN_POINT('Axis2P3D Location',(0.,74.5508942429,139.125936578)) ;
#2698=CARTESIAN_POINT('Line Origine',(34.0485763043,78.7217544182,146.350078313)) ;
#2702=CARTESIAN_POINT('Vertex',(30.0116689374,78.7217544182,146.350078313)) ;
#2704=CARTESIAN_POINT('Vertex',(38.0854836712,78.7217544182,146.350078313)) ;
#2707=CARTESIAN_POINT('Line Origine',(33.1041717233,76.6881667359,142.827801126)) ;
#2711=CARTESIAN_POINT('Vertex',(28.1228597754,74.6545790536,139.305523938)) ;
#2714=CARTESIAN_POINT('Line Origine',(53.7055151071,74.6545790536,139.305523938)) ;
#2718=CARTESIAN_POINT('Vertex',(79.2881704388,74.6545790536,139.305523938)) ;
#2721=CARTESIAN_POINT('Line Origine',(79.2881704388,76.6881667359,142.827801126)) ;
#2725=CARTESIAN_POINT('Vertex',(79.2881704388,78.7217544182,146.350078313)) ;
#2728=CARTESIAN_POINT('Line Origine',(92.2440852194,78.7217544182,146.350078313)) ;
#2732=CARTESIAN_POINT('Vertex',(105.2,78.7217544182,146.350078313)) ;
#2735=CARTESIAN_POINT('Line Origine',(105.2,76.8509526926,143.109754674)) ;
#2739=CARTESIAN_POINT('Vertex',(105.2,74.980150967,139.869431034)) ;
#2742=CARTESIAN_POINT('Line Origine',(108.2,74.980150967,139.869431034)) ;
#2746=CARTESIAN_POINT('Vertex',(111.2,74.980150967,139.869431034)) ;
#2750=CARTESIAN_POINT('Control Point',(112.531741633,74.5508942429,139.125936578)) ;
#2751=CARTESIAN_POINT('Control Point',(112.265393621,74.6367457193,139.274635697)) ;
#2752=CARTESIAN_POINT('Control Point',(111.999045451,74.7225971297,139.423334702)) ;
#2753=CARTESIAN_POINT('Control Point',(111.732697122,74.8084484745,139.572033593)) ;
#2754=CARTESIAN_POINT('Control Point',(111.466348639,74.8942997534,139.72073237)) ;
#2755=CARTESIAN_POINT('Control Point',(111.2,74.980150967,139.869431034)) ;
#2757=CARTESIAN_POINT('Line Origine',(8.52756781749,78.7217544182,146.350078313)) ;
#2761=CARTESIAN_POINT('Vertex',(17.055135635,78.7217544182,146.350078313)) ;
#2765=CARTESIAN_POINT('Control Point',(17.1102343229,78.1723975241,145.398564261)) ;
#2766=CARTESIAN_POINT('Control Point',(17.0958084147,78.2821731741,145.588701264)) ;
#2767=CARTESIAN_POINT('Control Point',(17.0830984488,78.3920048533,145.778935313)) ;
#2768=CARTESIAN_POINT('Control Point',(17.072088878,78.5018933267,145.969267732)) ;
#2769=CARTESIAN_POINT('Control Point',(17.0627708162,78.6118093527,146.159647874)) ;
#2770=CARTESIAN_POINT('Control Point',(17.055135635,78.7217544182,146.350078313)) ;
#2771=CARTESIAN_POINT('Vertex',(17.1102343229,78.1723975241,145.398564261)) ;
#2774=CARTESIAN_POINT('Line Origine',(23.5334022862,78.1723975241,145.398564261)) ;
#2778=CARTESIAN_POINT('Vertex',(29.9565702495,78.1723975241,145.398564261)) ;
#2782=CARTESIAN_POINT('Control Point',(29.9565702495,78.1723975241,145.398564261)) ;
#2783=CARTESIAN_POINT('Control Point',(29.9709961576,78.2821731741,145.588701264)) ;
#2784=CARTESIAN_POINT('Control Point',(29.9837061236,78.3920048533,145.778935313)) ;
#2785=CARTESIAN_POINT('Control Point',(29.9947156944,78.5018933267,145.969267732)) ;
#2786=CARTESIAN_POINT('Control Point',(30.0040337561,78.6118093527,146.159647874)) ;
#2787=CARTESIAN_POINT('Control Point',(30.0116689374,78.7217544182,146.350078313)) ;
#2806=CARTESIAN_POINT('Line Origine',(52.6,-78.7217544182,146.350078313)) ;
#2811=CARTESIAN_POINT('Line Origine',(52.6,-78.7217544182,146.350078313)) ;
#2815=CARTESIAN_POINT('Vertex',(105.2,-78.7217544182,146.350078313)) ;
#2818=CARTESIAN_POINT('Axis2P3D Location',(105.2,0.,0.)) ;
#2823=CARTESIAN_POINT('Line Origine',(52.6,78.7217544182,146.350078313)) ;
#2829=CARTESIAN_POINT('Control Point',(30.0116689374,78.7217544182,146.350078313)) ;
#2830=CARTESIAN_POINT('Control Point',(30.0261277353,78.6571193153,146.384845556)) ;
#2831=CARTESIAN_POINT('Control Point',(30.0334022862,78.5920664875,146.419782042)) ;
#2832=CARTESIAN_POINT('Control Point',(30.0334022862,78.5270231283,146.454657419)) ;
#2833=CARTESIAN_POINT('Vertex',(30.0334022862,78.5270231283,146.454657419)) ;
#2837=CARTESIAN_POINT('Control Point',(30.0334022862,78.5270231283,146.454657419)) ;
#2838=CARTESIAN_POINT('Control Point',(30.0334022862,78.1746154124,146.64361371)) ;
#2839=CARTESIAN_POINT('Control Point',(29.8559304262,77.8214764481,146.831597366)) ;
#2840=CARTESIAN_POINT('Control Point',(29.5013001177,77.4954518493,147.003676933)) ;
#2841=CARTESIAN_POINT('Control Point',(28.7081820846,77.018160163,147.254173679)) ;
#2842=CARTESIAN_POINT('Control Point',(27.6735744055,76.6626195527,147.439268792)) ;
#2843=CARTESIAN_POINT('Control Point',(27.2246016328,76.5390164498,147.503427649)) ;
#2844=CARTESIAN_POINT('Control Point',(25.9176643753,76.251598816,147.652314365)) ;
#2845=CARTESIAN_POINT('Control Point',(24.4911232566,76.117402199,147.721361871)) ;
#2846=CARTESIAN_POINT('Control Point',(23.5604265782,76.0919676129,147.734440287)) ;
#2847=CARTESIAN_POINT('Control Point',(21.9463820072,76.1517309418,147.703763614)) ;
#2848=CARTESIAN_POINT('Control Point',(20.4225071134,76.3979732677,147.576532267)) ;
#2849=CARTESIAN_POINT('Control Point',(19.800822159,76.5372585171,147.504428156)) ;
#2850=CARTESIAN_POINT('Control Point',(18.5522013601,76.9150994088,147.30814715)) ;
#2851=CARTESIAN_POINT('Control Point',(17.6094547608,77.4558528441,147.024572875)) ;
#2852=CARTESIAN_POINT('Control Point',(17.2257427376,77.7924842397,146.847028263)) ;
#2853=CARTESIAN_POINT('Control Point',(17.0334022862,78.1601499402,146.651369902)) ;
#2854=CARTESIAN_POINT('Control Point',(17.0334022862,78.5270231283,146.454657419)) ;
#2855=CARTESIAN_POINT('Vertex',(17.0334022862,78.5270231283,146.454657419)) ;
#2859=CARTESIAN_POINT('Control Point',(17.055135635,78.7217544182,146.350078313)) ;
#2860=CARTESIAN_POINT('Control Point',(17.040676837,78.6571193153,146.384845556)) ;
#2861=CARTESIAN_POINT('Control Point',(17.0334022862,78.5920664875,146.419782042)) ;
#2862=CARTESIAN_POINT('Control Point',(17.0334022862,78.5270231283,146.454657419)) ;
#2879=CARTESIAN_POINT('Control Point',(17.0334022862,51.9024368262,157.865756554)) ;
#2880=CARTESIAN_POINT('Control Point',(17.0334022862,52.2820995428,157.74093265)) ;
#2881=CARTESIAN_POINT('Control Point',(17.2106844727,52.6612101109,157.615025558)) ;
#2882=CARTESIAN_POINT('Control Point',(17.5652309891,53.0097866479,157.497896713)) ;
#2883=CARTESIAN_POINT('Control Point',(18.3583377782,53.518536561,157.325629764)) ;
#2884=CARTESIAN_POINT('Control Point',(19.3928272838,53.8958664542,157.196470749)) ;
#2885=CARTESIAN_POINT('Control Point',(19.8417193814,54.0268349228,157.151465322)) ;
#2886=CARTESIAN_POINT('Control Point',(21.1518965531,54.331889925,157.046355374)) ;
#2887=CARTESIAN_POINT('Control Point',(22.5820066924,54.4734075104,156.997157138)) ;
#2888=CARTESIAN_POINT('Control Point',(23.5163339313,54.4998738201,156.987948976)) ;
#2889=CARTESIAN_POINT('Control Point',(25.1352213541,54.4355440656,157.01038108)) ;
#2890=CARTESIAN_POINT('Control Point',(26.6627214269,54.1725382504,157.101303085)) ;
#2891=CARTESIAN_POINT('Control Point',(27.2850619354,54.0239199976,157.15255182)) ;
#2892=CARTESIAN_POINT('Control Point',(28.5282370321,53.6220879335,157.290476402)) ;
#2893=CARTESIAN_POINT('Control Point',(29.4646454479,53.0454935655,157.485895621)) ;
#2894=CARTESIAN_POINT('Control Point',(29.8436280568,52.6874684556,157.606303333)) ;
#2895=CARTESIAN_POINT('Control Point',(30.0334022862,52.2952481685,157.7366097)) ;
#2896=CARTESIAN_POINT('Control Point',(30.0334022862,51.9024368262,157.865756554)) ;
#2897=CARTESIAN_POINT('Vertex',(17.0334022862,51.9024368262,157.865756554)) ;
#2899=CARTESIAN_POINT('Vertex',(30.0334022862,51.9024368262,157.865756554)) ;
#2903=CARTESIAN_POINT('Control Point',(30.0334022862,51.9024368262,157.865756554)) ;
#2904=CARTESIAN_POINT('Control Point',(30.0334022862,51.5225710597,157.990647217)) ;
#2905=CARTESIAN_POINT('Control Point',(29.8559304262,51.1421540504,158.114453042)) ;
#2906=CARTESIAN_POINT('Control Point',(29.5013001177,50.7912011946,158.227304756)) ;
#2907=CARTESIAN_POINT('Control Point',(28.7081820846,50.2776623381,158.391115062)) ;
#2908=CARTESIAN_POINT('Control Point',(27.6735744055,49.8953817594,158.511659186)) ;
#2909=CARTESIAN_POINT('Control Point',(27.2246016327,49.7625153968,158.553379871)) ;
#2910=CARTESIAN_POINT('Control Point',(25.9176643753,49.4536103758,158.650095115)) ;
#2911=CARTESIAN_POINT('Control Point',(24.4911232567,49.3094625333,158.694790637)) ;
#2912=CARTESIAN_POINT('Control Point',(23.5604265781,49.2821433126,158.703253693)) ;
#2913=CARTESIAN_POINT('Control Point',(21.9463820071,49.3463256506,158.683420861)) ;
#2914=CARTESIAN_POINT('Control Point',(20.4225071133,49.610920494,158.600881974)) ;
#2915=CARTESIAN_POINT('Control Point',(19.8008221591,49.7606104348,158.554059917)) ;
#2916=CARTESIAN_POINT('Control Point',(18.5522013601,50.1667949134,158.426372242)) ;
#2917=CARTESIAN_POINT('Control Point',(17.6094547608,50.7485752451,158.241006946)) ;
#2918=CARTESIAN_POINT('Control Point',(17.2257427376,51.1109227517,158.124615065)) ;
#2919=CARTESIAN_POINT('Control Point',(17.0334022862,51.5069785019,157.995773672)) ;
#2920=CARTESIAN_POINT('Control Point',(17.0334022862,51.9024368262,157.865756554)) ;
#2927=CARTESIAN_POINT('Control Point',(17.0334022862,23.7008212449,164.480184561)) ;
#2928=CARTESIAN_POINT('Control Point',(17.0334022862,24.0963914754,164.423184751)) ;
#2929=CARTESIAN_POINT('Control Point',(17.2106844727,24.4916060391,164.36502233)) ;
#2930=CARTESIAN_POINT('Control Point',(17.5652309891,24.8552261258,164.310202616)) ;
#2931=CARTESIAN_POINT('Control Point',(18.3583377782,25.3861608263,164.228896284)) ;
#2932=CARTESIAN_POINT('Control Point',(19.3928272837,25.7801864582,164.167222133)) ;
#2933=CARTESIAN_POINT('Control Point',(19.8417193814,25.9169803318,164.145642876)) ;
#2934=CARTESIAN_POINT('Control Point',(21.1518965531,26.2356530141,164.095102029)) ;
#2935=CARTESIAN_POINT('Control Point',(22.5820066924,26.3835638134,164.071225496)) ;
#2936=CARTESIAN_POINT('Control Point',(23.5163339313,26.4112270209,164.066753053)) ;
#2937=CARTESIAN_POINT('Control Point',(25.1352213541,26.343979286,164.077673618)) ;
#2938=CARTESIAN_POINT('Control Point',(26.6627214268,26.0691806796,164.121543833)) ;
#2939=CARTESIAN_POINT('Control Point',(27.2850619354,25.9139210225,164.146206696)) ;
#2940=CARTESIAN_POINT('Control Point',(28.5282370321,25.494243338,164.212258488)) ;
#2941=CARTESIAN_POINT('Control Point',(29.4646454479,24.8924745428,164.304584289)) ;
#2942=CARTESIAN_POINT('Control Point',(29.8436280568,24.5189800591,164.360992329)) ;
#2943=CARTESIAN_POINT('Control Point',(30.0334022862,24.1100910163,164.421210712)) ;
#2944=CARTESIAN_POINT('Control Point',(30.0334022862,23.7008212449,164.480184561)) ;
#2945=CARTESIAN_POINT('Vertex',(17.0334022862,23.7008212449,164.480184561)) ;
#2947=CARTESIAN_POINT('Vertex',(30.0334022862,23.7008212449,164.480184561)) ;
#2951=CARTESIAN_POINT('Control Point',(30.0334022862,23.7008212449,164.480184561)) ;
#2952=CARTESIAN_POINT('Control Point',(30.0334022862,23.305039457,164.537214856)) ;
#2953=CARTESIAN_POINT('Control Point',(29.8559304262,22.908903181,164.593081072)) ;
#2954=CARTESIAN_POINT('Control Point',(29.5013001177,22.5436855932,164.643275991)) ;
#2955=CARTESIAN_POINT('Control Point',(28.7081820846,22.0095031848,164.715422563)) ;
#2956=CARTESIAN_POINT('Control Point',(27.6735744055,21.6120980396,164.767753025)) ;
#2957=CARTESIAN_POINT('Control Point',(27.2246016328,21.4740054946,164.785767878)) ;
#2958=CARTESIAN_POINT('Control Point',(25.9176643753,21.1529990091,164.827373006)) ;
#2959=CARTESIAN_POINT('Control Point',(24.4911232566,21.0032798004,164.846358493)) ;
#2960=CARTESIAN_POINT('Control Point',(23.5604265782,20.9749060258,164.849949043)) ;
#2961=CARTESIAN_POINT('Control Point',(21.9463820071,21.0415572249,164.841562662)) ;
#2962=CARTESIAN_POINT('Control Point',(20.4225071133,21.3164650053,164.806224139)) ;
#2963=CARTESIAN_POINT('Control Point',(19.8008221591,21.4720113846,164.786106799)) ;
#2964=CARTESIAN_POINT('Control Point',(18.5522013601,21.8941977402,164.730892182)) ;
#2965=CARTESIAN_POINT('Control Point',(17.6094547608,22.4993278673,164.649368096)) ;
#2966=CARTESIAN_POINT('Control Point',(17.2257427376,22.8763817392,164.597665453)) ;
#2967=CARTESIAN_POINT('Control Point',(17.0334022862,23.2887935856,164.53955581)) ;
#2968=CARTESIAN_POINT('Control Point',(17.0334022862,23.7008212449,164.480184561)) ;
#2975=CARTESIAN_POINT('Control Point',(17.0334022862,-5.22093179662,166.096965391)) ;
#2976=CARTESIAN_POINT('Control Point',(17.0334022862,-4.82147325362,166.109521586)) ;
#2977=CARTESIAN_POINT('Control Point',(17.2106844727,-4.42216308882,166.120871072)) ;
#2978=CARTESIAN_POINT('Control Point',(17.565230989,-4.05454786502,166.130026158)) ;
#2979=CARTESIAN_POINT('Control Point',(18.3583377779,-3.51756055925,166.142150895)) ;
#2980=CARTESIAN_POINT('Control Point',(19.3928272834,-3.11881145808,166.149835546)) ;
#2981=CARTESIAN_POINT('Control Point',(19.841719381,-2.98034859211,166.152338133)) ;
#2982=CARTESIAN_POINT('Control Point',(21.1518965526,-2.65774093785,166.157902045)) ;
#2983=CARTESIAN_POINT('Control Point',(22.5820066919,-2.50793111939,166.160072691)) ;
#2984=CARTESIAN_POINT('Control Point',(23.5163339307,-2.47991154662,166.16047186)) ;
#2985=CARTESIAN_POINT('Control Point',(25.1352213535,-2.54803397346,166.159549071)) ;
#2986=CARTESIAN_POINT('Control Point',(26.6627214263,-2.82627575442,166.155034521)) ;
#2987=CARTESIAN_POINT('Control Point',(27.285061935,-2.9834593297,166.152362144)) ;
#2988=CARTESIAN_POINT('Control Point',(28.5282370318,-3.40823094051,166.144534196)) ;
#2989=CARTESIAN_POINT('Control Point',(29.4646454478,-4.01688972246,166.130961305)) ;
#2990=CARTESIAN_POINT('Control Point',(29.8436280568,-4.39450513921,166.121655744)) ;
#2991=CARTESIAN_POINT('Control Point',(30.0334022862,-4.80763905114,166.109956437)) ;
#2992=CARTESIAN_POINT('Control Point',(30.0334022862,-5.22093179662,166.096965391)) ;
#2993=CARTESIAN_POINT('Vertex',(17.0334022862,-5.22093179662,166.096965391)) ;
#2995=CARTESIAN_POINT('Vertex',(30.0334022862,-5.22093179662,166.096965391)) ;
#2999=CARTESIAN_POINT('Control Point',(30.0334022862,-5.22093179662,166.096965391)) ;
#3000=CARTESIAN_POINT('Control Point',(30.0334022862,-5.62060397657,166.084402481)) ;
#3001=CARTESIAN_POINT('Control Point',(29.8559304263,-6.02042311894,166.070631621)) ;
#3002=CARTESIAN_POINT('Control Point',(29.5013001178,-6.38880848717,166.056644598)) ;
#3003=CARTESIAN_POINT('Control Point',(28.7081820848,-6.92740358531,166.034935301)) ;
#3004=CARTESIAN_POINT('Control Point',(27.6735744058,-7.32785834267,166.017462066)) ;
#3005=CARTESIAN_POINT('Control Point',(27.2246016332,-7.46698119805,166.011223714)) ;
#3006=CARTESIAN_POINT('Control Point',(25.9176643758,-7.79033552848,165.996454576)) ;
#3007=CARTESIAN_POINT('Control Point',(24.4911232572,-7.94107696116,165.989153162)) ;
#3008=CARTESIAN_POINT('Control Point',(23.5604265788,-7.96964316685,165.987762109)) ;
#3009=CARTESIAN_POINT('Control Point',(21.9463820077,-7.90254826955,165.991076996)) ;
#3010=CARTESIAN_POINT('Control Point',(20.4225071138,-7.62568048597,166.004012579)) ;
#3011=CARTESIAN_POINT('Control Point',(19.8008221596,-7.4690038663,166.011211212)) ;
#3012=CARTESIAN_POINT('Control Point',(18.5522013604,-7.04364355245,166.030147321)) ;
#3013=CARTESIAN_POINT('Control Point',(17.609454761,-6.43355020273,166.054941512)) ;
#3014=CARTESIAN_POINT('Control Point',(17.2257427377,-6.05324655658,166.069499066)) ;
#3015=CARTESIAN_POINT('Control Point',(17.0334022862,-5.63700953914,166.083886805)) ;
#3016=CARTESIAN_POINT('Control Point',(17.0334022862,-5.22093179662,166.096965391)) ;
#3023=CARTESIAN_POINT('Control Point',(17.0334022862,-33.9840494675,162.666973977)) ;
#3024=CARTESIAN_POINT('Control Point',(17.0334022862,-33.5928399576,162.748704663)) ;
#3025=CARTESIAN_POINT('Control Point',(17.2106844727,-33.201567029,162.829221207)) ;
#3026=CARTESIAN_POINT('Control Point',(17.565230989,-32.8411264705,162.90207292)) ;
#3027=CARTESIAN_POINT('Control Point',(18.3583377779,-32.314402647,163.007260323)) ;
#3028=CARTESIAN_POINT('Control Point',(19.3928272834,-31.9230458663,163.084070281)) ;
#3029=CARTESIAN_POINT('Control Point',(19.841719381,-31.787121132,163.110578672)) ;
#3030=CARTESIAN_POINT('Control Point',(21.1518965527,-31.4703807762,163.172078288)) ;
#3031=CARTESIAN_POINT('Control Point',(22.5820066919,-31.3232238342,163.200230158)) ;
#3032=CARTESIAN_POINT('Control Point',(23.5163339306,-31.2956992567,163.205488811)) ;
#3033=CARTESIAN_POINT('Control Point',(25.1352213535,-31.3626265101,163.192750706)) ;
#3034=CARTESIAN_POINT('Control Point',(26.6627214263,-31.6358572299,163.139988564)) ;
#3035=CARTESIAN_POINT('Control Point',(27.285061935,-31.79018878,163.110062145)) ;
#3036=CARTESIAN_POINT('Control Point',(28.5282370318,-32.2071478467,163.028592305)) ;
#3037=CARTESIAN_POINT('Control Point',(29.4646454477,-32.8042028263,162.909533128)) ;
#3038=CARTESIAN_POINT('Control Point',(29.8436280568,-33.1744655227,162.834796711)) ;
#3039=CARTESIAN_POINT('Control Point',(30.0334022862,-33.5792914388,162.751535191)) ;
#3040=CARTESIAN_POINT('Control Point',(30.0334022862,-33.9840494675,162.666973977)) ;
#3041=CARTESIAN_POINT('Vertex',(17.0334022862,-33.9840494675,162.666973977)) ;
#3043=CARTESIAN_POINT('Vertex',(30.0334022862,-33.9840494675,162.666973977)) ;
#3047=CARTESIAN_POINT('Control Point',(30.0334022862,-33.9840494675,162.666973977)) ;
#3048=CARTESIAN_POINT('Control Point',(30.0334022862,-34.3754682025,162.58519958)) ;
#3049=CARTESIAN_POINT('Control Point',(29.8559304263,-34.766821909,162.502210065)) ;
#3050=CARTESIAN_POINT('Control Point',(29.5013001178,-35.1271818547,162.424466089)) ;
#3051=CARTESIAN_POINT('Control Point',(28.7081820848,-35.653824703,162.309560546)) ;
#3052=CARTESIAN_POINT('Control Point',(27.6735744058,-36.0451614575,162.22281453)) ;
#3053=CARTESIAN_POINT('Control Point',(27.2246016332,-36.1810874456,162.192512523)) ;
#3054=CARTESIAN_POINT('Control Point',(25.9176643758,-36.4969646632,162.121817871)) ;
#3055=CARTESIAN_POINT('Control Point',(24.4911232572,-36.6441481176,162.088451407)) ;
#3056=CARTESIAN_POINT('Control Point',(23.5604265788,-36.6720387847,162.082121017)) ;
#3057=CARTESIAN_POINT('Control Point',(21.9463820077,-36.6065388337,162.09703645)) ;
#3058=CARTESIAN_POINT('Control Point',(20.4225071138,-36.3361235344,162.157853099)) ;
#3059=CARTESIAN_POINT('Control Point',(19.8008221596,-36.1830772141,162.192148978)) ;
#3060=CARTESIAN_POINT('Control Point',(18.5522013604,-35.7674672999,162.284660448)) ;
#3061=CARTESIAN_POINT('Control Point',(17.6094547609,-35.1709481052,162.415019558)) ;
#3062=CARTESIAN_POINT('Control Point',(17.2257427377,-34.7989500187,162.495394986)) ;
#3063=CARTESIAN_POINT('Control Point',(17.0334022862,-34.3915349814,162.581842942)) ;
#3064=CARTESIAN_POINT('Control Point',(17.0334022862,-33.9840494675,162.666973977)) ;
#3071=CARTESIAN_POINT('Control Point',(17.0334022862,-61.714578992,154.294428872)) ;
#3072=CARTESIAN_POINT('Control Point',(17.0334022862,-61.3435052183,154.442850703)) ;
#3073=CARTESIAN_POINT('Control Point',(17.2106844727,-60.9721581558,154.590087851)) ;
#3074=CARTESIAN_POINT('Control Point',(17.565230989,-60.6298440666,154.72442263)) ;
#3075=CARTESIAN_POINT('Control Point',(18.3583377779,-60.1293879622,154.919476631)) ;
#3076=CARTESIAN_POINT('Control Point',(19.3928272834,-59.7573146796,155.063078065)) ;
#3077=CARTESIAN_POINT('Control Point',(19.841719381,-59.6280580815,155.112786817)) ;
#3078=CARTESIAN_POINT('Control Point',(21.1518965527,-59.3268090195,155.228353501)) ;
#3079=CARTESIAN_POINT('Control Point',(22.5820066919,-59.186776243,155.281631216)) ;
#3080=CARTESIAN_POINT('Control Point',(23.5163339306,-59.1605829812,155.291589571)) ;
#3081=CARTESIAN_POINT('Control Point',(25.1352213535,-59.2242815104,155.26742319)) ;
#3082=CARTESIAN_POINT('Control Point',(26.6627214263,-59.484199192,155.168016607)) ;
#3083=CARTESIAN_POINT('Control Point',(27.285061935,-59.6309894308,155.111745445)) ;
#3084=CARTESIAN_POINT('Control Point',(28.5282370318,-60.0274668631,154.959109133)) ;
#3085=CARTESIAN_POINT('Control Point',(29.4646454478,-60.594776827,154.738181224)) ;
#3086=CARTESIAN_POINT('Control Point',(29.8436280568,-60.9464365583,154.600284778)) ;
#3087=CARTESIAN_POINT('Control Point',(30.0334022862,-61.3306540481,154.447990905)) ;
#3088=CARTESIAN_POINT('Control Point',(30.0334022862,-61.714578992,154.294428872)) ;
#3089=CARTESIAN_POINT('Vertex',(17.0334022862,-61.714578992,154.294428872)) ;
#3091=CARTESIAN_POINT('Vertex',(30.0334022862,-61.714578992,154.294428872)) ;
#3095=CARTESIAN_POINT('Control Point',(30.0334022862,-61.714578992,154.294428872)) ;
#3096=CARTESIAN_POINT('Control Point',(30.0334022862,-62.085851222,154.145927662)) ;
#3097=CARTESIAN_POINT('Control Point',(29.8559304263,-62.4568484082,153.996241086)) ;
#3098=CARTESIAN_POINT('Control Point',(29.5013001178,-62.7982335768,153.857102367)) ;
#3099=CARTESIAN_POINT('Control Point',(28.7081820848,-63.2969223989,153.652491927)) ;
#3100=CARTESIAN_POINT('Control Point',(27.6735744058,-63.6672505811,153.499108864)) ;
#3101=CARTESIAN_POINT('Control Point',(27.2246016332,-63.7958496597,153.445663912)) ;
#3102=CARTESIAN_POINT('Control Point',(25.9176643758,-64.094651995,153.321191767)) ;
#3103=CARTESIAN_POINT('Control Point',(24.4911232571,-64.2338053764,153.262774076)) ;
#3104=CARTESIAN_POINT('Control Point',(23.5604265789,-64.260173061,153.251696696)) ;
#3105=CARTESIAN_POINT('Control Point',(21.9463820077,-64.1982582391,153.277759477)) ;
#3106=CARTESIAN_POINT('Control Point',(20.4225071138,-63.9425118561,153.384609309)) ;
#3107=CARTESIAN_POINT('Control Point',(19.8008221596,-63.7977460703,153.444960371)) ;
#3108=CARTESIAN_POINT('Control Point',(18.5522013604,-63.4045146526,153.608236288)) ;
#3109=CARTESIAN_POINT('Control Point',(17.6094547609,-62.8396945469,153.840199422)) ;
#3110=CARTESIAN_POINT('Control Point',(17.2257427377,-62.4873049936,153.983950555)) ;
#3111=CARTESIAN_POINT('Control Point',(17.0334022862,-62.1010910363,154.139832051)) ;
#3112=CARTESIAN_POINT('Control Point',(17.0334022862,-61.714578992,154.294428872)) ;
#3119=CARTESIAN_POINT('Line Origine',(56.2658708165,-74.5508942429,139.125936578)) ;
#3123=CARTESIAN_POINT('Vertex',(112.531741633,-74.5508942429,139.125936578)) ;
#3127=CARTESIAN_POINT('Control Point',(112.531741633,-74.5508942429,139.125936578)) ;
#3128=CARTESIAN_POINT('Control Point',(112.265393621,-74.6367457193,139.274635697)) ;
#3129=CARTESIAN_POINT('Control Point',(111.999045451,-74.7225971297,139.423334702)) ;
#3130=CARTESIAN_POINT('Control Point',(111.732697122,-74.8084484745,139.572033593)) ;
#3131=CARTESIAN_POINT('Control Point',(111.466348639,-74.8942997534,139.72073237)) ;
#3132=CARTESIAN_POINT('Control Point',(111.2,-74.980150967,139.869431034)) ;
#3133=CARTESIAN_POINT('Vertex',(111.2,-74.980150967,139.869431034)) ;
#3136=CARTESIAN_POINT('Line Origine',(108.2,-74.980150967,139.869431034)) ;
#3140=CARTESIAN_POINT('Vertex',(105.2,-74.980150967,139.869431034)) ;
#3143=CARTESIAN_POINT('Line Origine',(105.2,-76.8509526926,143.109754674)) ;
#3161=CARTESIAN_POINT('Axis2P3D Location',(0.,-74.5508942429,139.125936578)) ;
#3166=CARTESIAN_POINT('Line Origine',(56.2658708165,-83.2111482807,134.125936578)) ;
#3170=CARTESIAN_POINT('Vertex',(112.531741633,-83.2111482807,134.125936578)) ;
#3174=CARTESIAN_POINT('Control Point',(112.531741633,-74.5508942429,139.125936578)) ;
#3175=CARTESIAN_POINT('Control Point',(112.630004514,-76.2818299938,138.126580357)) ;
#3176=CARTESIAN_POINT('Control Point',(112.67931188,-78.0144396869,137.126257684)) ;
#3177=CARTESIAN_POINT('Control Point',(112.67931188,-79.7476028367,136.125615473)) ;
#3178=CARTESIAN_POINT('Control Point',(112.630004514,-81.4802125298,135.1252928)) ;
#3179=CARTESIAN_POINT('Control Point',(112.531741633,-83.2111482807,134.125936578)) ;
#3188=CARTESIAN_POINT('Line Origine',(34.0485763043,-87.3820084561,141.350078313)) ;
#3192=CARTESIAN_POINT('Vertex',(30.0116689374,-87.3820084561,141.350078313)) ;
#3195=CARTESIAN_POINT('Line Origine',(92.2440852194,-87.3820084561,141.350078313)) ;
#3199=CARTESIAN_POINT('Vertex',(105.2,-87.3820084561,141.350078313)) ;
#3202=CARTESIAN_POINT('Line Origine',(105.2,-85.5112067304,138.109754674)) ;
#3206=CARTESIAN_POINT('Vertex',(105.2,-83.6404050048,134.869431034)) ;
#3209=CARTESIAN_POINT('Line Origine',(108.2,-83.6404050048,134.869431034)) ;
#3213=CARTESIAN_POINT('Vertex',(111.2,-83.6404050048,134.869431034)) ;
#3217=CARTESIAN_POINT('Control Point',(112.531741633,-83.2111482807,134.125936578)) ;
#3218=CARTESIAN_POINT('Control Point',(112.265393621,-83.2969997571,134.274635697)) ;
#3219=CARTESIAN_POINT('Control Point',(111.999045451,-83.3828511675,134.423334702)) ;
#3220=CARTESIAN_POINT('Control Point',(111.732697122,-83.4687025123,134.572033593)) ;
#3221=CARTESIAN_POINT('Control Point',(111.466348639,-83.5545537913,134.72073237)) ;
#3222=CARTESIAN_POINT('Control Point',(111.2,-83.6404050048,134.869431034)) ;
#3224=CARTESIAN_POINT('Line Origine',(8.52756781749,-87.3820084561,141.350078313)) ;
#3228=CARTESIAN_POINT('Vertex',(17.055135635,-87.3820084561,141.350078313)) ;
#3232=CARTESIAN_POINT('Control Point',(17.1102343229,-86.8326515619,140.398564261)) ;
#3233=CARTESIAN_POINT('Control Point',(17.0958084147,-86.9424272119,140.588701264)) ;
#3234=CARTESIAN_POINT('Control Point',(17.0830984488,-87.0522588911,140.778935313)) ;
#3235=CARTESIAN_POINT('Control Point',(17.072088878,-87.1621473645,140.969267732)) ;
#3236=CARTESIAN_POINT('Control Point',(17.0627708162,-87.2720633905,141.159647874)) ;
#3237=CARTESIAN_POINT('Control Point',(17.055135635,-87.3820084561,141.350078313)) ;
#3238=CARTESIAN_POINT('Vertex',(17.1102343229,-86.8326515619,140.398564261)) ;
#3241=CARTESIAN_POINT('Line Origine',(23.5334022862,-86.8326515619,140.398564261)) ;
#3245=CARTESIAN_POINT('Vertex',(29.9565702495,-86.8326515619,140.398564261)) ;
#3249=CARTESIAN_POINT('Control Point',(29.9565702495,-86.8326515619,140.398564261)) ;
#3250=CARTESIAN_POINT('Control Point',(29.9709961576,-86.9424272119,140.588701264)) ;
#3251=CARTESIAN_POINT('Control Point',(29.9837061236,-87.0522588911,140.778935313)) ;
#3252=CARTESIAN_POINT('Control Point',(29.9947156944,-87.1621473645,140.969267732)) ;
#3253=CARTESIAN_POINT('Control Point',(30.0040337561,-87.2720633905,141.159647874)) ;
#3254=CARTESIAN_POINT('Control Point',(30.0116689374,-87.3820084561,141.350078313)) ;
#3273=CARTESIAN_POINT('Axis2P3D Location',(0.,-157.762042524,5.)) ;
#3278=CARTESIAN_POINT('Line Origine',(79.2881704388,-162.03658751,5.)) ;
#3282=CARTESIAN_POINT('Vertex',(79.2881704388,-157.969412145,5.)) ;
#3284=CARTESIAN_POINT('Vertex',(79.2881704388,-166.103762874,5.)) ;
#3287=CARTESIAN_POINT('Line Origine',(53.7055151071,-157.969412145,5.)) ;
#3291=CARTESIAN_POINT('Vertex',(28.1228597754,-157.969412145,5.)) ;
#3294=CARTESIAN_POINT('Line Origine',(33.1041717233,-162.03658751,5.)) ;
#3298=CARTESIAN_POINT('Vertex',(38.0854836712,-166.103762874,5.)) ;
#3301=CARTESIAN_POINT('Line Origine',(19.0427418356,-166.103762874,5.)) ;
#3306=CARTESIAN_POINT('Line Origine',(56.2658708165,-157.762042524,5.)) ;
#3310=CARTESIAN_POINT('Vertex',(112.531741633,-157.762042524,5.)) ;
#3314=CARTESIAN_POINT('Control Point',(112.531741633,-157.762042524,5.)) ;
#3315=CARTESIAN_POINT('Control Point',(112.265393621,-157.933745476,5.)) ;
#3316=CARTESIAN_POINT('Control Point',(111.999045451,-158.105448297,5.)) ;
#3317=CARTESIAN_POINT('Control Point',(111.732697122,-158.277150987,5.)) ;
#3318=CARTESIAN_POINT('Control Point',(111.466348639,-158.448853545,5.)) ;
#3319=CARTESIAN_POINT('Control Point',(111.2,-158.620555972,5.)) ;
#3320=CARTESIAN_POINT('Vertex',(111.2,-158.620555972,5.)) ;
#3323=CARTESIAN_POINT('Line Origine',(108.2,-158.620555972,5.)) ;
#3327=CARTESIAN_POINT('Vertex',(105.2,-158.620555972,5.)) ;
#3330=CARTESIAN_POINT('Line Origine',(105.2,-162.362159423,5.)) ;
#3334=CARTESIAN_POINT('Vertex',(105.2,-166.103762874,5.)) ;
#3337=CARTESIAN_POINT('Line Origine',(92.2440852194,-166.103762874,5.)) ;
#3355=CARTESIAN_POINT('Axis2P3D Location',(0.,-157.762042524,5.)) ;
#3361=CARTESIAN_POINT('Control Point',(112.531741633,-157.762042524,5.)) ;
#3362=CARTESIAN_POINT('Control Point',(112.630004514,-157.762042524,3.00128755617)) ;
#3363=CARTESIAN_POINT('Control Point',(112.67931188,-157.762042524,1.0006422103)) ;
#3364=CARTESIAN_POINT('Control Point',(112.67931188,-157.762042524,-1.00064221031)) ;
#3365=CARTESIAN_POINT('Control Point',(112.630004514,-157.762042524,-3.00128755617)) ;
#3366=CARTESIAN_POINT('Control Point',(112.531741633,-157.762042524,-5.)) ;
#3375=CARTESIAN_POINT('Axis2P3D Location',(117.2,0.,0.)) ;
#3380=CARTESIAN_POINT('Axis2P3D Location',(111.2,0.,0.)) ;
#3385=CARTESIAN_POINT('Axis2P3D Location',(111.2,0.,0.)) ;
#3390=CARTESIAN_POINT('Axis2P3D Location',(111.2,0.,0.)) ;
#3394=CARTESIAN_POINT('Vertex',(111.2,139.271774087,76.0845169489)) ;
#3397=CARTESIAN_POINT('Line Origine',(114.2,137.575408174,75.1577880265)) ;
#3401=CARTESIAN_POINT('Vertex',(117.2,135.87904226,74.2310591042)) ;
#3404=CARTESIAN_POINT('Axis2P3D Location',(117.2,0.,0.)) ;
#3408=CARTESIAN_POINT('Vertex',(117.2,-135.87904226,-74.2310591042)) ;
#3411=CARTESIAN_POINT('Line Origine',(114.2,-137.575408174,-75.1577880265)) ;
#3435=CARTESIAN_POINT('Axis2P3D Location',(117.2,0.,0.)) ;
#3440=CARTESIAN_POINT('Axis2P3D Location',(111.2,0.,0.)) ;
#3445=CARTESIAN_POINT('Axis2P3D Location',(111.2,0.,0.)) ;
#3450=CARTESIAN_POINT('Axis2P3D Location',(111.2,0.,0.)) ;
#3474=CARTESIAN_POINT('Axis2P3D Location',(105.2,0.,0.)) ;
#3493=CARTESIAN_POINT('Axis2P3D Location',(105.2,0.,0.)) ;
#3512=CARTESIAN_POINT('Axis2P3D Location',(105.2,0.,0.)) ;
#3516=CARTESIAN_POINT('Vertex',(105.2,139.271774087,76.0845169489)) ;
#3519=CARTESIAN_POINT('Axis2P3D Location',(105.2,0.,0.)) ;
#3533=CARTESIAN_POINT('Line Origine',(108.2,139.271774087,76.0845169489)) ;
#3552=CARTESIAN_POINT('Axis2P3D Location',(105.2,0.,0.)) ;
#3571=CARTESIAN_POINT('Axis2P3D Location',(105.2,0.,0.)) ;
#3576=CARTESIAN_POINT('Axis2P3D Location',(105.2,0.,0.)) ;
#3595=CARTESIAN_POINT('Axis2P3D Location',(117.2,0.,0.)) ;
#3605=CARTESIAN_POINT('Axis2P3D Location',(28.1228597754,-157.969412145,5.)) ;
#3610=CARTESIAN_POINT('Line Origine',(28.1228597754,-157.969412145,1.51878509769E-013)) ;
#3615=CARTESIAN_POINT('Line Origine',(79.2881704388,-157.969412145,1.51878509769E-013)) ;
#3627=CARTESIAN_POINT('Axis2P3D Location',(46.580979878,-173.040223237,5.)) ;
#3632=CARTESIAN_POINT('Line Origine',(46.580979878,-173.040223237,1.80300219199E-013)) ;
#3636=CARTESIAN_POINT('Vertex',(46.580979878,-173.040223237,5.)) ;
#3638=CARTESIAN_POINT('Vertex',(46.580979878,-173.040223237,-5.)) ;
#3641=CARTESIAN_POINT('Line Origine',(42.3332317746,-169.571993056,5.)) ;
#3646=CARTESIAN_POINT('Line Origine',(42.3332317746,-169.571993056,-5.)) ;
#3660=CARTESIAN_POINT('Line Origine',(79.2881704388,-169.571993056,5.)) ;
#3664=CARTESIAN_POINT('Vertex',(79.2881704388,-173.040223237,5.)) ;
#3667=CARTESIAN_POINT('Line Origine',(79.2881704388,-173.040223237,1.7763568394E-013)) ;
#3671=CARTESIAN_POINT('Vertex',(79.2881704388,-173.040223237,-5.)) ;
#3674=CARTESIAN_POINT('Line Origine',(79.2881704388,-169.571993056,-5.)) ;
#3688=CARTESIAN_POINT('Axis2P3D Location',(79.2881704388,-173.040223237,5.)) ;
#3693=CARTESIAN_POINT('Line Origine',(62.9345751584,-173.040223237,5.)) ;
#3698=CARTESIAN_POINT('Line Origine',(62.9345751584,-173.040223237,-5.)) ;
#3710=CARTESIAN_POINT('Axis2P3D Location',(0.,-157.762042524,-5.)) ;
#3722=CARTESIAN_POINT('Axis2P3D Location',(0.,-157.762042524,5.)) ;
#3727=CARTESIAN_POINT('Line Origine',(58.686827055,-166.103762874,5.)) ;
#3739=CARTESIAN_POINT('Axis2P3D Location',(28.1228597754,-83.3148330914,-134.305523938)) ;
#3744=CARTESIAN_POINT('Line Origine',(28.1228597754,-78.9847060725,-136.805523938)) ;
#3749=CARTESIAN_POINT('Line Origine',(79.2881704388,-78.9847060725,-136.805523938)) ;
#3761=CARTESIAN_POINT('Axis2P3D Location',(46.580979878,-90.8502386376,-147.3572292)) ;
#3766=CARTESIAN_POINT('Line Origine',(46.580979878,-86.5201116187,-149.8572292)) ;
#3770=CARTESIAN_POINT('Vertex',(46.580979878,-90.8502386376,-147.3572292)) ;
#3772=CARTESIAN_POINT('Vertex',(46.580979878,-82.1899845998,-152.3572292)) ;
#3775=CARTESIAN_POINT('Line Origine',(42.3332317746,-89.1161235468,-144.353653757)) ;
#3780=CARTESIAN_POINT('Line Origine',(42.3332317746,-80.455869509,-149.353653757)) ;
#3794=CARTESIAN_POINT('Line Origine',(79.2881704388,-89.1161235468,-144.353653757)) ;
#3798=CARTESIAN_POINT('Vertex',(79.2881704388,-90.8502386376,-147.3572292)) ;
#3801=CARTESIAN_POINT('Line Origine',(79.2881704388,-86.5201116187,-149.8572292)) ;
#3805=CARTESIAN_POINT('Vertex',(79.2881704388,-82.1899845998,-152.3572292)) ;
#3808=CARTESIAN_POINT('Line Origine',(79.2881704388,-80.455869509,-149.353653757)) ;
#3822=CARTESIAN_POINT('Axis2P3D Location',(79.2881704388,-90.8502386376,-147.3572292)) ;
#3827=CARTESIAN_POINT('Line Origine',(62.9345751584,-90.8502386376,-147.3572292)) ;
#3832=CARTESIAN_POINT('Line Origine',(62.9345751584,-82.1899845998,-152.3572292)) ;
#3844=CARTESIAN_POINT('Axis2P3D Location',(0.,-74.5508942429,-139.125936578)) ;
#3856=CARTESIAN_POINT('Axis2P3D Location',(0.,-83.2111482807,-134.125936578)) ;
#3868=CARTESIAN_POINT('Axis2P3D Location',(28.1228597754,74.6545790536,-139.305523938)) ;
#3873=CARTESIAN_POINT('Line Origine',(28.1228597754,78.9847060725,-136.805523938)) ;
#3878=CARTESIAN_POINT('Line Origine',(79.2881704388,78.9847060725,-136.805523938)) ;
#3890=CARTESIAN_POINT('Axis2P3D Location',(46.580979878,82.1899845998,-152.3572292)) ;
#3895=CARTESIAN_POINT('Line Origine',(46.580979878,86.5201116187,-149.8572292)) ;
#3899=CARTESIAN_POINT('Vertex',(46.580979878,82.1899845998,-152.3572292)) ;
#3901=CARTESIAN_POINT('Vertex',(46.580979878,90.8502386376,-147.3572292)) ;
#3904=CARTESIAN_POINT('Line Origine',(42.3332317746,80.455869509,-149.353653757)) ;
#3909=CARTESIAN_POINT('Line Origine',(42.3332317746,89.1161235468,-144.353653757)) ;
#3923=CARTESIAN_POINT('Line Origine',(79.2881704388,80.455869509,-149.353653757)) ;
#3927=CARTESIAN_POINT('Vertex',(79.2881704388,82.1899845998,-152.3572292)) ;
#3930=CARTESIAN_POINT('Line Origine',(79.2881704388,86.5201116187,-149.8572292)) ;
#3934=CARTESIAN_POINT('Vertex',(79.2881704388,90.8502386376,-147.3572292)) ;
#3937=CARTESIAN_POINT('Line Origine',(79.2881704388,89.1161235468,-144.353653757)) ;
#3951=CARTESIAN_POINT('Axis2P3D Location',(79.2881704388,82.1899845998,-152.3572292)) ;
#3956=CARTESIAN_POINT('Line Origine',(62.9345751584,82.1899845998,-152.3572292)) ;
#3961=CARTESIAN_POINT('Line Origine',(62.9345751584,90.8502386376,-147.3572292)) ;
#3973=CARTESIAN_POINT('Axis2P3D Location',(0.,83.2111482807,-134.125936578)) ;
#3985=CARTESIAN_POINT('Axis2P3D Location',(0.,74.5508942429,-139.125936578)) ;
#3997=CARTESIAN_POINT('Axis2P3D Location',(28.1228597754,157.969412145,-5.)) ;
#4002=CARTESIAN_POINT('Line Origine',(28.1228597754,157.969412145,-2.0872192863E-013)) ;
#4007=CARTESIAN_POINT('Line Origine',(79.2881704388,157.969412145,-2.0872192863E-013)) ;
#4019=CARTESIAN_POINT('Axis2P3D Location',(46.580979878,173.040223237,-5.)) ;
#4024=CARTESIAN_POINT('Line Origine',(46.580979878,173.040223237,-2.51354492775E-013)) ;
#4028=CARTESIAN_POINT('Vertex',(46.580979878,173.040223237,-5.)) ;
#4030=CARTESIAN_POINT('Vertex',(46.580979878,173.040223237,5.)) ;
#4033=CARTESIAN_POINT('Line Origine',(42.3332317746,169.571993056,-5.)) ;
#4038=CARTESIAN_POINT('Line Origine',(42.3332317746,169.571993056,5.)) ;
#4052=CARTESIAN_POINT('Line Origine',(79.2881704388,169.571993056,-5.)) ;
#4056=CARTESIAN_POINT('Vertex',(79.2881704388,173.040223237,-5.)) ;
#4059=CARTESIAN_POINT('Line Origine',(79.2881704388,173.040223237,-2.55795384874E-013)) ;
#4063=CARTESIAN_POINT('Vertex',(79.2881704388,173.040223237,5.)) ;
#4066=CARTESIAN_POINT('Line Origine',(79.2881704388,169.571993056,5.)) ;
#4080=CARTESIAN_POINT('Axis2P3D Location',(79.2881704388,173.040223237,-5.)) ;
#4085=CARTESIAN_POINT('Line Origine',(62.9345751584,173.040223237,-5.)) ;
#4090=CARTESIAN_POINT('Line Origine',(62.9345751584,173.040223237,5.)) ;
#4102=CARTESIAN_POINT('Axis2P3D Location',(0.,157.762042524,5.)) ;
#4114=CARTESIAN_POINT('Axis2P3D Location',(0.,157.762042524,-5.)) ;
#4126=CARTESIAN_POINT('Axis2P3D Location',(28.1228597754,83.3148330914,134.305523938)) ;
#4131=CARTESIAN_POINT('Line Origine',(28.1228597754,78.9847060725,136.805523938)) ;
#4136=CARTESIAN_POINT('Line Origine',(79.2881704388,78.9847060725,136.805523938)) ;
#4148=CARTESIAN_POINT('Axis2P3D Location',(46.580979878,90.8502386376,147.3572292)) ;
#4153=CARTESIAN_POINT('Line Origine',(46.580979878,86.5201116187,149.8572292)) ;
#4157=CARTESIAN_POINT('Vertex',(46.580979878,90.8502386376,147.3572292)) ;
#4159=CARTESIAN_POINT('Vertex',(46.580979878,82.1899845998,152.3572292)) ;
#4162=CARTESIAN_POINT('Line Origine',(42.3332317746,89.1161235468,144.353653757)) ;
#4167=CARTESIAN_POINT('Line Origine',(42.3332317746,80.455869509,149.353653757)) ;
#4181=CARTESIAN_POINT('Line Origine',(79.2881704388,89.1161235468,144.353653757)) ;
#4185=CARTESIAN_POINT('Vertex',(79.2881704388,90.8502386376,147.3572292)) ;
#4188=CARTESIAN_POINT('Line Origine',(79.2881704388,86.5201116187,149.8572292)) ;
#4192=CARTESIAN_POINT('Vertex',(79.2881704388,82.1899845998,152.3572292)) ;
#4195=CARTESIAN_POINT('Line Origine',(79.2881704388,80.455869509,149.353653757)) ;
#4209=CARTESIAN_POINT('Axis2P3D Location',(79.2881704388,90.8502386376,147.3572292)) ;
#4214=CARTESIAN_POINT('Line Origine',(62.9345751584,90.8502386376,147.3572292)) ;
#4219=CARTESIAN_POINT('Line Origine',(62.9345751584,82.1899845998,152.3572292)) ;
#4231=CARTESIAN_POINT('Axis2P3D Location',(0.,74.5508942429,139.125936578)) ;
#4243=CARTESIAN_POINT('Axis2P3D Location',(0.,83.2111482807,134.125936578)) ;
#4256=CARTESIAN_POINT('Control Point',(30.0116689374,-87.3820084561,141.350078313)) ;
#4257=CARTESIAN_POINT('Control Point',(30.0261277353,-87.444435323,141.311486294)) ;
#4258=CARTESIAN_POINT('Control Point',(30.0334022862,-87.507217621,141.272617135)) ;
#4259=CARTESIAN_POINT('Control Point',(30.0334022862,-87.5699422629,141.233725622)) ;
#4260=CARTESIAN_POINT('Vertex',(30.0334022862,-87.5699422629,141.233725622)) ;
#4264=CARTESIAN_POINT('Control Point',(30.0334022862,-87.5699422629,141.233725622)) ;
#4265=CARTESIAN_POINT('Control Point',(30.0334022862,-87.909787069,141.023009733)) ;
#4266=CARTESIAN_POINT('Control Point',(29.8559304263,-88.2491551732,140.811174247)) ;
#4267=CARTESIAN_POINT('Control Point',(29.5013001178,-88.5611927491,140.614868446)) ;
#4268=CARTESIAN_POINT('Control Point',(28.7081820848,-89.0167751374,140.326770093)) ;
#4269=CARTESIAN_POINT('Control Point',(27.6735744058,-89.354842513,140.111410449)) ;
#4270=CARTESIAN_POINT('Control Point',(27.2246016332,-89.4722072641,140.036446451)) ;
#4271=CARTESIAN_POINT('Control Point',(25.9176643758,-89.7448557594,139.861978836)) ;
#4272=CARTESIAN_POINT('Control Point',(24.4911232571,-89.8717509626,139.78028491)) ;
#4273=CARTESIAN_POINT('Control Point',(23.5604265788,-89.8957944961,139.76479712)) ;
#4274=CARTESIAN_POINT('Control Point',(21.9463820078,-89.8393460539,139.801215345)) ;
#4275=CARTESIAN_POINT('Control Point',(20.4225071139,-89.6060393116,139.950851781)) ;
#4276=CARTESIAN_POINT('Control Point',(19.8008221595,-89.4739526953,140.03542429)) ;
#4277=CARTESIAN_POINT('Control Point',(18.5522013604,-89.1150479119,140.264503597)) ;
#4278=CARTESIAN_POINT('Control Point',(17.609454761,-88.5990886682,140.591022672)) ;
#4279=CARTESIAN_POINT('Control Point',(17.2257427376,-88.2770148264,140.793781707)) ;
#4280=CARTESIAN_POINT('Control Point',(17.0334022862,-87.9237368647,141.014360363)) ;
#4281=CARTESIAN_POINT('Control Point',(17.0334022862,-87.5699422629,141.233725622)) ;
#4282=CARTESIAN_POINT('Vertex',(17.0334022862,-87.5699422629,141.233725622)) ;
#4286=CARTESIAN_POINT('Control Point',(17.055135635,-87.3820084561,141.350078313)) ;
#4287=CARTESIAN_POINT('Control Point',(17.040676837,-87.444435323,141.311486294)) ;
#4288=CARTESIAN_POINT('Control Point',(17.0334022862,-87.507217621,141.272617135)) ;
#4289=CARTESIAN_POINT('Control Point',(17.0334022862,-87.5699422629,141.233725622)) ;
#4306=CARTESIAN_POINT('Control Point',(30.0334022862,-110.764537151,123.881707087)) ;
#4307=CARTESIAN_POINT('Control Point',(30.0334022862,-111.06262852,123.615179015)) ;
#4308=CARTESIAN_POINT('Control Point',(29.8559304263,-111.360056014,123.347631133)) ;
#4309=CARTESIAN_POINT('Control Point',(29.5013001178,-111.633264894,123.100122901)) ;
#4310=CARTESIAN_POINT('Control Point',(28.7081820848,-112.031898208,122.737290359)) ;
#4311=CARTESIAN_POINT('Control Point',(27.6735744058,-112.327432771,122.466497728)) ;
#4312=CARTESIAN_POINT('Control Point',(27.2246016332,-112.429997126,122.372292426)) ;
#4313=CARTESIAN_POINT('Control Point',(25.9176643759,-112.668207495,122.153130452)) ;
#4314=CARTESIAN_POINT('Control Point',(24.4911232573,-112.778988873,122.050642519)) ;
#4315=CARTESIAN_POINT('Control Point',(23.5604265787,-112.799977705,122.031214908)) ;
#4316=CARTESIAN_POINT('Control Point',(21.9463820076,-112.7507108,122.076882027)) ;
#4317=CARTESIAN_POINT('Control Point',(20.4225071138,-112.546932605,122.26475844)) ;
#4318=CARTESIAN_POINT('Control Point',(19.8008221596,-112.431538544,122.370982703)) ;
#4319=CARTESIAN_POINT('Control Point',(18.5522013604,-112.117865535,122.658904943)) ;
#4320=CARTESIAN_POINT('Control Point',(17.609454761,-111.666444314,123.070058841)) ;
#4321=CARTESIAN_POINT('Control Point',(17.2257427377,-111.384472234,123.325665046)) ;
#4322=CARTESIAN_POINT('Control Point',(17.0334022862,-111.07486444,123.604238691)) ;
#4323=CARTESIAN_POINT('Control Point',(17.0334022862,-110.764537151,123.881707087)) ;
#4324=CARTESIAN_POINT('Vertex',(30.0334022862,-110.764537151,123.881707087)) ;
#4326=CARTESIAN_POINT('Vertex',(17.0334022862,-110.764537151,123.881707087)) ;
#4330=CARTESIAN_POINT('Control Point',(17.0334022862,-110.764537151,123.881707087)) ;
#4331=CARTESIAN_POINT('Control Point',(17.0334022862,-110.46660512,124.148092692)) ;
#4332=CARTESIAN_POINT('Control Point',(17.2106844727,-110.168011096,124.413458529)) ;
#4333=CARTESIAN_POINT('Control Point',(17.565230989,-109.892286273,124.656770243)) ;
#4334=CARTESIAN_POINT('Control Point',(18.3583377779,-109.488723762,125.011227117)) ;
#4335=CARTESIAN_POINT('Control Point',(19.3928272834,-109.188203827,125.273424883)) ;
#4336=CARTESIAN_POINT('Control Point',(19.841719381,-109.08374375,125.36434419)) ;
#4337=CARTESIAN_POINT('Control Point',(21.1518965527,-108.840188363,125.575974597)) ;
#4338=CARTESIAN_POINT('Control Point',(22.5820066919,-108.726822648,125.673933304)) ;
#4339=CARTESIAN_POINT('Control Point',(23.5163339307,-108.705614991,125.692249719)) ;
#4340=CARTESIAN_POINT('Control Point',(25.1352213535,-108.75720664,125.647754569)) ;
#4341=CARTESIAN_POINT('Control Point',(26.6627214263,-108.967450314,125.465445855)) ;
#4342=CARTESIAN_POINT('Control Point',(27.285061935,-109.086142147,125.36236304)) ;
#4343=CARTESIAN_POINT('Control Point',(28.5282370318,-109.406504371,125.083328556)) ;
#4344=CARTESIAN_POINT('Control Point',(29.4646454478,-109.864039563,124.681692794)) ;
#4345=CARTESIAN_POINT('Control Point',(29.8436280568,-110.147328255,124.43183781)) ;
#4346=CARTESIAN_POINT('Control Point',(30.0334022862,-110.456287023,124.157318261)) ;
#4347=CARTESIAN_POINT('Control Point',(30.0334022862,-110.764537151,123.881707087)) ;
#4354=CARTESIAN_POINT('Control Point',(17.0334022862,-130.593607627,102.765605569)) ;
#4355=CARTESIAN_POINT('Control Point',(17.0334022862,-130.346459228,103.079679533)) ;
#4356=CARTESIAN_POINT('Control Point',(17.2106844727,-130.098481812,103.392864174)) ;
#4357=CARTESIAN_POINT('Control Point',(17.565230989,-129.869196504,103.68035855)) ;
#4358=CARTESIAN_POINT('Control Point',(18.3583377779,-129.533315805,104.099508322)) ;
#4359=CARTESIAN_POINT('Control Point',(19.3928272834,-129.282891607,104.409907454)) ;
#4360=CARTESIAN_POINT('Control Point',(19.841719381,-129.195806485,104.517584795)) ;
#4361=CARTESIAN_POINT('Control Point',(21.1518965526,-128.992700487,104.76829301)) ;
#4362=CARTESIAN_POINT('Control Point',(22.5820066918,-128.898067403,104.884449253)) ;
#4363=CARTESIAN_POINT('Control Point',(23.5163339307,-128.88036255,104.906170072)) ;
#4364=CARTESIAN_POINT('Control Point',(25.1352213535,-128.923443904,104.853392107)) ;
#4365=CARTESIAN_POINT('Control Point',(26.6627214263,-129.098835928,104.637344641)) ;
#4366=CARTESIAN_POINT('Control Point',(27.2850619349,-129.197824422,104.515217265)) ;
#4367=CARTESIAN_POINT('Control Point',(28.5282370318,-129.464865795,104.184791625)) ;
#4368=CARTESIAN_POINT('Control Point',(29.4646454478,-129.845706681,103.709807462)) ;
#4369=CARTESIAN_POINT('Control Point',(29.8436280568,-130.081304718,103.414555771)) ;
#4370=CARTESIAN_POINT('Control Point',(30.0334022862,-130.337899889,103.090556663)) ;
#4371=CARTESIAN_POINT('Control Point',(30.0334022862,-130.593607627,102.765605569)) ;
#4372=CARTESIAN_POINT('Vertex',(17.0334022862,-130.593607627,102.765605569)) ;
#4374=CARTESIAN_POINT('Vertex',(30.0334022862,-130.593607627,102.765605569)) ;
#4378=CARTESIAN_POINT('Control Point',(30.0334022862,-130.593607627,102.765605569)) ;
#4379=CARTESIAN_POINT('Control Point',(30.0334022862,-130.840888205,102.451363634)) ;
#4380=CARTESIAN_POINT('Control Point',(29.8559304263,-131.087337905,102.136232664)) ;
#4381=CARTESIAN_POINT('Control Point',(29.5013001178,-131.313416774,101.845042414)) ;
#4382=CARTESIAN_POINT('Control Point',(28.7081820848,-131.642988743,101.418500165)) ;
#4383=CARTESIAN_POINT('Control Point',(27.6735744058,-131.887010824,101.100502444)) ;
#4384=CARTESIAN_POINT('Control Point',(27.2246016332,-131.971658417,100.989918219)) ;
#4385=CARTESIAN_POINT('Control Point',(25.9176643758,-132.168192758,100.732721011)) ;
#4386=CARTESIAN_POINT('Control Point',(24.4911232572,-132.259494276,100.612553116)) ;
#4387=CARTESIAN_POINT('Control Point',(23.5604265787,-132.276790671,100.589775982)) ;
#4388=CARTESIAN_POINT('Control Point',(21.9463820077,-132.236202252,100.643304423)) ;
#4389=CARTESIAN_POINT('Control Point',(20.4225071139,-132.068144304,100.863712283)) ;
#4390=CARTESIAN_POINT('Control Point',(19.8008221595,-131.972948987,100.988360729)) ;
#4391=CARTESIAN_POINT('Control Point',(18.5522013604,-131.714038548,101.326377529)) ;
#4392=CARTESIAN_POINT('Control Point',(17.609454761,-131.340871554,101.809673549)) ;
#4393=CARTESIAN_POINT('Control Point',(17.2257427376,-131.107568816,102.110360459)) ;
#4394=CARTESIAN_POINT('Control Point',(17.0334022862,-130.851038466,102.438464773)) ;
#4395=CARTESIAN_POINT('Control Point',(17.0334022862,-130.593607627,102.765605569)) ;
#4402=CARTESIAN_POINT('Control Point',(17.0334022862,-146.454657419,78.5270231283)) ;
#4403=CARTESIAN_POINT('Control Point',(17.0334022862,-146.265802131,78.8792424716)) ;
#4404=CARTESIAN_POINT('Control Point',(17.2106844727,-146.075975991,79.2307299612)) ;
#4405=CARTESIAN_POINT('Control Point',(17.565230989,-145.900096917,79.553671627)) ;
#4406=CARTESIAN_POINT('Control Point',(18.3583377779,-145.642103594,80.0247786438)) ;
#4407=CARTESIAN_POINT('Control Point',(19.3928272834,-145.449384146,80.3739478205)) ;
#4408=CARTESIAN_POINT('Control Point',(19.841719381,-145.382320017,80.4951114735)) ;
#4409=CARTESIAN_POINT('Control Point',(21.1518965527,-145.22583468,80.7772798538)) ;
#4410=CARTESIAN_POINT('Control Point',(22.5820066919,-145.152809605,80.9081042851)) ;
#4411=CARTESIAN_POINT('Control Point',(23.5163339307,-145.139145509,80.9325695316)) ;
#4412=CARTESIAN_POINT('Control Point',(25.1352213535,-145.172407563,80.8731123846)) ;
#4413=CARTESIAN_POINT('Control Point',(26.6627214263,-145.307618739,80.6298906592)) ;
#4414=CARTESIAN_POINT('Control Point',(27.2850619349,-145.38389618,80.4924295011)) ;
#4415=CARTESIAN_POINT('Control Point',(28.5282370318,-145.589502784,80.1206525214)) ;
#4416=CARTESIAN_POINT('Control Point',(29.4646454477,-145.882077706,79.5867521086)) ;
#4417=CARTESIAN_POINT('Control Point',(29.8436280568,-146.062826562,79.2550747843)) ;
#4418=CARTESIAN_POINT('Control Point',(30.0334022862,-146.259261621,78.8914406678)) ;
#4419=CARTESIAN_POINT('Control Point',(30.0334022862,-146.454657419,78.5270231283)) ;
#4420=CARTESIAN_POINT('Vertex',(17.0334022862,-146.454657419,78.5270231283)) ;
#4422=CARTESIAN_POINT('Vertex',(30.0334022862,-146.454657419,78.5270231283)) ;
#4426=CARTESIAN_POINT('Control Point',(30.0334022862,-146.454657419,78.5270231283)) ;
#4427=CARTESIAN_POINT('Control Point',(30.0334022862,-146.64361371,78.1746154124)) ;
#4428=CARTESIAN_POINT('Control Point',(29.8559304263,-146.831597366,77.8214764482)) ;
#4429=CARTESIAN_POINT('Control Point',(29.5013001178,-147.003676933,77.4954518494)) ;
#4430=CARTESIAN_POINT('Control Point',(28.7081820848,-147.254173679,77.0181601631)) ;
#4431=CARTESIAN_POINT('Control Point',(27.6735744058,-147.439268792,76.6626195528)) ;
#4432=CARTESIAN_POINT('Control Point',(27.2246016332,-147.503427649,76.5390164499)) ;
#4433=CARTESIAN_POINT('Control Point',(25.9176643759,-147.652314365,76.2515988161)) ;
#4434=CARTESIAN_POINT('Control Point',(24.4911232573,-147.721361871,76.1174021991)) ;
#4435=CARTESIAN_POINT('Control Point',(23.5604265787,-147.734440287,76.0919676129)) ;
#4436=CARTESIAN_POINT('Control Point',(21.9463820077,-147.703763614,76.1517309417)) ;
#4437=CARTESIAN_POINT('Control Point',(20.4225071138,-147.576532267,76.3979732676)) ;
#4438=CARTESIAN_POINT('Control Point',(19.8008221596,-147.504428156,76.537258517)) ;
#4439=CARTESIAN_POINT('Control Point',(18.5522013604,-147.30814715,76.9150994086)) ;
#4440=CARTESIAN_POINT('Control Point',(17.609454761,-147.024572875,77.455852844)) ;
#4441=CARTESIAN_POINT('Control Point',(17.2257427376,-146.847028263,77.7924842397)) ;
#4442=CARTESIAN_POINT('Control Point',(17.0334022862,-146.651369902,78.1601499402)) ;
#4443=CARTESIAN_POINT('Control Point',(17.0334022862,-146.454657419,78.5270231283)) ;
#4450=CARTESIAN_POINT('Control Point',(17.0334022862,-157.865756554,51.9024368262)) ;
#4451=CARTESIAN_POINT('Control Point',(17.0334022862,-157.74093265,52.2820995428)) ;
#4452=CARTESIAN_POINT('Control Point',(17.2106844727,-157.615025558,52.6612101108)) ;
#4453=CARTESIAN_POINT('Control Point',(17.565230989,-157.497896713,53.0097866478)) ;
#4454=CARTESIAN_POINT('Control Point',(18.3583377779,-157.325629764,53.5185365608)) ;
#4455=CARTESIAN_POINT('Control Point',(19.3928272834,-157.196470749,53.8958664541)) ;
#4456=CARTESIAN_POINT('Control Point',(19.841719381,-157.151465322,54.0268349227)) ;
#4457=CARTESIAN_POINT('Control Point',(21.1518965527,-157.046355374,54.331889925)) ;
#4458=CARTESIAN_POINT('Control Point',(22.582006692,-156.997157138,54.4734075104)) ;
#4459=CARTESIAN_POINT('Control Point',(23.5163339306,-156.987948976,54.4998738201)) ;
#4460=CARTESIAN_POINT('Control Point',(25.1352213534,-157.01038108,54.4355440657)) ;
#4461=CARTESIAN_POINT('Control Point',(26.6627214263,-157.101303085,54.1725382505)) ;
#4462=CARTESIAN_POINT('Control Point',(27.285061935,-157.15255182,54.0239199977)) ;
#4463=CARTESIAN_POINT('Control Point',(28.5282370318,-157.290476402,53.6220879336)) ;
#4464=CARTESIAN_POINT('Control Point',(29.4646454477,-157.485895621,53.0454935656)) ;
#4465=CARTESIAN_POINT('Control Point',(29.8436280568,-157.606303333,52.6874684557)) ;
#4466=CARTESIAN_POINT('Control Point',(30.0334022862,-157.7366097,52.2952481685)) ;
#4467=CARTESIAN_POINT('Control Point',(30.0334022862,-157.865756554,51.9024368262)) ;
#4468=CARTESIAN_POINT('Vertex',(17.0334022862,-157.865756554,51.9024368262)) ;
#4470=CARTESIAN_POINT('Vertex',(30.0334022862,-157.865756554,51.9024368262)) ;
#4474=CARTESIAN_POINT('Control Point',(30.0334022862,-157.865756554,51.9024368262)) ;
#4475=CARTESIAN_POINT('Control Point',(30.0334022862,-157.990647217,51.5225710597)) ;
#4476=CARTESIAN_POINT('Control Point',(29.8559304263,-158.114453042,51.1421540505)) ;
#4477=CARTESIAN_POINT('Control Point',(29.5013001178,-158.227304756,50.7912011947)) ;
#4478=CARTESIAN_POINT('Control Point',(28.7081820848,-158.391115062,50.2776623382)) ;
#4479=CARTESIAN_POINT('Control Point',(27.6735744058,-158.511659185,49.8953817595)) ;
#4480=CARTESIAN_POINT('Control Point',(27.2246016331,-158.553379871,49.762515397)) ;
#4481=CARTESIAN_POINT('Control Point',(25.9176643758,-158.650095115,49.4536103759)) ;
#4482=CARTESIAN_POINT('Control Point',(24.4911232573,-158.694790637,49.3094625334)) ;
#4483=CARTESIAN_POINT('Control Point',(23.5604265787,-158.703253693,49.2821433126)) ;
#4484=CARTESIAN_POINT('Control Point',(21.9463820077,-158.683420861,49.3463256505)) ;
#4485=CARTESIAN_POINT('Control Point',(20.4225071138,-158.600881974,49.6109204939)) ;
#4486=CARTESIAN_POINT('Control Point',(19.8008221596,-158.554059917,49.7606104347)) ;
#4487=CARTESIAN_POINT('Control Point',(18.5522013604,-158.426372242,50.1667949133)) ;
#4488=CARTESIAN_POINT('Control Point',(17.6094547609,-158.241006946,50.748575245)) ;
#4489=CARTESIAN_POINT('Control Point',(17.2257427377,-158.124615065,51.1109227516)) ;
#4490=CARTESIAN_POINT('Control Point',(17.0334022862,-157.995773672,51.5069785018)) ;
#4491=CARTESIAN_POINT('Control Point',(17.0334022862,-157.865756554,51.9024368262)) ;
#4498=CARTESIAN_POINT('Control Point',(17.0334022862,-164.480184561,23.7008212449)) ;
#4499=CARTESIAN_POINT('Control Point',(17.0334022862,-164.423184751,24.0963914754)) ;
#4500=CARTESIAN_POINT('Control Point',(17.2106844727,-164.36502233,24.4916060391)) ;
#4501=CARTESIAN_POINT('Control Point',(17.565230989,-164.310202616,24.8552261256)) ;
#4502=CARTESIAN_POINT('Control Point',(18.3583377779,-164.228896284,25.3861608261)) ;
#4503=CARTESIAN_POINT('Control Point',(19.3928272834,-164.167222133,25.7801864581)) ;
#4504=CARTESIAN_POINT('Control Point',(19.841719381,-164.145642876,25.9169803317)) ;
#4505=CARTESIAN_POINT('Control Point',(21.1518965526,-164.095102029,26.235653014)) ;
#4506=CARTESIAN_POINT('Control Point',(22.5820066919,-164.071225496,26.3835638134)) ;
#4507=CARTESIAN_POINT('Control Point',(23.5163339307,-164.066753053,26.4112270209)) ;
#4508=CARTESIAN_POINT('Control Point',(25.1352213535,-164.077673618,26.3439792861)) ;
#4509=CARTESIAN_POINT('Control Point',(26.6627214263,-164.121543833,26.0691806797)) ;
#4510=CARTESIAN_POINT('Control Point',(27.285061935,-164.146206696,25.9139210226)) ;
#4511=CARTESIAN_POINT('Control Point',(28.5282370318,-164.212258488,25.4942433381)) ;
#4512=CARTESIAN_POINT('Control Point',(29.4646454478,-164.304584289,24.892474543)) ;
#4513=CARTESIAN_POINT('Control Point',(29.8436280568,-164.360992329,24.5189800592)) ;
#4514=CARTESIAN_POINT('Control Point',(30.0334022862,-164.421210712,24.1100910163)) ;
#4515=CARTESIAN_POINT('Control Point',(30.0334022862,-164.480184561,23.7008212449)) ;
#4516=CARTESIAN_POINT('Vertex',(17.0334022862,-164.480184561,23.7008212449)) ;
#4518=CARTESIAN_POINT('Vertex',(30.0334022862,-164.480184561,23.7008212449)) ;
#4522=CARTESIAN_POINT('Control Point',(30.0334022862,-164.480184561,23.7008212449)) ;
#4523=CARTESIAN_POINT('Control Point',(30.0334022862,-164.537214856,23.3050394571)) ;
#4524=CARTESIAN_POINT('Control Point',(29.8559304263,-164.593081072,22.9089031811)) ;
#4525=CARTESIAN_POINT('Control Point',(29.5013001178,-164.643275991,22.5436855933)) ;
#4526=CARTESIAN_POINT('Control Point',(28.7081820848,-164.715422563,22.0095031849)) ;
#4527=CARTESIAN_POINT('Control Point',(27.6735744058,-164.767753025,21.6120980398)) ;
#4528=CARTESIAN_POINT('Control Point',(27.2246016332,-164.785767878,21.4740054947)) ;
#4529=CARTESIAN_POINT('Control Point',(25.9176643758,-164.827373006,21.1529990092)) ;
#4530=CARTESIAN_POINT('Control Point',(24.4911232572,-164.846358493,21.0032798004)) ;
#4531=CARTESIAN_POINT('Control Point',(23.5604265788,-164.849949043,20.9749060258)) ;
#4532=CARTESIAN_POINT('Control Point',(21.9463820077,-164.841562662,21.0415572249)) ;
#4533=CARTESIAN_POINT('Control Point',(20.4225071138,-164.806224139,21.3164650052)) ;
#4534=CARTESIAN_POINT('Control Point',(19.8008221596,-164.786106799,21.4720113845)) ;
#4535=CARTESIAN_POINT('Control Point',(18.5522013604,-164.730892182,21.8941977401)) ;
#4536=CARTESIAN_POINT('Control Point',(17.6094547609,-164.649368096,22.4993278672)) ;
#4537=CARTESIAN_POINT('Control Point',(17.2257427377,-164.597665453,22.876381739)) ;
#4538=CARTESIAN_POINT('Control Point',(17.0334022862,-164.53955581,23.2887935855)) ;
#4539=CARTESIAN_POINT('Control Point',(17.0334022862,-164.480184561,23.7008212449)) ;
#4546=CARTESIAN_POINT('Axis2P3D Location',(5.58593386204E-015,-109.01997116,123.692776629)) ;
#4551=CARTESIAN_POINT('Axis2P3D Location',(23.5334022862,-110.244896802,122.983846272)) ;
#4556=CARTESIAN_POINT('Vertex',(30.0334022862,-110.244896802,122.983846272)) ;
#4558=CARTESIAN_POINT('Vertex',(17.0334022862,-110.244896802,122.983846272)) ;
#4561=CARTESIAN_POINT('Axis2P3D Location',(23.5334022862,-110.244896802,122.983846272)) ;
#4572=CARTESIAN_POINT('Axis2P3D Location',(23.5334022862,-110.244896802,122.983846272)) ;
#4580=CARTESIAN_POINT('Line Origine',(17.0334022862,-111.497173757,125.147593583)) ;
#4585=CARTESIAN_POINT('Line Origine',(30.0334022862,-111.497173757,125.147593583)) ;
#4597=CARTESIAN_POINT('Axis2P3D Location',(23.5334022862,-110.244896802,122.983846272)) ;
#4612=CARTESIAN_POINT('Axis2P3D Location',(5.58593386204E-015,-128.842738083,102.882486094)) ;
#4617=CARTESIAN_POINT('Axis2P3D Location',(23.5334022862,-129.925949888,101.971619877)) ;
#4622=CARTESIAN_POINT('Vertex',(30.0334022862,-129.925949888,101.971619877)) ;
#4624=CARTESIAN_POINT('Vertex',(17.0334022862,-129.925949888,101.971619877)) ;
#4627=CARTESIAN_POINT('Axis2P3D Location',(23.5334022862,-129.925949888,101.971619877)) ;
#4638=CARTESIAN_POINT('Axis2P3D Location',(23.5334022862,-129.925949888,101.971619877)) ;
#4646=CARTESIAN_POINT('Line Origine',(30.0334022862,-131.53493272,103.885039393)) ;
#4651=CARTESIAN_POINT('Line Origine',(17.0334022862,-131.53493272,103.885039393)) ;
#4663=CARTESIAN_POINT('Axis2P3D Location',(23.5334022862,-129.925949888,101.971619877)) ;
#4678=CARTESIAN_POINT('Axis2P3D Location',(5.58593386204E-015,-144.750683608,78.9461632809)) ;
#4683=CARTESIAN_POINT('Axis2P3D Location',(23.5334022862,-145.659268732,77.8610374124)) ;
#4688=CARTESIAN_POINT('Vertex',(30.0334022862,-145.659268732,77.8610374124)) ;
#4690=CARTESIAN_POINT('Vertex',(17.0334022862,-145.659268732,77.8610374124)) ;
#4693=CARTESIAN_POINT('Axis2P3D Location',(23.5334022862,-145.659268732,77.8610374124)) ;
#4704=CARTESIAN_POINT('Axis2P3D Location',(23.5334022862,-145.659268732,77.8610374124)) ;
#4712=CARTESIAN_POINT('Line Origine',(30.0334022862,-147.576069312,79.4659908503)) ;
#4717=CARTESIAN_POINT('Line Origine',(17.0334022862,-147.576069312,79.4659908503)) ;
#4729=CARTESIAN_POINT('Axis2P3D Location',(23.5334022862,-145.659268732,77.8610374124)) ;
#4744=CARTESIAN_POINT('Axis2P3D Location',(5.58593386204E-015,-156.260452859,52.6111012451)) ;
#4749=CARTESIAN_POINT('Axis2P3D Location',(23.5334022862,-156.966804404,51.3846867256)) ;
#4754=CARTESIAN_POINT('Vertex',(30.0334022862,-156.966804404,51.3846867256)) ;
#4756=CARTESIAN_POINT('Vertex',(17.0334022862,-156.966804404,51.3846867256)) ;
#4759=CARTESIAN_POINT('Axis2P3D Location',(23.5334022862,-156.966804404,51.3846867256)) ;
#4770=CARTESIAN_POINT('Axis2P3D Location',(23.5334022862,-156.966804404,51.3846867256)) ;
#4778=CARTESIAN_POINT('Line Origine',(30.0334022862,-159.133181715,52.6324083869)) ;
#4783=CARTESIAN_POINT('Line Origine',(17.0334022862,-159.133181715,52.6324083869)) ;
#4795=CARTESIAN_POINT('Axis2P3D Location',(23.5334022862,-156.966804404,51.3846867256)) ;
#4810=CARTESIAN_POINT('Axis2P3D Location',(5.58593386204E-015,-163.022327321,24.6774775204)) ;
#4815=CARTESIAN_POINT('Axis2P3D Location',(23.5334022862,-163.504983152,23.3470383346)) ;
#4820=CARTESIAN_POINT('Vertex',(30.0334022862,-163.504983152,23.3470383346)) ;
#4822=CARTESIAN_POINT('Vertex',(17.0334022862,-163.504983152,23.3470383346)) ;
#4825=CARTESIAN_POINT('Axis2P3D Location',(23.5334022862,-163.504983152,23.3470383346)) ;
#4836=CARTESIAN_POINT('Axis2P3D Location',(23.5334022862,-163.504983152,23.3470383346)) ;
#4844=CARTESIAN_POINT('Line Origine',(30.0334022862,-165.855112917,24.1996168279)) ;
#4849=CARTESIAN_POINT('Line Origine',(17.0334022862,-165.855112917,24.1996168279)) ;
#4861=CARTESIAN_POINT('Axis2P3D Location',(23.5334022862,-163.504983152,23.3470383346)) ;
#4876=CARTESIAN_POINT('Axis2P3D Location',(5.58593386204E-015,-164.83085086,-4.0059588714)) ;
#4881=CARTESIAN_POINT('Axis2P3D Location',(23.5334022862,-165.075145725,-5.39999800208)) ;
#4886=CARTESIAN_POINT('Vertex',(17.0334022862,-165.075145725,-5.39999800208)) ;
#4889=CARTESIAN_POINT('Axis2P3D Location',(23.5334022862,-165.075145725,-5.39999800208)) ;
#4894=CARTESIAN_POINT('Vertex',(30.0334022862,-165.075145725,-5.39999800208)) ;
#4897=CARTESIAN_POINT('Axis2P3D Location',(23.5334022862,-165.075145725,-5.39999800208)) ;
#4910=CARTESIAN_POINT('Axis2P3D Location',(23.5334022862,-165.075145725,-5.39999800208)) ;
#4918=CARTESIAN_POINT('Line Origine',(30.0334022862,-167.53762044,-4.96846784281)) ;
#4923=CARTESIAN_POINT('Line Origine',(17.0334022862,-167.53762044,-4.96846784281)) ;
#4935=CARTESIAN_POINT('Axis2P3D Location',(23.5334022862,-165.075145725,-5.39999800208)) ;
#4950=CARTESIAN_POINT('Axis2P3D Location',(23.5334022862,-165.075145725,-5.39999800208)) ;
#4965=CARTESIAN_POINT('Axis2P3D Location',(5.58593386204E-015,-161.631072405,-32.56767623)) ;
#4970=CARTESIAN_POINT('Axis2P3D Location',(23.5334022862,-161.629583527,-33.982958132)) ;
#4975=CARTESIAN_POINT('Vertex',(30.0334022862,-161.629583527,-33.982958132)) ;
#4977=CARTESIAN_POINT('Vertex',(17.0334022862,-161.629583527,-33.982958132)) ;
#4980=CARTESIAN_POINT('Axis2P3D Location',(23.5334022862,-161.629583527,-33.982958132)) ;
#4991=CARTESIAN_POINT('Axis2P3D Location',(23.5334022862,-161.629583527,-33.982958132)) ;
#4999=CARTESIAN_POINT('Line Origine',(30.0334022862,-164.129582144,-33.9855881323)) ;
#5004=CARTESIAN_POINT('Line Origine',(17.0334022862,-164.129582144,-33.9855881323)) ;
#5016=CARTESIAN_POINT('Axis2P3D Location',(23.5334022862,-161.629583527,-33.982958132)) ;
#5031=CARTESIAN_POINT('Axis2P3D Location',(5.58593386204E-015,-153.520215604,-60.1398412263)) ;
#5036=CARTESIAN_POINT('Axis2P3D Location',(23.5334022862,-153.272988223,-61.5333632753)) ;
#5041=CARTESIAN_POINT('Vertex',(30.0334022862,-153.272988223,-61.5333632753)) ;
#5043=CARTESIAN_POINT('Vertex',(17.0334022862,-153.272988223,-61.5333632753)) ;
#5046=CARTESIAN_POINT('Axis2P3D Location',(23.5334022862,-153.272988223,-61.5333632753)) ;
#5057=CARTESIAN_POINT('Axis2P3D Location',(23.5334022862,-153.272988223,-61.5333632753)) ;
#5065=CARTESIAN_POINT('Line Origine',(30.0334022862,-155.734549548,-61.9700735239)) ;
#5070=CARTESIAN_POINT('Line Origine',(17.0334022862,-155.734549548,-61.9700735239)) ;
#5082=CARTESIAN_POINT('Axis2P3D Location',(23.5334022862,-153.272988223,-61.5333632753)) ;
#5097=CARTESIAN_POINT('Axis2P3D Location',(5.58593386204E-015,-140.744724737,-85.8846875792)) ;
#5102=CARTESIAN_POINT('Axis2P3D Location',(23.5334022862,-140.25927073,-87.2141083128)) ;
#5107=CARTESIAN_POINT('Vertex',(30.0334022862,-140.25927073,-87.2141083128)) ;
#5109=CARTESIAN_POINT('Vertex',(17.0334022862,-140.25927073,-87.2141083128)) ;
#5112=CARTESIAN_POINT('Axis2P3D Location',(23.5334022862,-140.25927073,-87.2141083128)) ;
#5123=CARTESIAN_POINT('Axis2P3D Location',(23.5334022862,-140.25927073,-87.2141083128)) ;
#5131=CARTESIAN_POINT('Line Origine',(30.0334022862,-142.607601469,-88.0716295898)) ;
#5136=CARTESIAN_POINT('Line Origine',(17.0334022862,-142.607601469,-88.0716295898)) ;
#5148=CARTESIAN_POINT('Axis2P3D Location',(23.5334022862,-140.25927073,-87.2141083128)) ;
#5163=CARTESIAN_POINT('Axis2P3D Location',(5.58593386204E-015,-123.692776629,-109.01997116)) ;
#5168=CARTESIAN_POINT('Axis2P3D Location',(23.5334022862,-122.983846272,-110.244896802)) ;
#5173=CARTESIAN_POINT('Vertex',(30.0334022862,-122.983846272,-110.244896802)) ;
#5175=CARTESIAN_POINT('Vertex',(17.0334022862,-122.983846272,-110.244896802)) ;
#5178=CARTESIAN_POINT('Axis2P3D Location',(23.5334022862,-122.983846272,-110.244896802)) ;
#5189=CARTESIAN_POINT('Axis2P3D Location',(23.5334022862,-122.983846272,-110.244896802)) ;
#5197=CARTESIAN_POINT('Line Origine',(30.0334022862,-125.147593583,-111.497173757)) ;
#5202=CARTESIAN_POINT('Line Origine',(17.0334022862,-125.147593583,-111.497173757)) ;
#5214=CARTESIAN_POINT('Axis2P3D Location',(23.5334022862,-122.983846272,-110.244896802)) ;
#5229=CARTESIAN_POINT('Axis2P3D Location',(5.58593386204E-015,-102.882486094,-128.842738083)) ;
#5234=CARTESIAN_POINT('Axis2P3D Location',(23.5334022862,-101.971619877,-129.925949888)) ;
#5239=CARTESIAN_POINT('Vertex',(30.0334022862,-101.971619877,-129.925949888)) ;
#5241=CARTESIAN_POINT('Vertex',(17.0334022862,-101.971619877,-129.925949888)) ;
#5244=CARTESIAN_POINT('Axis2P3D Location',(23.5334022862,-101.971619877,-129.925949888)) ;
#5255=CARTESIAN_POINT('Axis2P3D Location',(23.5334022862,-101.971619877,-129.925949888)) ;
#5263=CARTESIAN_POINT('Line Origine',(30.0334022862,-103.885039393,-131.53493272)) ;
#5268=CARTESIAN_POINT('Line Origine',(17.0334022862,-103.885039393,-131.53493272)) ;
#5280=CARTESIAN_POINT('Axis2P3D Location',(23.5334022862,-101.971619877,-129.925949888)) ;
#5295=CARTESIAN_POINT('Axis2P3D Location',(5.58593386204E-015,-78.9461632809,-144.750683608)) ;
#5300=CARTESIAN_POINT('Axis2P3D Location',(23.5334022862,-77.8610374124,-145.659268732)) ;
#5305=CARTESIAN_POINT('Vertex',(17.0334022862,-77.8610374124,-145.659268732)) ;
#5308=CARTESIAN_POINT('Axis2P3D Location',(23.5334022862,-77.8610374124,-145.659268732)) ;
#5313=CARTESIAN_POINT('Vertex',(30.0334022862,-77.8610374124,-145.659268732)) ;
#5316=CARTESIAN_POINT('Axis2P3D Location',(23.5334022862,-77.8610374124,-145.659268732)) ;
#5329=CARTESIAN_POINT('Axis2P3D Location',(23.5334022862,-77.8610374124,-145.659268732)) ;
#5337=CARTESIAN_POINT('Line Origine',(30.0334022862,-79.4659908503,-147.576069312)) ;
#5342=CARTESIAN_POINT('Line Origine',(17.0334022862,-79.4659908503,-147.576069312)) ;
#5354=CARTESIAN_POINT('Axis2P3D Location',(23.5334022862,-77.8610374124,-145.659268732)) ;
#5369=CARTESIAN_POINT('Axis2P3D Location',(23.5334022862,-77.8610374124,-145.659268732)) ;
#5384=CARTESIAN_POINT('Axis2P3D Location',(5.58593386204E-015,-52.6111012451,-156.260452859)) ;
#5389=CARTESIAN_POINT('Axis2P3D Location',(23.5334022862,-51.3846867256,-156.966804404)) ;
#5394=CARTESIAN_POINT('Vertex',(30.0334022862,-51.3846867256,-156.966804404)) ;
#5396=CARTESIAN_POINT('Vertex',(17.0334022862,-51.3846867256,-156.966804404)) ;
#5399=CARTESIAN_POINT('Axis2P3D Location',(23.5334022862,-51.3846867256,-156.966804404)) ;
#5410=CARTESIAN_POINT('Axis2P3D Location',(23.5334022862,-51.3846867256,-156.966804404)) ;
#5418=CARTESIAN_POINT('Line Origine',(30.0334022862,-52.6324083869,-159.133181715)) ;
#5423=CARTESIAN_POINT('Line Origine',(17.0334022862,-52.6324083869,-159.133181715)) ;
#5435=CARTESIAN_POINT('Axis2P3D Location',(23.5334022862,-51.3846867256,-156.966804404)) ;
#5450=CARTESIAN_POINT('Axis2P3D Location',(5.58593386204E-015,-24.6774775204,-163.022327321)) ;
#5455=CARTESIAN_POINT('Axis2P3D Location',(23.5334022862,-23.3470383346,-163.504983152)) ;
#5460=CARTESIAN_POINT('Vertex',(30.0334022862,-23.3470383346,-163.504983152)) ;
#5462=CARTESIAN_POINT('Vertex',(17.0334022862,-23.3470383346,-163.504983152)) ;
#5465=CARTESIAN_POINT('Axis2P3D Location',(23.5334022862,-23.3470383346,-163.504983152)) ;
#5476=CARTESIAN_POINT('Axis2P3D Location',(23.5334022862,-23.3470383346,-163.504983152)) ;
#5484=CARTESIAN_POINT('Line Origine',(30.0334022862,-24.1996168279,-165.855112917)) ;
#5489=CARTESIAN_POINT('Line Origine',(17.0334022862,-24.1996168279,-165.855112917)) ;
#5501=CARTESIAN_POINT('Axis2P3D Location',(23.5334022862,-23.3470383346,-163.504983152)) ;
#5516=CARTESIAN_POINT('Axis2P3D Location',(5.58593386204E-015,4.0059588714,-164.83085086)) ;
#5521=CARTESIAN_POINT('Axis2P3D Location',(23.5334022862,5.39999800208,-165.075145725)) ;
#5526=CARTESIAN_POINT('Vertex',(30.0334022862,5.39999800208,-165.075145725)) ;
#5528=CARTESIAN_POINT('Vertex',(17.0334022862,5.39999800208,-165.075145725)) ;
#5531=CARTESIAN_POINT('Axis2P3D Location',(23.5334022862,5.39999800208,-165.075145725)) ;
#5542=CARTESIAN_POINT('Axis2P3D Location',(23.5334022862,5.39999800208,-165.075145725)) ;
#5550=CARTESIAN_POINT('Line Origine',(30.0334022862,4.96846784281,-167.53762044)) ;
#5555=CARTESIAN_POINT('Line Origine',(17.0334022862,4.96846784281,-167.53762044)) ;
#5567=CARTESIAN_POINT('Axis2P3D Location',(23.5334022862,5.39999800208,-165.075145725)) ;
#5582=CARTESIAN_POINT('Axis2P3D Location',(5.58593386204E-015,32.56767623,-161.631072405)) ;
#5587=CARTESIAN_POINT('Axis2P3D Location',(23.5334022862,33.982958132,-161.629583527)) ;
#5592=CARTESIAN_POINT('Vertex',(30.0334022862,33.982958132,-161.629583527)) ;
#5594=CARTESIAN_POINT('Vertex',(17.0334022862,33.982958132,-161.629583527)) ;
#5597=CARTESIAN_POINT('Axis2P3D Location',(23.5334022862,33.982958132,-161.629583527)) ;
#5608=CARTESIAN_POINT('Axis2P3D Location',(23.5334022862,33.982958132,-161.629583527)) ;
#5616=CARTESIAN_POINT('Line Origine',(30.0334022862,33.9855881323,-164.129582144)) ;
#5621=CARTESIAN_POINT('Line Origine',(17.0334022862,33.9855881323,-164.129582144)) ;
#5633=CARTESIAN_POINT('Axis2P3D Location',(23.5334022862,33.982958132,-161.629583527)) ;
#5648=CARTESIAN_POINT('Axis2P3D Location',(5.58593386204E-015,60.1398412263,-153.520215604)) ;
#5653=CARTESIAN_POINT('Axis2P3D Location',(23.5334022862,61.5333632753,-153.272988223)) ;
#5658=CARTESIAN_POINT('Vertex',(30.0334022862,61.5333632753,-153.272988223)) ;
#5660=CARTESIAN_POINT('Vertex',(17.0334022862,61.5333632753,-153.272988223)) ;
#5663=CARTESIAN_POINT('Axis2P3D Location',(23.5334022862,61.5333632753,-153.272988223)) ;
#5674=CARTESIAN_POINT('Axis2P3D Location',(23.5334022862,61.5333632753,-153.272988223)) ;
#5682=CARTESIAN_POINT('Line Origine',(30.0334022862,61.9700735239,-155.734549548)) ;
#5687=CARTESIAN_POINT('Line Origine',(17.0334022862,61.9700735239,-155.734549548)) ;
#5699=CARTESIAN_POINT('Axis2P3D Location',(23.5334022862,61.5333632753,-153.272988223)) ;
#5714=CARTESIAN_POINT('Axis2P3D Location',(5.58593386204E-015,85.8846875792,-140.744724737)) ;
#5719=CARTESIAN_POINT('Axis2P3D Location',(23.5334022862,87.2141083128,-140.25927073)) ;
#5724=CARTESIAN_POINT('Vertex',(17.0334022862,87.2141083128,-140.25927073)) ;
#5727=CARTESIAN_POINT('Axis2P3D Location',(23.5334022862,87.2141083128,-140.25927073)) ;
#5732=CARTESIAN_POINT('Vertex',(30.0334022862,87.2141083128,-140.25927073)) ;
#5735=CARTESIAN_POINT('Axis2P3D Location',(23.5334022862,87.2141083128,-140.25927073)) ;
#5748=CARTESIAN_POINT('Axis2P3D Location',(23.5334022862,87.2141083128,-140.25927073)) ;
#5756=CARTESIAN_POINT('Line Origine',(30.0334022862,88.0716295898,-142.607601469)) ;
#5761=CARTESIAN_POINT('Line Origine',(17.0334022862,88.0716295898,-142.607601469)) ;
#5773=CARTESIAN_POINT('Axis2P3D Location',(23.5334022862,87.2141083128,-140.25927073)) ;
#5788=CARTESIAN_POINT('Axis2P3D Location',(23.5334022862,87.2141083128,-140.25927073)) ;
#5803=CARTESIAN_POINT('Axis2P3D Location',(5.58593386204E-015,109.01997116,-123.692776629)) ;
#5808=CARTESIAN_POINT('Axis2P3D Location',(23.5334022862,110.244896802,-122.983846272)) ;
#5813=CARTESIAN_POINT('Vertex',(30.0334022862,110.244896802,-122.983846272)) ;
#5815=CARTESIAN_POINT('Vertex',(17.0334022862,110.244896802,-122.983846272)) ;
#5818=CARTESIAN_POINT('Axis2P3D Location',(23.5334022862,110.244896802,-122.983846272)) ;
#5829=CARTESIAN_POINT('Axis2P3D Location',(23.5334022862,110.244896802,-122.983846272)) ;
#5837=CARTESIAN_POINT('Line Origine',(30.0334022862,111.497173757,-125.147593583)) ;
#5842=CARTESIAN_POINT('Line Origine',(17.0334022862,111.497173757,-125.147593583)) ;
#5854=CARTESIAN_POINT('Axis2P3D Location',(23.5334022862,110.244896802,-122.983846272)) ;
#5869=CARTESIAN_POINT('Axis2P3D Location',(5.58593386204E-015,128.842738083,-102.882486094)) ;
#5874=CARTESIAN_POINT('Axis2P3D Location',(23.5334022862,129.925949888,-101.971619877)) ;
#5879=CARTESIAN_POINT('Vertex',(30.0334022862,129.925949888,-101.971619877)) ;
#5881=CARTESIAN_POINT('Vertex',(17.0334022862,129.925949888,-101.971619877)) ;
#5884=CARTESIAN_POINT('Axis2P3D Location',(23.5334022862,129.925949888,-101.971619877)) ;
#5895=CARTESIAN_POINT('Axis2P3D Location',(23.5334022862,129.925949888,-101.971619877)) ;
#5903=CARTESIAN_POINT('Line Origine',(30.0334022862,131.53493272,-103.885039393)) ;
#5908=CARTESIAN_POINT('Line Origine',(17.0334022862,131.53493272,-103.885039393)) ;
#5920=CARTESIAN_POINT('Axis2P3D Location',(23.5334022862,129.925949888,-101.971619877)) ;
#5935=CARTESIAN_POINT('Axis2P3D Location',(5.58593386204E-015,144.750683608,-78.9461632809)) ;
#5940=CARTESIAN_POINT('Axis2P3D Location',(23.5334022862,145.659268732,-77.8610374124)) ;
#5945=CARTESIAN_POINT('Vertex',(30.0334022862,145.659268732,-77.8610374124)) ;
#5947=CARTESIAN_POINT('Vertex',(17.0334022862,145.659268732,-77.8610374124)) ;
#5950=CARTESIAN_POINT('Axis2P3D Location',(23.5334022862,145.659268732,-77.8610374124)) ;
#5961=CARTESIAN_POINT('Axis2P3D Location',(23.5334022862,145.659268732,-77.8610374124)) ;
#5969=CARTESIAN_POINT('Line Origine',(30.0334022862,147.576069312,-79.4659908503)) ;
#5974=CARTESIAN_POINT('Line Origine',(17.0334022862,147.576069312,-79.4659908503)) ;
#5986=CARTESIAN_POINT('Axis2P3D Location',(23.5334022862,145.659268732,-77.8610374124)) ;
#6001=CARTESIAN_POINT('Axis2P3D Location',(5.58593386204E-015,156.260452859,-52.6111012451)) ;
#6006=CARTESIAN_POINT('Axis2P3D Location',(23.5334022862,156.966804404,-51.3846867256)) ;
#6011=CARTESIAN_POINT('Vertex',(30.0334022862,156.966804404,-51.3846867256)) ;
#6013=CARTESIAN_POINT('Vertex',(17.0334022862,156.966804404,-51.3846867256)) ;
#6016=CARTESIAN_POINT('Axis2P3D Location',(23.5334022862,156.966804404,-51.3846867256)) ;
#6027=CARTESIAN_POINT('Axis2P3D Location',(23.5334022862,156.966804404,-51.3846867256)) ;
#6035=CARTESIAN_POINT('Line Origine',(30.0334022862,159.133181715,-52.6324083869)) ;
#6040=CARTESIAN_POINT('Line Origine',(17.0334022862,159.133181715,-52.6324083869)) ;
#6052=CARTESIAN_POINT('Axis2P3D Location',(23.5334022862,156.966804404,-51.3846867256)) ;
#6067=CARTESIAN_POINT('Axis2P3D Location',(5.58593386204E-015,163.022327321,-24.6774775204)) ;
#6072=CARTESIAN_POINT('Axis2P3D Location',(23.5334022862,163.504983152,-23.3470383346)) ;
#6077=CARTESIAN_POINT('Vertex',(30.0334022862,163.504983152,-23.3470383346)) ;
#6079=CARTESIAN_POINT('Vertex',(17.0334022862,163.504983152,-23.3470383346)) ;
#6082=CARTESIAN_POINT('Axis2P3D Location',(23.5334022862,163.504983152,-23.3470383346)) ;
#6093=CARTESIAN_POINT('Axis2P3D Location',(23.5334022862,163.504983152,-23.3470383346)) ;
#6101=CARTESIAN_POINT('Line Origine',(30.0334022862,165.855112917,-24.1996168279)) ;
#6106=CARTESIAN_POINT('Line Origine',(17.0334022862,165.855112917,-24.1996168279)) ;
#6118=CARTESIAN_POINT('Axis2P3D Location',(23.5334022862,163.504983152,-23.3470383346)) ;
#6133=CARTESIAN_POINT('Axis2P3D Location',(5.58593386204E-015,164.83085086,4.0059588714)) ;
#6138=CARTESIAN_POINT('Axis2P3D Location',(23.5334022862,165.075145725,5.39999800208)) ;
#6143=CARTESIAN_POINT('Vertex',(17.0334022862,165.075145725,5.39999800208)) ;
#6146=CARTESIAN_POINT('Axis2P3D Location',(23.5334022862,165.075145725,5.39999800208)) ;
#6151=CARTESIAN_POINT('Vertex',(30.0334022862,165.075145725,5.39999800208)) ;
#6154=CARTESIAN_POINT('Axis2P3D Location',(23.5334022862,165.075145725,5.39999800208)) ;
#6167=CARTESIAN_POINT('Axis2P3D Location',(23.5334022862,165.075145725,5.39999800208)) ;
#6175=CARTESIAN_POINT('Line Origine',(30.0334022862,167.53762044,4.96846784281)) ;
#6180=CARTESIAN_POINT('Line Origine',(17.0334022862,167.53762044,4.96846784281)) ;
#6192=CARTESIAN_POINT('Axis2P3D Location',(23.5334022862,165.075145725,5.39999800208)) ;
#6207=CARTESIAN_POINT('Axis2P3D Location',(23.5334022862,165.075145725,5.39999800208)) ;
#6222=CARTESIAN_POINT('Axis2P3D Location',(5.58593386204E-015,161.631072405,32.56767623)) ;
#6227=CARTESIAN_POINT('Axis2P3D Location',(23.5334022862,161.629583527,33.982958132)) ;
#6232=CARTESIAN_POINT('Vertex',(30.0334022862,161.629583527,33.982958132)) ;
#6234=CARTESIAN_POINT('Vertex',(17.0334022862,161.629583527,33.982958132)) ;
#6237=CARTESIAN_POINT('Axis2P3D Location',(23.5334022862,161.629583527,33.982958132)) ;
#6248=CARTESIAN_POINT('Axis2P3D Location',(23.5334022862,161.629583527,33.982958132)) ;
#6256=CARTESIAN_POINT('Line Origine',(30.0334022862,164.129582144,33.9855881323)) ;
#6261=CARTESIAN_POINT('Line Origine',(17.0334022862,164.129582144,33.9855881323)) ;
#6273=CARTESIAN_POINT('Axis2P3D Location',(23.5334022862,161.629583527,33.982958132)) ;
#6288=CARTESIAN_POINT('Axis2P3D Location',(5.58593386204E-015,153.520215604,60.1398412263)) ;
#6293=CARTESIAN_POINT('Axis2P3D Location',(23.5334022862,153.272988223,61.5333632753)) ;
#6298=CARTESIAN_POINT('Vertex',(30.0334022862,153.272988223,61.5333632753)) ;
#6300=CARTESIAN_POINT('Vertex',(17.0334022862,153.272988223,61.5333632753)) ;
#6303=CARTESIAN_POINT('Axis2P3D Location',(23.5334022862,153.272988223,61.5333632753)) ;
#6314=CARTESIAN_POINT('Axis2P3D Location',(23.5334022862,153.272988223,61.5333632753)) ;
#6322=CARTESIAN_POINT('Line Origine',(30.0334022862,155.734549548,61.9700735239)) ;
#6327=CARTESIAN_POINT('Line Origine',(17.0334022862,155.734549548,61.9700735239)) ;
#6339=CARTESIAN_POINT('Axis2P3D Location',(23.5334022862,153.272988223,61.5333632753)) ;
#6354=CARTESIAN_POINT('Axis2P3D Location',(5.58593386204E-015,140.744724737,85.8846875792)) ;
#6359=CARTESIAN_POINT('Axis2P3D Location',(23.5334022862,140.25927073,87.2141083128)) ;
#6364=CARTESIAN_POINT('Vertex',(30.0334022862,140.25927073,87.2141083128)) ;
#6366=CARTESIAN_POINT('Vertex',(17.0334022862,140.25927073,87.2141083128)) ;
#6369=CARTESIAN_POINT('Axis2P3D Location',(23.5334022862,140.25927073,87.2141083128)) ;
#6380=CARTESIAN_POINT('Axis2P3D Location',(23.5334022862,140.25927073,87.2141083128)) ;
#6388=CARTESIAN_POINT('Line Origine',(30.0334022862,142.607601469,88.0716295898)) ;
#6393=CARTESIAN_POINT('Line Origine',(17.0334022862,142.607601469,88.0716295898)) ;
#6405=CARTESIAN_POINT('Axis2P3D Location',(23.5334022862,140.25927073,87.2141083128)) ;
#6420=CARTESIAN_POINT('Axis2P3D Location',(5.58593386204E-015,123.692776629,109.01997116)) ;
#6425=CARTESIAN_POINT('Axis2P3D Location',(23.5334022862,122.983846272,110.244896802)) ;
#6430=CARTESIAN_POINT('Vertex',(30.0334022862,122.983846272,110.244896802)) ;
#6432=CARTESIAN_POINT('Vertex',(17.0334022862,122.983846272,110.244896802)) ;
#6435=CARTESIAN_POINT('Axis2P3D Location',(23.5334022862,122.983846272,110.244896802)) ;
#6446=CARTESIAN_POINT('Axis2P3D Location',(23.5334022862,122.983846272,110.244896802)) ;
#6454=CARTESIAN_POINT('Line Origine',(30.0334022862,125.147593583,111.497173757)) ;
#6459=CARTESIAN_POINT('Line Origine',(17.0334022862,125.147593583,111.497173757)) ;
#6471=CARTESIAN_POINT('Axis2P3D Location',(23.5334022862,122.983846272,110.244896802)) ;
#6486=CARTESIAN_POINT('Axis2P3D Location',(5.58593386204E-015,102.882486094,128.842738083)) ;
#6491=CARTESIAN_POINT('Axis2P3D Location',(23.5334022862,101.971619877,129.925949888)) ;
#6496=CARTESIAN_POINT('Vertex',(30.0334022862,101.971619877,129.925949888)) ;
#6498=CARTESIAN_POINT('Vertex',(17.0334022862,101.971619877,129.925949888)) ;
#6501=CARTESIAN_POINT('Axis2P3D Location',(23.5334022862,101.971619877,129.925949888)) ;
#6512=CARTESIAN_POINT('Axis2P3D Location',(23.5334022862,101.971619877,129.925949888)) ;
#6520=CARTESIAN_POINT('Line Origine',(30.0334022862,103.885039393,131.53493272)) ;
#6525=CARTESIAN_POINT('Line Origine',(17.0334022862,103.885039393,131.53493272)) ;
#6537=CARTESIAN_POINT('Axis2P3D Location',(23.5334022862,101.971619877,129.925949888)) ;
#6552=CARTESIAN_POINT('Axis2P3D Location',(5.58593386204E-015,78.9461632809,144.750683608)) ;
#6557=CARTESIAN_POINT('Axis2P3D Location',(23.5334022862,77.8610374124,145.659268732)) ;
#6562=CARTESIAN_POINT('Vertex',(17.0334022862,77.8610374124,145.659268732)) ;
#6565=CARTESIAN_POINT('Axis2P3D Location',(23.5334022862,77.8610374124,145.659268732)) ;
#6570=CARTESIAN_POINT('Vertex',(30.0334022862,77.8610374124,145.659268732)) ;
#6573=CARTESIAN_POINT('Axis2P3D Location',(23.5334022862,77.8610374124,145.659268732)) ;
#6586=CARTESIAN_POINT('Axis2P3D Location',(23.5334022862,77.8610374124,145.659268732)) ;
#6594=CARTESIAN_POINT('Line Origine',(30.0334022862,79.4659908503,147.576069312)) ;
#6599=CARTESIAN_POINT('Line Origine',(17.0334022862,79.4659908503,147.576069312)) ;
#6611=CARTESIAN_POINT('Axis2P3D Location',(23.5334022862,77.8610374124,145.659268732)) ;
#6626=CARTESIAN_POINT('Axis2P3D Location',(23.5334022862,77.8610374124,145.659268732)) ;
#6641=CARTESIAN_POINT('Axis2P3D Location',(5.58593386204E-015,52.6111012451,156.260452859)) ;
#6646=CARTESIAN_POINT('Axis2P3D Location',(23.5334022862,51.3846867256,156.966804404)) ;
#6651=CARTESIAN_POINT('Vertex',(30.0334022862,51.3846867256,156.966804404)) ;
#6653=CARTESIAN_POINT('Vertex',(17.0334022862,51.3846867256,156.966804404)) ;
#6656=CARTESIAN_POINT('Axis2P3D Location',(23.5334022862,51.3846867256,156.966804404)) ;
#6667=CARTESIAN_POINT('Axis2P3D Location',(23.5334022862,51.3846867256,156.966804404)) ;
#6675=CARTESIAN_POINT('Line Origine',(30.0334022862,52.6324083869,159.133181715)) ;
#6680=CARTESIAN_POINT('Line Origine',(17.0334022862,52.6324083869,159.133181715)) ;
#6692=CARTESIAN_POINT('Axis2P3D Location',(23.5334022862,51.3846867256,156.966804404)) ;
#6707=CARTESIAN_POINT('Axis2P3D Location',(5.58593386204E-015,24.6774775204,163.022327321)) ;
#6712=CARTESIAN_POINT('Axis2P3D Location',(23.5334022862,23.3470383346,163.504983152)) ;
#6717=CARTESIAN_POINT('Vertex',(30.0334022862,23.3470383346,163.504983152)) ;
#6719=CARTESIAN_POINT('Vertex',(17.0334022862,23.3470383346,163.504983152)) ;
#6722=CARTESIAN_POINT('Axis2P3D Location',(23.5334022862,23.3470383346,163.504983152)) ;
#6733=CARTESIAN_POINT('Axis2P3D Location',(23.5334022862,23.3470383346,163.504983152)) ;
#6741=CARTESIAN_POINT('Line Origine',(30.0334022862,24.1996168279,165.855112917)) ;
#6746=CARTESIAN_POINT('Line Origine',(17.0334022862,24.1996168279,165.855112917)) ;
#6758=CARTESIAN_POINT('Axis2P3D Location',(23.5334022862,23.3470383346,163.504983152)) ;
#6773=CARTESIAN_POINT('Axis2P3D Location',(5.58593386204E-015,-4.0059588714,164.83085086)) ;
#6778=CARTESIAN_POINT('Axis2P3D Location',(23.5334022862,-5.39999800208,165.075145725)) ;
#6783=CARTESIAN_POINT('Vertex',(30.0334022862,-5.39999800208,165.075145725)) ;
#6785=CARTESIAN_POINT('Vertex',(17.0334022862,-5.39999800208,165.075145725)) ;
#6788=CARTESIAN_POINT('Axis2P3D Location',(23.5334022862,-5.39999800208,165.075145725)) ;
#6799=CARTESIAN_POINT('Axis2P3D Location',(23.5334022862,-5.39999800208,165.075145725)) ;
#6807=CARTESIAN_POINT('Line Origine',(30.0334022862,-4.96846784281,167.53762044)) ;
#6812=CARTESIAN_POINT('Line Origine',(17.0334022862,-4.96846784281,167.53762044)) ;
#6824=CARTESIAN_POINT('Axis2P3D Location',(23.5334022862,-5.39999800208,165.075145725)) ;
#6839=CARTESIAN_POINT('Axis2P3D Location',(5.58593386204E-015,-32.56767623,161.631072405)) ;
#6844=CARTESIAN_POINT('Axis2P3D Location',(23.5334022862,-33.982958132,161.629583527)) ;
#6849=CARTESIAN_POINT('Vertex',(30.0334022862,-33.982958132,161.629583527)) ;
#6851=CARTESIAN_POINT('Vertex',(17.0334022862,-33.982958132,161.629583527)) ;
#6854=CARTESIAN_POINT('Axis2P3D Location',(23.5334022862,-33.982958132,161.629583527)) ;
#6865=CARTESIAN_POINT('Axis2P3D Location',(23.5334022862,-33.982958132,161.629583527)) ;
#6873=CARTESIAN_POINT('Line Origine',(30.0334022862,-33.9855881323,164.129582144)) ;
#6878=CARTESIAN_POINT('Line Origine',(17.0334022862,-33.9855881323,164.129582144)) ;
#6890=CARTESIAN_POINT('Axis2P3D Location',(23.5334022862,-33.982958132,161.629583527)) ;
#6905=CARTESIAN_POINT('Axis2P3D Location',(5.58593386204E-015,-60.1398412263,153.520215604)) ;
#6910=CARTESIAN_POINT('Axis2P3D Location',(23.5334022862,-61.5333632753,153.272988223)) ;
#6915=CARTESIAN_POINT('Vertex',(30.0334022862,-61.5333632753,153.272988223)) ;
#6917=CARTESIAN_POINT('Vertex',(17.0334022862,-61.5333632753,153.272988223)) ;
#6920=CARTESIAN_POINT('Axis2P3D Location',(23.5334022862,-61.5333632753,153.272988223)) ;
#6931=CARTESIAN_POINT('Axis2P3D Location',(23.5334022862,-61.5333632753,153.272988223)) ;
#6939=CARTESIAN_POINT('Line Origine',(30.0334022862,-61.9700735239,155.734549548)) ;
#6944=CARTESIAN_POINT('Line Origine',(17.0334022862,-61.9700735239,155.734549548)) ;
#6956=CARTESIAN_POINT('Axis2P3D Location',(23.5334022862,-61.5333632753,153.272988223)) ;
#6971=CARTESIAN_POINT('Axis2P3D Location',(5.58593386204E-015,-85.8846875792,140.744724737)) ;
#6976=CARTESIAN_POINT('Axis2P3D Location',(23.5334022862,-87.2141083128,140.25927073)) ;
#6981=CARTESIAN_POINT('Vertex',(17.0334022862,-87.2141083128,140.25927073)) ;
#6984=CARTESIAN_POINT('Axis2P3D Location',(23.5334022862,-87.2141083128,140.25927073)) ;
#6989=CARTESIAN_POINT('Vertex',(30.0334022862,-87.2141083128,140.25927073)) ;
#6992=CARTESIAN_POINT('Axis2P3D Location',(23.5334022862,-87.2141083128,140.25927073)) ;
#7005=CARTESIAN_POINT('Axis2P3D Location',(23.5334022862,-87.2141083128,140.25927073)) ;
#7013=CARTESIAN_POINT('Line Origine',(30.0334022862,-88.0716295898,142.607601469)) ;
#7018=CARTESIAN_POINT('Line Origine',(17.0334022862,-88.0716295898,142.607601469)) ;
#7030=CARTESIAN_POINT('Axis2P3D Location',(23.5334022862,-87.2141083128,140.25927073)) ;
#7045=CARTESIAN_POINT('Axis2P3D Location',(23.5334022862,-87.2141083128,140.25927073)) ;
#7070=CARTESIAN_POINT('NONE',(0.,0.,0.)) ;
#7071=CARTESIAN_POINT('NONE',(-1794.57959418,830.354829334,-80.8064086708)) ;
#7087=CARTESIAN_POINT('Axis2P3D Location',(60.,0.,0.)) ;
#7092=CARTESIAN_POINT('Axis2P3D Location',(120.,0.,0.)) ;
#7096=CARTESIAN_POINT('Vertex',(120.,145.835792552,79.6704565797)) ;
#7098=CARTESIAN_POINT('Vertex',(120.,-145.835792552,-79.6704565797)) ;
#7101=CARTESIAN_POINT('Line Origine',(60.,145.835792552,79.6704565797)) ;
#7105=CARTESIAN_POINT('Vertex',(0.,145.835792552,79.6704565797)) ;
#7108=CARTESIAN_POINT('Axis2P3D Location',(0.,0.,0.)) ;
#7112=CARTESIAN_POINT('Vertex',(0.,-145.835792552,-79.6704565797)) ;
#7115=CARTESIAN_POINT('Line Origine',(60.,-145.835792552,-79.6704565797)) ;
#7127=CARTESIAN_POINT('Axis2P3D Location',(120.,0.,0.)) ;
#7132=CARTESIAN_POINT('Axis2P3D Location',(0.,0.,0.)) ;
#7144=CARTESIAN_POINT('Axis2P3D Location',(120.,0.,0.)) ;
#7154=CARTESIAN_POINT('Axis2P3D Location',(0.,166.179,0.)) ;
#7174=CARTESIAN_POINT('NONE',(0.,0.,0.)) ;
#7175=CARTESIAN_POINT('NONE',(-1914.57959418,830.354829334,-80.8064086708)) ;
#7191=CARTESIAN_POINT('Axis2P3D Location',(194.838610655,-8.37371974271,157.857476144)) ;
#7196=CARTESIAN_POINT('Line Origine',(166.869589341,-7.95636812889,-172.561968687)) ;
#7200=CARTESIAN_POINT('Vertex',(188.347056009,-8.27685325685,-179.120463519)) ;
#7202=CARTESIAN_POINT('Vertex',(145.392122672,-7.63588300093,-166.003473855)) ;
#7205=CARTESIAN_POINT('Line Origine',(190.354501248,-8.30680820239,-172.545107522)) ;
#7209=CARTESIAN_POINT('Vertex',(192.361946487,-8.33676314792,-165.969751525)) ;
#7213=CARTESIAN_POINT('Control Point',(192.361946487,-8.33676314792,-165.969751525)) ;
#7214=CARTESIAN_POINT('Control Point',(182.967981943,-8.19658712179,-165.976792653)) ;
#7215=CARTESIAN_POINT('Control Point',(173.574017287,-8.05641109398,-165.98368542)) ;
#7216=CARTESIAN_POINT('Control Point',(164.180052519,-7.91623506451,-165.990429856)) ;
#7217=CARTESIAN_POINT('Control Point',(154.786087646,-7.77605903347,-165.997025991)) ;
#7218=CARTESIAN_POINT('Control Point',(145.392122673,-7.63588300094,-166.003473855)) ;
#7226=CARTESIAN_POINT('Axis2P3D Location',(152.648752753,0.417203730135,-168.034088247)) ;
#7231=CARTESIAN_POINT('Axis2P3D Location',(188.510181101,-0.117917782586,-178.984960439)) ;
#7235=CARTESIAN_POINT('Vertex',(186.362881499,-4.01635378326,-185.826341888)) ;
#7239=CARTESIAN_POINT('Control Point',(145.392122672,-7.63588300093,-166.003473855)) ;
#7240=CARTESIAN_POINT('Control Point',(144.127097766,-7.61057147966,-166.004638142)) ;
#7241=CARTESIAN_POINT('Control Point',(142.862495047,-7.56420410399,-166.006766155)) ;
#7242=CARTESIAN_POINT('Control Point',(141.598973441,-7.49650926249,-166.009853839)) ;
#7243=CARTESIAN_POINT('Control Point',(138.1556806,-7.25164665225,-166.020874901)) ;
#7244=CARTESIAN_POINT('Control Point',(134.728116206,-6.83206678512,-166.038851939)) ;
#7245=CARTESIAN_POINT('Control Point',(132.569134142,-6.48775690302,-166.052906145)) ;
#7246=CARTESIAN_POINT('Control Point',(129.633385792,-5.89752675642,-166.075680818)) ;
#7247=CARTESIAN_POINT('Control Point',(126.762245952,-5.06438661601,-166.10204903)) ;
#7248=CARTESIAN_POINT('Control Point',(125.99793578,-4.82114881745,-166.109344292)) ;
#7249=CARTESIAN_POINT('Control Point',(124.670167851,-4.35477478484,-166.122448775)) ;
#7250=CARTESIAN_POINT('Control Point',(123.376625963,-3.80161777557,-166.135775047)) ;
#7251=CARTESIAN_POINT('Control Point',(122.830464777,-3.54624537871,-166.141478493)) ;
#7252=CARTESIAN_POINT('Control Point',(121.908042212,-3.06967036091,-166.151182619)) ;
#7253=CARTESIAN_POINT('Control Point',(121.033483746,-2.51139311207,-166.160277009)) ;
#7254=CARTESIAN_POINT('Control Point',(120.679012981,-2.26176587504,-166.163913306)) ;
#7255=CARTESIAN_POINT('Control Point',(120.006010898,-1.7296333269,-166.170633473)) ;
#7256=CARTESIAN_POINT('Control Point',(119.419752684,-1.10337147006,-166.175787207)) ;
#7257=CARTESIAN_POINT('Control Point',(119.15560616,-0.763773966764,-166.177831949)) ;
#7258=CARTESIAN_POINT('Control Point',(118.838144579,-0.21976336957,-166.179556218)) ;
#7259=CARTESIAN_POINT('Control Point',(118.669669208,0.379591593175,-166.178735152)) ;
#7260=CARTESIAN_POINT('Control Point',(118.633432858,0.575658926301,-166.178181053)) ;
#7261=CARTESIAN_POINT('Control Point',(118.598066358,1.00009943729,-166.1763292)) ;
#7262=CARTESIAN_POINT('Control Point',(118.652504201,1.42312278291,-166.173134715)) ;
#7263=CARTESIAN_POINT('Control Point',(118.706881661,1.64369836349,-166.171081062)) ;
#7264=CARTESIAN_POINT('Control Point',(118.886431418,2.14632483791,-166.165588729)) ;
#7265=CARTESIAN_POINT('Control Point',(119.167255544,2.60226118446,-166.158921535)) ;
#7266=CARTESIAN_POINT('Control Point',(119.354224101,2.84789789675,-166.154840897)) ;
#7267=CARTESIAN_POINT('Control Point',(119.836329739,3.38958078155,-166.144931533)) ;
#7268=CARTESIAN_POINT('Control Point',(120.395474893,3.8533104302,-166.134618623)) ;
#7269=CARTESIAN_POINT('Control Point',(120.733664195,4.09941332451,-166.128673798)) ;
#7270=CARTESIAN_POINT('Control Point',(121.589402452,4.65769020502,-166.114249134)) ;
#7271=CARTESIAN_POINT('Control Point',(122.499306846,5.12469738533,-166.100275414)) ;
#7272=CARTESIAN_POINT('Control Point',(123.046921112,5.37585864195,-166.092275773)) ;
#7273=CARTESIAN_POINT('Control Point',(124.402471933,5.93817926082,-166.073404087)) ;
#7274=CARTESIAN_POINT('Control Point',(125.797335806,6.39678480263,-166.056132102)) ;
#7275=CARTESIAN_POINT('Control Point',(126.625049154,6.63863796723,-166.046572275)) ;
#7276=CARTESIAN_POINT('Control Point',(128.614363104,7.15874867967,-166.025173719)) ;
#7277=CARTESIAN_POINT('Control Point',(130.631427355,7.56100655289,-166.007112361)) ;
#7278=CARTESIAN_POINT('Control Point',(131.805115101,7.76201393485,-165.997769797)) ;
#7279=CARTESIAN_POINT('Control Point',(135.322378804,8.27765399835,-165.973150244)) ;
#7280=CARTESIAN_POINT('Control Point',(138.86801955,8.5660034138,-165.958140458)) ;
#7281=CARTESIAN_POINT('Control Point',(141.227926518,8.67771377397,-165.952264957)) ;
#7282=CARTESIAN_POINT('Control Point',(143.590881558,8.71496414,-165.950325961)) ;
#7283=CARTESIAN_POINT('Control Point',(145.952751897,8.67972049003,-165.952169293)) ;
#7284=CARTESIAN_POINT('Vertex',(145.952751896,8.67972049004,-165.952169293)) ;
#7287=CARTESIAN_POINT('Line Origine',(152.770527329,8.57798616235,-168.034088247)) ;
#7291=CARTESIAN_POINT('Vertex',(185.8,8.08512287737,-178.120176572)) ;
#7295=CARTESIAN_POINT('Control Point',(185.800000357,-7.79536339403,-180.970819736)) ;
#7296=CARTESIAN_POINT('Control Point',(185.800000845,-7.40001668462,-182.169379634)) ;
#7297=CARTESIAN_POINT('Control Point',(185.800000496,-6.78893167911,-183.296857304)) ;
#7298=CARTESIAN_POINT('Control Point',(185.799999854,-5.97413954632,-184.300277014)) ;
#7299=CARTESIAN_POINT('Control Point',(185.800000156,-3.92422658285,-186.005948533)) ;
#7300=CARTESIAN_POINT('Control Point',(185.799999832,-1.36213950865,-186.772459124)) ;
#7301=CARTESIAN_POINT('Control Point',(185.800000155,0.0347268993182,-186.869703722)) ;
#7302=CARTESIAN_POINT('Control Point',(185.79999984,2.81454604475,-186.443174879)) ;
#7303=CARTESIAN_POINT('Control Point',(185.800000165,5.17430279727,-184.906118157)) ;
#7304=CARTESIAN_POINT('Control Point',(185.800000322,6.18239581625,-183.879876988)) ;
#7305=CARTESIAN_POINT('Control Point',(185.799999846,7.32172384872,-182.109725568)) ;
#7306=CARTESIAN_POINT('Control Point',(185.800000074,7.89753377548,-180.117121184)) ;
#7307=CARTESIAN_POINT('Control Point',(185.799999924,8.02255976549,-179.456634843)) ;
#7308=CARTESIAN_POINT('Control Point',(185.8,8.08512287737,-178.788405708)) ;
#7309=CARTESIAN_POINT('Control Point',(185.8,8.08512287737,-178.120176572)) ;
#7310=CARTESIAN_POINT('Vertex',(185.8,-7.79534907634,-180.970863016)) ;
#7314=CARTESIAN_POINT('Control Point',(185.8,-7.79534907634,-180.970863016)) ;
#7315=CARTESIAN_POINT('Control Point',(185.935763786,-7.71076955443,-181.274874806)) ;
#7316=CARTESIAN_POINT('Control Point',(186.037216151,-7.60741327117,-181.58898487)) ;
#7317=CARTESIAN_POINT('Control Point',(186.111925863,-7.48427836147,-181.90514182)) ;
#7318=CARTESIAN_POINT('Control Point',(186.205625199,-7.25171257791,-182.420108458)) ;
#7319=CARTESIAN_POINT('Control Point',(186.262353497,-6.97287810199,-182.916405539)) ;
#7320=CARTESIAN_POINT('Control Point',(186.280555583,-6.85434280464,-183.111013177)) ;
#7321=CARTESIAN_POINT('Control Point',(186.340384414,-6.34345850151,-183.886908829)) ;
#7322=CARTESIAN_POINT('Control Point',(186.353796641,-5.72246454136,-184.587584108)) ;
#7323=CARTESIAN_POINT('Control Point',(186.357566203,-5.19780284263,-185.063047099)) ;
#7324=CARTESIAN_POINT('Control Point',(186.35908982,-4.62598967664,-185.477759794)) ;
#7325=CARTESIAN_POINT('Control Point',(186.362884191,-4.01637232752,-185.826332165)) ;
#7336=CARTESIAN_POINT('Axis2P3D Location',(222.381629509,-3.31836180164,-67.9078585189)) ;
#7342=CARTESIAN_POINT('Control Point',(186.362881499,-4.01635378326,-185.826341888)) ;
#7343=CARTESIAN_POINT('Control Point',(186.381292494,-4.13165237685,-185.76041624)) ;
#7344=CARTESIAN_POINT('Control Point',(186.400432151,-4.24551092834,-185.692174774)) ;
#7345=CARTESIAN_POINT('Control Point',(186.420287383,-4.35786557323,-185.621663461)) ;
#7346=CARTESIAN_POINT('Control Point',(186.525415024,-4.92444288172,-185.249709977)) ;
#7347=CARTESIAN_POINT('Control Point',(186.648509095,-5.44857748771,-184.820994816)) ;
#7348=CARTESIAN_POINT('Control Point',(186.758145309,-5.83873000768,-184.442897969)) ;
#7349=CARTESIAN_POINT('Control Point',(187.061919627,-6.74594731873,-183.403779603)) ;
#7350=CARTESIAN_POINT('Control Point',(187.418725855,-7.41238883312,-182.202760367)) ;
#7351=CARTESIAN_POINT('Control Point',(187.650664625,-7.72000204615,-181.428185896)) ;
#7352=CARTESIAN_POINT('Control Point',(187.951570929,-7.97586831706,-180.430288265)) ;
#7353=CARTESIAN_POINT('Control Point',(188.260283161,-8.07192536727,-179.414637313)) ;
#7354=CARTESIAN_POINT('Control Point',(188.321157482,-8.08460987318,-179.214668962)) ;
#7355=CARTESIAN_POINT('Control Point',(188.382190186,-8.09110166859,-179.014484554)) ;
#7356=CARTESIAN_POINT('Control Point',(188.443309992,-8.0914036913,-178.814317377)) ;
#7357=CARTESIAN_POINT('Vertex',(188.443309992,-8.0914036913,-178.814317377)) ;
#7360=CARTESIAN_POINT('Line Origine',(190.402604691,-8.10108551997,-172.397633284)) ;
#7364=CARTESIAN_POINT('Vertex',(192.36189939,-8.11076734864,-165.98094919)) ;
#7368=CARTESIAN_POINT('Control Point',(192.361946487,-8.33676314792,-165.969751525)) ;
#7369=CARTESIAN_POINT('Control Point',(192.361927648,-8.29156552235,-165.972021829)) ;
#7370=CARTESIAN_POINT('Control Point',(192.361913519,-8.24636712199,-165.974276748)) ;
#7371=CARTESIAN_POINT('Control Point',(192.3619041,-8.20116795449,-165.976516282)) ;
#7372=CARTESIAN_POINT('Control Point',(192.36189939,-8.1559680275,-165.978740429)) ;
#7373=CARTESIAN_POINT('Control Point',(192.36189939,-8.11076734864,-165.98094919)) ;
#7383=CARTESIAN_POINT('Axis2P3D Location',(107.9,0.,0.)) ;
#7388=CARTESIAN_POINT('Axis2P3D Location',(215.8,0.,0.)) ;
#7392=CARTESIAN_POINT('Vertex',(215.8,-145.835792552,-79.6704565797)) ;
#7394=CARTESIAN_POINT('Vertex',(215.8,-8.11076734864,-165.98094919)) ;
#7397=CARTESIAN_POINT('Line Origine',(107.9,-145.835792552,-79.6704565797)) ;
#7401=CARTESIAN_POINT('Vertex',(0.,-145.835792552,-79.6704565797)) ;
#7404=CARTESIAN_POINT('Axis2P3D Location',(0.,0.,0.)) ;
#7408=CARTESIAN_POINT('Vertex',(0.,161.293087394,-40.)) ;
#7411=CARTESIAN_POINT('Line Origine',(107.9,161.293087394,-40.)) ;
#7415=CARTESIAN_POINT('Vertex',(102.8,161.293087394,-40.)) ;
#7418=CARTESIAN_POINT('Axis2P3D Location',(102.8,0.,0.)) ;
#7422=CARTESIAN_POINT('Vertex',(102.8,166.179,-3.90798504668E-014)) ;
#7425=CARTESIAN_POINT('Axis2P3D Location',(102.8,0.,0.)) ;
#7429=CARTESIAN_POINT('Vertex',(102.8,161.293087394,40.)) ;
#7432=CARTESIAN_POINT('Line Origine',(107.9,161.293087394,40.)) ;
#7436=CARTESIAN_POINT('Vertex',(0.,161.293087394,40.)) ;
#7439=CARTESIAN_POINT('Axis2P3D Location',(0.,0.,0.)) ;
#7443=CARTESIAN_POINT('Vertex',(0.,145.835792552,79.6704565797)) ;
#7446=CARTESIAN_POINT('Line Origine',(107.9,145.835792552,79.6704565797)) ;
#7450=CARTESIAN_POINT('Vertex',(215.8,145.835792552,79.6704565797)) ;
#7453=CARTESIAN_POINT('Axis2P3D Location',(215.8,0.,0.)) ;
#7457=CARTESIAN_POINT('Vertex',(215.8,8.09141290188,-165.981893827)) ;
#7460=CARTESIAN_POINT('Line Origine',(107.9,8.09141290188,-165.981893827)) ;
#7464=CARTESIAN_POINT('Vertex',(185.8,8.09141290188,-165.981893827)) ;
#7467=CARTESIAN_POINT('Axis2P3D Location',(185.8,0.,0.)) ;
#7471=CARTESIAN_POINT('Vertex',(185.8,8.08512287737,-165.982200338)) ;
#7475=CARTESIAN_POINT('Control Point',(145.952751896,8.67972049005,-165.952169293)) ;
#7476=CARTESIAN_POINT('Control Point',(159.235167659,8.48152128987,-165.962535616)) ;
#7477=CARTESIAN_POINT('Control Point',(172.517583703,8.28332208551,-165.9725459)) ;
#7478=CARTESIAN_POINT('Control Point',(185.8,8.08512287737,-165.982200338)) ;
#7480=CARTESIAN_POINT('Line Origine',(107.9,-8.11076734864,-165.98094919)) ;
#7505=CARTESIAN_POINT('Axis2P3D Location',(195.082141459,7.94661546682,157.857476144)) ;
#7510=CARTESIAN_POINT('Line Origine',(185.8,8.08512287737,-172.051188455)) ;
#7521=CARTESIAN_POINT('Axis2P3D Location',(185.8,0.,0.)) ;
#7525=CARTESIAN_POINT('Vertex',(185.8,8.09141290188,165.981893827)) ;
#7527=CARTESIAN_POINT('Vertex',(185.8,8.08512287737,165.982200338)) ;
#7530=CARTESIAN_POINT('Line Origine',(107.9,8.09141290188,165.981893827)) ;
#7534=CARTESIAN_POINT('Vertex',(215.8,8.09141290188,165.981893827)) ;
#7537=CARTESIAN_POINT('Axis2P3D Location',(215.8,0.,0.)) ;
#7542=CARTESIAN_POINT('Axis2P3D Location',(0.,0.,0.)) ;
#7546=CARTESIAN_POINT('Vertex',(0.,-161.293087394,40.)) ;
#7549=CARTESIAN_POINT('Line Origine',(107.9,-161.293087394,40.)) ;
#7553=CARTESIAN_POINT('Vertex',(102.8,-161.293087394,40.)) ;
#7556=CARTESIAN_POINT('Axis2P3D Location',(102.8,0.,0.)) ;
#7560=CARTESIAN_POINT('Vertex',(102.8,-166.179,2.48689957516E-014)) ;
#7563=CARTESIAN_POINT('Axis2P3D Location',(102.8,0.,0.)) ;
#7567=CARTESIAN_POINT('Vertex',(102.8,-161.293087394,-40.)) ;
#7570=CARTESIAN_POINT('Line Origine',(107.9,-161.293087394,-40.)) ;
#7574=CARTESIAN_POINT('Vertex',(0.,-161.293087394,-40.)) ;
#7577=CARTESIAN_POINT('Axis2P3D Location',(0.,0.,0.)) ;
#7582=CARTESIAN_POINT('Axis2P3D Location',(215.8,0.,0.)) ;
#7586=CARTESIAN_POINT('Vertex',(215.8,-8.11076734864,165.98094919)) ;
#7589=CARTESIAN_POINT('Line Origine',(107.9,-8.11076734864,165.98094919)) ;
#7593=CARTESIAN_POINT('Vertex',(192.36189939,-8.11076734864,165.98094919)) ;
#7597=CARTESIAN_POINT('Control Point',(192.361946487,-8.33676314792,165.969751525)) ;
#7598=CARTESIAN_POINT('Control Point',(192.361915089,-8.26143377197,165.973535366)) ;
#7599=CARTESIAN_POINT('Control Point',(192.36189939,-8.18610181341,165.977267922)) ;
#7600=CARTESIAN_POINT('Control Point',(192.36189939,-8.11076734864,165.98094919)) ;
#7601=CARTESIAN_POINT('Vertex',(192.361946487,-8.33676314792,165.969751525)) ;
#7605=CARTESIAN_POINT('Control Point',(192.361946487,-8.33676314792,165.969751525)) ;
#7606=CARTESIAN_POINT('Control Point',(176.70533891,-8.10313643765,165.981486739)) ;
#7607=CARTESIAN_POINT('Control Point',(161.048730959,-7.86950972179,165.992727415)) ;
#7608=CARTESIAN_POINT('Control Point',(145.392122672,-7.63588300093,166.003473855)) ;
#7609=CARTESIAN_POINT('Vertex',(145.392122672,-7.63588300093,166.003473855)) ;
#7613=CARTESIAN_POINT('Control Point',(145.392122672,-7.63588300093,166.003473855)) ;
#7614=CARTESIAN_POINT('Control Point',(144.127097766,-7.61057147966,166.004638142)) ;
#7615=CARTESIAN_POINT('Control Point',(142.862495055,-7.56420410139,166.00676613)) ;
#7616=CARTESIAN_POINT('Control Point',(141.598973451,-7.49650925433,166.009853808)) ;
#7617=CARTESIAN_POINT('Control Point',(138.155680583,-7.25164666633,166.020874954)) ;
#7618=CARTESIAN_POINT('Control Point',(134.728116235,-6.83206676076,166.038851848)) ;
#7619=CARTESIAN_POINT('Control Point',(132.569134229,-6.48775681942,166.052905877)) ;
#7620=CARTESIAN_POINT('Control Point',(129.63338576,-5.89752678712,166.075680917)) ;
#7621=CARTESIAN_POINT('Control Point',(126.762245964,-5.06438660472,166.102048993)) ;
#7622=CARTESIAN_POINT('Control Point',(125.997935806,-4.82114879906,166.109344214)) ;
#7623=CARTESIAN_POINT('Control Point',(124.670167831,-4.35477479865,166.122448834)) ;
#7624=CARTESIAN_POINT('Control Point',(123.376625977,-3.80161776518,166.135775002)) ;
#7625=CARTESIAN_POINT('Control Point',(122.830464811,-3.5462453654,166.141478389)) ;
#7626=CARTESIAN_POINT('Control Point',(121.908042187,-3.06967037048,166.151182694)) ;
#7627=CARTESIAN_POINT('Control Point',(121.033483764,-2.51139310532,166.160276956)) ;
#7628=CARTESIAN_POINT('Control Point',(120.67901302,-2.26176587568,166.163913184)) ;
#7629=CARTESIAN_POINT('Control Point',(120.00601086,-1.7296333265,166.170633593)) ;
#7630=CARTESIAN_POINT('Control Point',(119.419752723,-1.10337147184,166.17578709)) ;
#7631=CARTESIAN_POINT('Control Point',(119.155606219,-0.763774041088,166.177831763)) ;
#7632=CARTESIAN_POINT('Control Point',(118.838144551,-0.21976333325,166.179556305)) ;
#7633=CARTESIAN_POINT('Control Point',(118.669669221,0.379591576768,166.178735111)) ;
#7634=CARTESIAN_POINT('Control Point',(118.633432858,0.575658900035,166.178181052)) ;
#7635=CARTESIAN_POINT('Control Point',(118.598066359,1.00009946619,166.1763292)) ;
#7636=CARTESIAN_POINT('Control Point',(118.6525042,1.42312274809,166.173134715)) ;
#7637=CARTESIAN_POINT('Control Point',(118.706881643,1.64369834671,166.171081118)) ;
#7638=CARTESIAN_POINT('Control Point',(118.886431443,2.1463248628,166.165588654)) ;
#7639=CARTESIAN_POINT('Control Point',(119.16725551,2.60226115173,166.158921638)) ;
#7640=CARTESIAN_POINT('Control Point',(119.354224077,2.84789789474,166.154840971)) ;
#7641=CARTESIAN_POINT('Control Point',(119.836329771,3.38958078393,166.144931432)) ;
#7642=CARTESIAN_POINT('Control Point',(120.395474849,3.85331042667,166.13461876)) ;
#7643=CARTESIAN_POINT('Control Point',(120.733664176,4.09941333219,166.128673859)) ;
#7644=CARTESIAN_POINT('Control Point',(121.58940248,4.65769019413,166.114249047)) ;
#7645=CARTESIAN_POINT('Control Point',(122.499306805,5.12469740111,166.100275539)) ;
#7646=CARTESIAN_POINT('Control Point',(123.046921096,5.37585865426,166.092275823)) ;
#7647=CARTESIAN_POINT('Control Point',(124.402471956,5.93817924325,166.073404015)) ;
#7648=CARTESIAN_POINT('Control Point',(125.797335774,6.39678482782,166.056132206)) ;
#7649=CARTESIAN_POINT('Control Point',(126.625049141,6.63863798166,166.046572318)) ;
#7650=CARTESIAN_POINT('Control Point',(128.614363123,7.15874865976,166.02517366)) ;
#7651=CARTESIAN_POINT('Control Point',(130.63142733,7.56100658036,166.007112443)) ;
#7652=CARTESIAN_POINT('Control Point',(131.805115088,7.76201394882,165.997769837)) ;
#7653=CARTESIAN_POINT('Control Point',(135.322378829,8.27765397071,165.973150166)) ;
#7654=CARTESIAN_POINT('Control Point',(138.868019502,8.56600346858,165.958140612)) ;
#7655=CARTESIAN_POINT('Control Point',(141.227926545,8.67771376442,165.952264869)) ;
#7656=CARTESIAN_POINT('Control Point',(143.590881558,8.71496414,165.950325961)) ;
#7657=CARTESIAN_POINT('Control Point',(145.952751897,8.67972049003,165.952169293)) ;
#7658=CARTESIAN_POINT('Vertex',(145.952751897,8.67972049003,165.952169293)) ;
#7662=CARTESIAN_POINT('Control Point',(145.952751897,8.67972049003,165.952169293)) ;
#7663=CARTESIAN_POINT('Control Point',(159.235167659,8.48152128988,165.962535616)) ;
#7664=CARTESIAN_POINT('Control Point',(172.517583701,8.28332208553,165.9725459)) ;
#7665=CARTESIAN_POINT('Control Point',(185.8,8.08512287737,165.982200338)) ;
#7687=CARTESIAN_POINT('Axis2P3D Location',(0.,0.,0.)) ;
#7692=CARTESIAN_POINT('Line Origine',(0.,148.254543697,40.)) ;
#7696=CARTESIAN_POINT('Vertex',(0.,135.216,40.)) ;
#7699=CARTESIAN_POINT('Line Origine',(0.,135.216,-1.42108547152E-014)) ;
#7703=CARTESIAN_POINT('Vertex',(0.,135.216,-40.)) ;
#7706=CARTESIAN_POINT('Line Origine',(0.,148.254543697,-40.)) ;
#7711=CARTESIAN_POINT('Line Origine',(0.,-148.254543697,-40.)) ;
#7715=CARTESIAN_POINT('Vertex',(0.,-135.216,-40.)) ;
#7718=CARTESIAN_POINT('Line Origine',(0.,-135.216,-1.42108547152E-014)) ;
#7722=CARTESIAN_POINT('Vertex',(0.,-135.216,40.)) ;
#7725=CARTESIAN_POINT('Line Origine',(0.,-148.254543697,40.)) ;
#7743=CARTESIAN_POINT('Axis2P3D Location',(0.,-135.216,-40.)) ;
#7748=CARTESIAN_POINT('Line Origine',(51.4,135.216,-40.)) ;
#7752=CARTESIAN_POINT('Vertex',(102.8,135.216,-40.)) ;
#7755=CARTESIAN_POINT('Line Origine',(102.8,148.254543697,-40.)) ;
#7767=CARTESIAN_POINT('Axis2P3D Location',(102.8,0.,0.)) ;
#7772=CARTESIAN_POINT('Line Origine',(102.8,135.216,-1.42108547152E-014)) ;
#7776=CARTESIAN_POINT('Vertex',(102.8,135.216,40.)) ;
#7779=CARTESIAN_POINT('Line Origine',(102.8,148.254543697,40.)) ;
#7792=CARTESIAN_POINT('Axis2P3D Location',(0.,-166.179,40.)) ;
#7797=CARTESIAN_POINT('Line Origine',(51.4,135.216,40.)) ;
#7809=CARTESIAN_POINT('Axis2P3D Location',(215.8,8.09141290188,165.875396729)) ;
#7814=CARTESIAN_POINT('Line Origine',(185.8,8.09141290188,172.392001235)) ;
#7818=CARTESIAN_POINT('Vertex',(185.8,8.09141290188,178.802108644)) ;
#7821=CARTESIAN_POINT('Line Origine',(200.8,8.09141290188,178.802108644)) ;
#7825=CARTESIAN_POINT('Vertex',(215.8,8.09141290188,178.802108644)) ;
#7828=CARTESIAN_POINT('Line Origine',(215.8,8.09141290188,172.392001235)) ;
#7840=CARTESIAN_POINT('Axis2P3D Location',(200.8,0.,178.802108644)) ;
#7845=CARTESIAN_POINT('Line Origine',(200.8,-8.0914036913,178.814317377)) ;
#7849=CARTESIAN_POINT('Vertex',(215.8,-8.0914036913,178.814317377)) ;
#7851=CARTESIAN_POINT('Vertex',(188.443309992,-8.0914036913,178.814317377)) ;
#7854=CARTESIAN_POINT('Axis2P3D Location',(215.8,0.,178.802108644)) ;
#7859=CARTESIAN_POINT('Axis2P3D Location',(185.8,0.,178.802108644)) ;
#7863=CARTESIAN_POINT('Vertex',(185.8,-7.79534907634,180.970863016)) ;
#7867=CARTESIAN_POINT('Control Point',(185.8,-7.79534907634,180.970863016)) ;
#7868=CARTESIAN_POINT('Control Point',(185.935763786,-7.71076955445,181.274874806)) ;
#7869=CARTESIAN_POINT('Control Point',(186.037216178,-7.60741322488,181.588984876)) ;
#7870=CARTESIAN_POINT('Control Point',(186.111925886,-7.48427832794,181.905141821)) ;
#7871=CARTESIAN_POINT('Control Point',(186.205625184,-7.25171259993,182.420108458)) ;
#7872=CARTESIAN_POINT('Control Point',(186.262353507,-6.9728780872,182.91640554)) ;
#7873=CARTESIAN_POINT('Control Point',(186.280555592,-6.854342796,183.111013177)) ;
#7874=CARTESIAN_POINT('Control Point',(186.340384387,-6.34345852771,183.886908829)) ;
#7875=CARTESIAN_POINT('Control Point',(186.353796724,-5.72246446028,184.58758411)) ;
#7876=CARTESIAN_POINT('Control Point',(186.357566157,-5.1978028624,185.063047098)) ;
#7877=CARTESIAN_POINT('Control Point',(186.35908982,-4.6259896766,185.477759794)) ;
#7878=CARTESIAN_POINT('Control Point',(186.362884191,-4.01637232752,185.826332165)) ;
#7879=CARTESIAN_POINT('Vertex',(186.362884191,-4.01637232752,185.826332165)) ;
#7883=CARTESIAN_POINT('Control Point',(186.362881499,-4.01635480499,185.826342185)) ;
#7884=CARTESIAN_POINT('Control Point',(186.663432171,-5.89854151643,184.750135137)) ;
#7885=CARTESIAN_POINT('Control Point',(187.173481465,-7.36734031675,183.008074545)) ;
#7886=CARTESIAN_POINT('Control Point',(187.80408038,-8.08824494667,180.907792387)) ;
#7887=CARTESIAN_POINT('Control Point',(188.443309992,-8.0914036913,178.814317377)) ;
#7898=CARTESIAN_POINT('Axis2P3D Location',(215.8,-8.0914036913,178.814317377)) ;
#7903=CARTESIAN_POINT('Line Origine',(190.402604691,-8.10108551997,172.397633284)) ;
#7908=CARTESIAN_POINT('Line Origine',(215.8,-8.10108551997,172.397633284)) ;
#7920=CARTESIAN_POINT('Axis2P3D Location',(185.8,0.,0.)) ;
#7925=CARTESIAN_POINT('Line Origine',(185.8,8.08512287737,172.051188455)) ;
#7929=CARTESIAN_POINT('Vertex',(185.8,8.08512287737,178.120176572)) ;
#7933=CARTESIAN_POINT('Control Point',(185.8,-7.79536074502,180.970821074)) ;
#7934=CARTESIAN_POINT('Control Point',(185.8,-7.63461837166,181.45813457)) ;
#7935=CARTESIAN_POINT('Control Point',(185.8,-7.43821334216,181.933697066)) ;
#7936=CARTESIAN_POINT('Control Point',(185.8,-7.20697357753,182.393907589)) ;
#7937=CARTESIAN_POINT('Control Point',(185.8,-6.55562682407,183.479271081)) ;
#7938=CARTESIAN_POINT('Control Point',(185.8,-5.71236315681,184.428748918)) ;
#7939=CARTESIAN_POINT('Control Point',(185.8,-5.14999021932,184.933539138)) ;
#7940=CARTESIAN_POINT('Control Point',(185.8,-3.93841577182,185.790638538)) ;
#7941=CARTESIAN_POINT('Control Point',(185.8,-2.56430290245,186.349614328)) ;
#7942=CARTESIAN_POINT('Control Point',(185.8,-1.85950785262,186.545314299)) ;
#7943=CARTESIAN_POINT('Control Point',(185.8,-0.512259240392,186.754636977)) ;
#7944=CARTESIAN_POINT('Control Point',(185.8,0.846310495265,186.670435163)) ;
#7945=CARTESIAN_POINT('Control Point',(185.8,1.47153075775,186.567599901)) ;
#7946=CARTESIAN_POINT('Control Point',(185.8,2.61380292242,186.259684454)) ;
#7947=CARTESIAN_POINT('Control Point',(185.8,3.67911478331,185.748376657)) ;
#7948=CARTESIAN_POINT('Control Point',(185.8,4.15339309272,185.46873291)) ;
#7949=CARTESIAN_POINT('Control Point',(185.8,5.29660509749,184.65821085)) ;
#7950=CARTESIAN_POINT('Control Point',(185.8,6.25058043357,183.622631716)) ;
#7951=CARTESIAN_POINT('Control Point',(185.8,6.74789212724,182.923953732)) ;
#7952=CARTESIAN_POINT('Control Point',(185.8,7.47479421206,181.580260708)) ;
#7953=CARTESIAN_POINT('Control Point',(185.8,7.89763689798,180.116576107)) ;
#7954=CARTESIAN_POINT('Control Point',(185.8,8.02259419515,179.456266818)) ;
#7955=CARTESIAN_POINT('Control Point',(185.8,8.08512287737,178.788221819)) ;
#7956=CARTESIAN_POINT('Control Point',(185.8,8.08512287737,178.120176572)) ;
#7966=CARTESIAN_POINT('Line Origine',(51.4,-135.216,40.)) ;
#7970=CARTESIAN_POINT('Vertex',(102.8,-135.216,40.)) ;
#7973=CARTESIAN_POINT('Line Origine',(102.8,-148.254543697,40.)) ;
#7985=CARTESIAN_POINT('Line Origine',(102.8,-135.216,-1.42108547152E-014)) ;
#7989=CARTESIAN_POINT('Vertex',(102.8,-135.216,-40.)) ;
#7992=CARTESIAN_POINT('Line Origine',(102.8,-148.254543697,-40.)) ;
#8005=CARTESIAN_POINT('Line Origine',(51.4,-135.216,-40.)) ;
#8017=CARTESIAN_POINT('Axis2P3D Location',(222.381629509,-3.31836180164,67.9078585189)) ;
#8022=CARTESIAN_POINT('Axis2P3D Location',(188.510181101,-0.117917782586,178.984960439)) ;
#8026=CARTESIAN_POINT('Vertex',(188.347056009,-8.27685325685,179.120463519)) ;
#8029=CARTESIAN_POINT('Line Origine',(190.354501248,-8.30680820239,172.545107522)) ;
#8042=CARTESIAN_POINT('Line Origine',(166.869589341,-7.95636812889,172.561968687)) ;
#8053=CARTESIAN_POINT('Axis2P3D Location',(152.648752753,0.417203730135,168.034088247)) ;
#8058=CARTESIAN_POINT('Line Origine',(152.770527329,8.57798616235,168.034088247)) ;
#8078=CARTESIAN_POINT('Axis2P3D Location',(0.,-135.216,40.)) ;
#8090=CARTESIAN_POINT('Axis2P3D Location',(0.,135.216,40.)) ;
#8102=CARTESIAN_POINT('Line Origine',(185.8,8.09141290188,-172.392001235)) ;
#8106=CARTESIAN_POINT('Vertex',(185.8,8.09141290188,-178.802108644)) ;
#8109=CARTESIAN_POINT('Axis2P3D Location',(185.8,0.,-178.802108644)) ;
#8122=CARTESIAN_POINT('Axis2P3D Location',(200.8,0.,-178.802108644)) ;
#8127=CARTESIAN_POINT('Line Origine',(200.8,8.09141290188,-178.802108644)) ;
#8131=CARTESIAN_POINT('Vertex',(215.8,8.09141290188,-178.802108644)) ;
#8134=CARTESIAN_POINT('Axis2P3D Location',(215.8,0.,-178.802108644)) ;
#8138=CARTESIAN_POINT('Vertex',(215.8,-8.0914036913,-178.814317377)) ;
#8141=CARTESIAN_POINT('Line Origine',(200.8,-8.0914036913,-178.814317377)) ;
#8155=CARTESIAN_POINT('Line Origine',(215.8,8.09141290188,-172.392001235)) ;
#8167=CARTESIAN_POINT('Axis2P3D Location',(215.8,-8.0914036913,-178.814317377)) ;
#8172=CARTESIAN_POINT('Line Origine',(215.8,-8.10108551997,-172.397633284)) ;
#8184=CARTESIAN_POINT('Axis2P3D Location',(215.8,0.,0.)) ;
#8212=CARTESIAN_POINT('NONE',(0.,0.,0.)) ;
#8213=CARTESIAN_POINT('NONE',(-2130.37959418,830.354829334,-80.8064086708)) ;
#8229=CARTESIAN_POINT('Axis2P3D Location',(128.73,121.788815398,0.)) ;
#8234=CARTESIAN_POINT('Axis2P3D Location',(165.,121.788815398,0.)) ;
#8238=CARTESIAN_POINT('Vertex',(165.,240.452019087,64.8260036279)) ;
#8240=CARTESIAN_POINT('Vertex',(165.,3.1256117099,-64.8260036279)) ;
#8243=CARTESIAN_POINT('Line Origine',(82.5,240.452019087,64.8260036279)) ;
#8247=CARTESIAN_POINT('Vertex',(2.84217094304E-014,240.452019087,64.8260036279)) ;
#8250=CARTESIAN_POINT('Axis2P3D Location',(2.84217094304E-014,121.788815398,0.)) ;
#8254=CARTESIAN_POINT('Vertex',(2.84217094304E-014,3.1256117099,-64.8260036279)) ;
#8257=CARTESIAN_POINT('Line Origine',(82.5,3.1256117099,-64.8260036279)) ;
#8269=CARTESIAN_POINT('Axis2P3D Location',(165.,121.788815398,0.)) ;
#8274=CARTESIAN_POINT('Axis2P3D Location',(2.84217094304E-014,121.788815398,0.)) ;
#8286=CARTESIAN_POINT('Axis2P3D Location',(0.,121.788815398,0.)) ;
#8296=CARTESIAN_POINT('Axis2P3D Location',(165.,121.788815398,0.)) ;
#8301=CARTESIAN_POINT('Axis2P3D Location',(227.46,121.788815398,0.)) ;
#8305=CARTESIAN_POINT('Vertex',(227.46,267.624629786,79.6704685086)) ;
#8307=CARTESIAN_POINT('Vertex',(227.46,-39.5042976305,40.)) ;
#8310=CARTESIAN_POINT('Line Origine',(196.23,254.038324437,72.2482360682)) ;
#8315=CARTESIAN_POINT('Line Origine',(196.23,-10.4606936398,-72.2482360682)) ;
#8319=CARTESIAN_POINT('Vertex',(227.46,-24.0469989895,-79.6704685086)) ;
#8322=CARTESIAN_POINT('Axis2P3D Location',(227.46,121.788815398,0.)) ;
#8326=CARTESIAN_POINT('Vertex',(227.46,-39.5042976305,-40.)) ;
#8330=CARTESIAN_POINT('Control Point',(176.699382594,-13.4347890015,-40.)) ;
#8331=CARTESIAN_POINT('Control Point',(193.585925746,-22.1644437288,-40.)) ;
#8332=CARTESIAN_POINT('Control Point',(210.5115041,-30.8479847265,-40.)) ;
#8333=CARTESIAN_POINT('Control Point',(227.46,-39.5042976305,-40.)) ;
#8334=CARTESIAN_POINT('Vertex',(176.699382594,-13.4347890015,-40.)) ;
#8338=CARTESIAN_POINT('Control Point',(176.699382594,-13.4347890015,40.)) ;
#8339=CARTESIAN_POINT('Control Point',(173.227714653,-13.4347890015,33.9328182014)) ;
#8340=CARTESIAN_POINT('Control Point',(170.241468758,-13.4347890999,27.6561956723)) ;
#8341=CARTESIAN_POINT('Control Point',(167.857647044,-13.4347890362,21.1674279746)) ;
#8342=CARTESIAN_POINT('Control Point',(165.356774709,-13.4347889823,10.8347575003)) ;
#8343=CARTESIAN_POINT('Control Point',(164.859400235,-13.434789012,0.332586858137)) ;
#8344=CARTESIAN_POINT('Control Point',(164.945786642,-13.4347889871,-3.40461471622)) ;
#8345=CARTESIAN_POINT('Control Point',(165.865603248,-13.4347890251,-13.2690145289)) ;
#8346=CARTESIAN_POINT('Control Point',(168.521720804,-13.4347889625,-22.9290625417)) ;
#8347=CARTESIAN_POINT('Control Point',(170.787298161,-13.4347890825,-28.7933227183)) ;
#8348=CARTESIAN_POINT('Control Point',(173.542670021,-13.4347890015,-34.4832428123)) ;
#8349=CARTESIAN_POINT('Control Point',(176.699382594,-13.4347890015,-40.)) ;
#8350=CARTESIAN_POINT('Vertex',(176.699382594,-13.4347890015,40.)) ;
#8354=CARTESIAN_POINT('Control Point',(176.699382594,-13.4347890015,40.)) ;
#8355=CARTESIAN_POINT('Control Point',(193.585925749,-22.1644437306,40.)) ;
#8356=CARTESIAN_POINT('Control Point',(210.511504096,-30.8479847248,40.)) ;
#8357=CARTESIAN_POINT('Control Point',(227.46,-39.5042976305,40.)) ;
#8370=CARTESIAN_POINT('Axis2P3D Location',(128.73,121.788815398,0.)) ;
#8375=CARTESIAN_POINT('Axis2P3D Location',(257.46,121.788815398,0.)) ;
#8379=CARTESIAN_POINT('Vertex',(257.46,267.624629786,79.6704685086)) ;
#8381=CARTESIAN_POINT('Vertex',(257.46,-39.5042976305,40.)) ;
#8384=CARTESIAN_POINT('Line Origine',(242.46,267.624629786,79.6704685086)) ;
#8389=CARTESIAN_POINT('Line Origine',(242.46,-39.5042976305,40.)) ;
#8401=CARTESIAN_POINT('Line Origine',(242.46,-24.0469989895,-79.6704685086)) ;
#8405=CARTESIAN_POINT('Vertex',(257.46,-24.0469989895,-79.6704685086)) ;
#8408=CARTESIAN_POINT('Axis2P3D Location',(257.46,121.788815398,0.)) ;
#8412=CARTESIAN_POINT('Vertex',(257.46,-39.5042976305,-40.)) ;
#8415=CARTESIAN_POINT('Line Origine',(242.46,-39.5042976305,-40.)) ;
#8427=CARTESIAN_POINT('Axis2P3D Location',(257.46,-44.9472312927,40.)) ;
#8432=CARTESIAN_POINT('Line Origine',(217.079691297,-13.4347890015,40.)) ;
#8436=CARTESIAN_POINT('Vertex',(257.46,-13.4347890015,40.)) ;
#8439=CARTESIAN_POINT('Line Origine',(257.46,-26.469543316,40.)) ;
#8451=CARTESIAN_POINT('Axis2P3D Location',(257.46,-13.4347890015,40.)) ;
#8456=CARTESIAN_POINT('Line Origine',(217.079691297,-13.4347890015,-40.)) ;
#8460=CARTESIAN_POINT('Vertex',(257.46,-13.4347890015,-40.)) ;
#8463=CARTESIAN_POINT('Line Origine',(257.46,-13.4347890015,0.)) ;
#8475=CARTESIAN_POINT('Axis2P3D Location',(257.46,-44.9472312927,-40.)) ;
#8480=CARTESIAN_POINT('Line Origine',(257.46,-26.469543316,-40.)) ;
#8492=CARTESIAN_POINT('Axis2P3D Location',(257.46,287.96784028,0.)) ;
#8497=CARTESIAN_POINT('Axis2P3D Location',(257.46,121.788815398,0.)) ;
#8501=CARTESIAN_POINT('Vertex',(257.46,283.081928427,40.)) ;
#8504=CARTESIAN_POINT('Axis2P3D Location',(257.46,121.788815398,0.)) ;
#8508=CARTESIAN_POINT('Vertex',(257.46,283.081928427,-40.)) ;
#8511=CARTESIAN_POINT('Line Origine',(257.46,270.047358714,-40.)) ;
#8515=CARTESIAN_POINT('Vertex',(257.46,257.012789001,-40.)) ;
#8518=CARTESIAN_POINT('Line Origine',(257.46,257.012789001,0.)) ;
#8522=CARTESIAN_POINT('Vertex',(257.46,257.012789001,40.)) ;
#8525=CARTESIAN_POINT('Line Origine',(257.46,270.047358714,40.)) ;
#8543=CARTESIAN_POINT('Axis2P3D Location',(227.46,121.788815398,0.)) ;
#8547=CARTESIAN_POINT('Vertex',(227.46,283.081928427,-40.)) ;
#8550=CARTESIAN_POINT('Axis2P3D Location',(227.46,121.788815398,0.)) ;
#8554=CARTESIAN_POINT('Vertex',(227.46,283.081928427,40.)) ;
#8558=CARTESIAN_POINT('Control Point',(176.700096776,257.012789001,40.)) ;
#8559=CARTESIAN_POINT('Control Point',(193.586403028,265.742319344,40.)) ;
#8560=CARTESIAN_POINT('Control Point',(210.51174312,274.425737601,40.)) ;
#8561=CARTESIAN_POINT('Control Point',(227.46,283.081928427,40.)) ;
#8562=CARTESIAN_POINT('Vertex',(176.700096776,257.012789001,40.)) ;
#8566=CARTESIAN_POINT('Control Point',(176.700096776,257.012789001,40.)) ;
#8567=CARTESIAN_POINT('Control Point',(173.228433359,257.012789001,33.9328108759)) ;
#8568=CARTESIAN_POINT('Control Point',(170.24219219,257.012789099,27.6561804856)) ;
#8569=CARTESIAN_POINT('Control Point',(167.858375446,257.012789036,21.1674044105)) ;
#8570=CARTESIAN_POINT('Control Point',(165.357511107,257.012788982,10.8347200121)) ;
#8571=CARTESIAN_POINT('Control Point',(164.860144748,257.012789012,0.332535924163)) ;
#8572=CARTESIAN_POINT('Control Point',(164.946534042,257.012788987,-3.40467068146)) ;
#8573=CARTESIAN_POINT('Control Point',(165.866356124,257.012789025,-13.2690617283)) ;
#8574=CARTESIAN_POINT('Control Point',(168.522470665,257.012788963,-22.9291002673)) ;
#8575=CARTESIAN_POINT('Control Point',(170.788039214,257.012789083,-28.793347105)) ;
#8576=CARTESIAN_POINT('Control Point',(173.5433989,257.012789001,-34.4832546467)) ;
#8577=CARTESIAN_POINT('Control Point',(176.700096776,257.012789001,-40.)) ;
#8578=CARTESIAN_POINT('Vertex',(176.700096776,257.012789001,-40.)) ;
#8582=CARTESIAN_POINT('Control Point',(176.700096776,257.012789001,-40.)) ;
#8583=CARTESIAN_POINT('Control Point',(193.58640303,265.742319345,-40.)) ;
#8584=CARTESIAN_POINT('Control Point',(210.511743118,274.4257376,-40.)) ;
#8585=CARTESIAN_POINT('Control Point',(227.46,283.081928427,-40.)) ;
#8598=CARTESIAN_POINT('Line Origine',(242.46,283.081928427,-40.)) ;
#8610=CARTESIAN_POINT('Line Origine',(242.46,283.081928427,40.)) ;
#8622=CARTESIAN_POINT('Line Origine',(217.080048388,257.012789001,40.)) ;
#8634=CARTESIAN_POINT('Axis2P3D Location',(257.46,257.012789001,40.)) ;
#8639=CARTESIAN_POINT('Line Origine',(217.080048388,257.012789001,-40.)) ;
#8668=CARTESIAN_POINT('NONE',(0.,0.,0.)) ;
#8669=CARTESIAN_POINT('NONE',(-2387.83959418,708.566013935,-80.8064086708)) ;
#8685=CARTESIAN_POINT('Axis2P3D Location',(-355.327789307,0.,0.)) ;
#8690=CARTESIAN_POINT('Axis2P3D Location',(0.,0.,0.)) ;
#8694=CARTESIAN_POINT('Vertex',(0.,118.663640456,64.8262422353)) ;
#8696=CARTESIAN_POINT('Vertex',(0.,-118.663640456,-64.8262422353)) ;
#8699=CARTESIAN_POINT('Line Origine',(-355.327789307,118.663640456,64.8262422353)) ;
#8703=CARTESIAN_POINT('Vertex',(-710.655578613,118.663640456,64.8262422353)) ;
#8706=CARTESIAN_POINT('Axis2P3D Location',(-710.655578613,0.,0.)) ;
#8710=CARTESIAN_POINT('Vertex',(-710.655578613,-118.663640456,-64.8262422353)) ;
#8713=CARTESIAN_POINT('Line Origine',(-355.327789307,-118.663640456,-64.8262422353)) ;
#8725=CARTESIAN_POINT('Axis2P3D Location',(0.,0.,0.)) ;
#8730=CARTESIAN_POINT('Axis2P3D Location',(-710.655578613,0.,0.)) ;
#8742=CARTESIAN_POINT('Axis2P3D Location',(0.,0.,0.)) ;
#8752=CARTESIAN_POINT('Axis2P3D Location',(-710.655578613,135.216497694,0.)) ;
#8772=CARTESIAN_POINT('NONE',(0.,0.,0.)) ;
#8773=CARTESIAN_POINT('NONE',(-2387.83959418,830.354829334,-80.8064086708)) ;
#8789=CARTESIAN_POINT('Axis2P3D Location',(879.95,0.,0.)) ;
#8794=CARTESIAN_POINT('Axis2P3D Location',(879.95,0.,0.)) ;
#8798=CARTESIAN_POINT('Vertex',(879.95,23.8458693603,13.027057804)) ;
#8800=CARTESIAN_POINT('Vertex',(879.95,-23.8458693603,-13.027057804)) ;
#8803=CARTESIAN_POINT('Line Origine',(439.975,71.2547549084,38.9266500196)) ;
#8807=CARTESIAN_POINT('Vertex',(0.,118.663640456,64.8262422353)) ;
#8810=CARTESIAN_POINT('Axis2P3D Location',(0.,0.,0.)) ;
#8814=CARTESIAN_POINT('Vertex',(0.,-118.663640456,-64.8262422353)) ;
#8817=CARTESIAN_POINT('Line Origine',(439.975,-71.2547549084,-38.9266500196)) ;
#8829=CARTESIAN_POINT('Axis2P3D Location',(879.95,0.,0.)) ;
#8834=CARTESIAN_POINT('Axis2P3D Location',(0.,0.,0.)) ;
#8846=CARTESIAN_POINT('Axis2P3D Location',(879.95,0.,0.)) ;
#8856=CARTESIAN_POINT('Axis2P3D Location',(0.,0.,0.)) ;
#8876=CARTESIAN_POINT('NONE',(0.,0.,0.)) ;
#8877=CARTESIAN_POINT('NONE',(-3098.49517279,830.354829334,-80.8064086708)) ;
#8893=CARTESIAN_POINT('Axis2P3D Location',(29.5463562012,6.96007156372,0.)) ;
#8898=CARTESIAN_POINT('Axis2P3D Location',(29.5463562012,6.96007156372,0.)) ;
#8902=CARTESIAN_POINT('Vertex',(29.5463562012,28.6508691336,11.8497367191)) ;
#8904=CARTESIAN_POINT('Vertex',(29.5463562012,-14.7307260062,-11.8497367191)) ;
#8907=CARTESIAN_POINT('Line Origine',(19.5463562012,29.7284050288,12.4383972616)) ;
#8911=CARTESIAN_POINT('Vertex',(9.54635620117,30.805940924,13.027057804)) ;
#8914=CARTESIAN_POINT('Axis2P3D Location',(9.54635620117,6.96007156372,0.)) ;
#8918=CARTESIAN_POINT('Vertex',(9.54635620117,-16.8857977966,-13.027057804)) ;
#8921=CARTESIAN_POINT('Line Origine',(19.5463562012,-15.8082619014,-12.4383972616)) ;
#8933=CARTESIAN_POINT('Axis2P3D Location',(29.5463562012,6.96007156372,0.)) ;
#8938=CARTESIAN_POINT('Axis2P3D Location',(9.54635620117,6.96007156372,0.)) ;
#8950=CARTESIAN_POINT('Axis2P3D Location',(29.5463562012,6.96007156372,0.)) ;
#8960=CARTESIAN_POINT('Axis2P3D Location',(9.54635620117,6.96007156372,0.)) ;
#8980=CARTESIAN_POINT('NONE',(0.,0.,0.)) ;
#8981=CARTESIAN_POINT('NONE',(-3968.89881659,826.612971713,-86.6750624957)) ;
#8997=CARTESIAN_POINT('Axis2P3D Location',(101.3,0.,0.)) ;
#9002=CARTESIAN_POINT('Line Origine',(50.65,5.45771930907,2.98156564742)) ;
#9006=CARTESIAN_POINT('Vertex',(101.3,0.,0.)) ;
#9008=CARTESIAN_POINT('Vertex',(1.13686837722E-013,10.9154386181,5.96313129483)) ;
#9011=CARTESIAN_POINT('Axis2P3D Location',(1.13686837722E-013,0.,0.)) ;
#9015=CARTESIAN_POINT('Vertex',(1.13686837722E-013,-10.9154386181,-5.96313129483)) ;
#9018=CARTESIAN_POINT('Line Origine',(50.65,-5.45771930907,-2.98156564742)) ;
#9029=CARTESIAN_POINT('Axis2P3D Location',(1.13686837722E-013,0.,0.)) ;
#9040=CARTESIAN_POINT('Axis2P3D Location',(0.,0.,0.)) ;
#9060=CARTESIAN_POINT('NONE',(0.,0.,0.)) ;
#9061=CARTESIAN_POINT('NONE',(-4099.34517279,830.354829334,-80.8064086708)) ;
#9077=CARTESIAN_POINT('Axis2P3D Location',(100.,0.,0.)) ;
#9082=CARTESIAN_POINT('Line Origine',(100.20639806,-5.43547917723,2.96941580801)) ;
#9086=CARTESIAN_POINT('Vertex',(100.,0.,0.)) ;
#9088=CARTESIAN_POINT('Vertex',(100.41279612,-10.8709583545,5.93883161603)) ;
#9091=CARTESIAN_POINT('Axis2P3D Location',(100.41279612,0.,0.)) ;
#9095=CARTESIAN_POINT('Vertex',(100.41279612,10.8709583545,-5.93883161603)) ;
#9098=CARTESIAN_POINT('Line Origine',(100.20639806,5.43547917723,-2.96941580801)) ;
#9109=CARTESIAN_POINT('Axis2P3D Location',(100.41279612,0.,0.)) ;
#9120=CARTESIAN_POINT('Axis2P3D Location',(100.41279612,0.,0.)) ;
#9125=CARTESIAN_POINT('Line Origine',(49.9691941803,-16.3064375317,8.90824742404)) ;
#9129=CARTESIAN_POINT('Vertex',(-0.474407759615,-21.7419167089,11.8776632321)) ;
#9132=CARTESIAN_POINT('Axis2P3D Location',(-0.474407759615,0.,0.)) ;
#9136=CARTESIAN_POINT('Vertex',(-0.474407759615,21.7419167089,-11.8776632321)) ;
#9139=CARTESIAN_POINT('Line Origine',(49.9691941803,16.3064375317,-8.90824742404)) ;
#9151=CARTESIAN_POINT('Axis2P3D Location',(-0.474407759615,0.,0.)) ;
#9163=CARTESIAN_POINT('Axis2P3D Location',(0.,0.,0.)) ;
#9168=CARTESIAN_POINT('Line Origine',(-0.237203879807,-10.8709583545,5.93883161603)) ;
#9172=CARTESIAN_POINT('Vertex',(0.,0.,0.)) ;
#9175=CARTESIAN_POINT('Line Origine',(-0.237203879807,10.8709583545,-5.93883161603)) ;
#9202=CARTESIAN_POINT('NONE',(0.,0.,0.)) ;
#9203=CARTESIAN_POINT('NONE',(-3998.89517279,830.354829334,-80.8064086708)) ;
#64=DIRECTION('Axis2P3D Direction',(0.,0.5,-0.866025403784)) ;
#65=DIRECTION('Axis2P3D XDirection',(1.,0.,0.)) ;
#69=DIRECTION('Vector Direction',(0.,-0.866025403784,-0.5)) ;
#78=DIRECTION('Vector Direction',(1.,0.,0.)) ;
#85=DIRECTION('Vector Direction',(0.,-0.866025403784,-0.5)) ;
#92=DIRECTION('Vector Direction',(1.,0.,0.)) ;
#104=DIRECTION('Axis2P3D Direction',(-0.632450978075,-0.387300193756,0.670823613366)) ;
#105=DIRECTION('Axis2P3D XDirection',(-0.774600387511,0.316225489037,-0.547718613661)) ;
#109=DIRECTION('Vector Direction',(0.,-0.866025403784,-0.5)) ;
#118=DIRECTION('Vector Direction',(-0.774600387511,0.316225489037,-0.547718613661)) ;
#125=DIRECTION('Vector Direction',(-0.774600387511,0.316225489037,-0.547718613661)) ;
#130=DIRECTION('Vector Direction',(-0.774600387511,0.316225489037,-0.547718613661)) ;
#137=DIRECTION('Vector Direction',(-0.774600387511,0.316225489037,-0.547718613661)) ;
#151=DIRECTION('Axis2P3D Direction',(1.,0.,0.)) ;
#152=DIRECTION('Axis2P3D XDirection',(0.,-0.5,0.866025403784)) ;
#156=DIRECTION('Vector Direction',(0.,-0.5,0.866025403784)) ;
#163=DIRECTION('Vector Direction',(0.,-0.5,0.866025403784)) ;
#170=DIRECTION('Vector Direction',(0.,-0.866025403784,-0.5)) ;
#177=DIRECTION('Vector Direction',(0.,-0.5,0.866025403784)) ;
#184=DIRECTION('Vector Direction',(0.,-0.5,0.866025403784)) ;
#198=DIRECTION('Axis2P3D Direction',(0.,-0.5,0.866025403784)) ;
#199=DIRECTION('Axis2P3D XDirection',(-1.,-0.,0.)) ;
#203=DIRECTION('Vector Direction',(-1.,0.,0.)) ;
#208=DIRECTION('Vector Direction',(-1.,0.,0.)) ;
#220=DIRECTION('Axis2P3D Direction',(-0.,0.866025403784,0.5)) ;
#221=DIRECTION('Axis2P3D XDirection',(0.,-0.5,0.866025403784)) ;
#225=DIRECTION('Vector Direction',(1.,0.,0.)) ;
#237=DIRECTION('Axis2P3D Direction',(-0.,0.866025403784,0.5)) ;
#238=DIRECTION('Axis2P3D XDirection',(0.,-0.5,0.866025403784)) ;
#242=DIRECTION('Vector Direction',(1.,0.,0.)) ;
#254=DIRECTION('Axis2P3D Direction',(1.,0.,0.)) ;
#255=DIRECTION('Axis2P3D XDirection',(0.,0.87758256189,0.479425538604)) ;
#259=DIRECTION('Axis2P3D Direction',(1.,0.,0.)) ;
#268=DIRECTION('Vector Direction',(1.,0.,0.)) ;
#275=DIRECTION('Axis2P3D Direction',(1.,0.,0.)) ;
#282=DIRECTION('Vector Direction',(1.,0.,0.)) ;
#289=DIRECTION('Vector Direction',(1.,0.,0.)) ;
#296=DIRECTION('Vector Direction',(1.,0.,0.)) ;
#454=DIRECTION('Axis2P3D Direction',(1.,0.,0.)) ;
#455=DIRECTION('Axis2P3D XDirection',(0.,1.,0.)) ;
#459=DIRECTION('Axis2P3D Direction',(1.,0.,0.)) ;
#466=DIRECTION('Vector Direction',(0.,-0.5,-0.866025403784)) ;
#473=DIRECTION('Axis2P3D Direction',(1.,0.,0.)) ;
#480=DIRECTION('Axis2P3D Direction',(1.,0.,0.)) ;
#487=DIRECTION('Vector Direction',(0.,-1.,0.)) ;
#501=DIRECTION('Vector Direction',(1.,0.,0.)) ;
#510=DIRECTION('Axis2P3D Direction',(1.,0.,0.)) ;
#515=DIRECTION('Vector Direction',(1.,0.,0.)) ;
#522=DIRECTION('Vector Direction',(1.,0.,0.)) ;
#529=DIRECTION('Vector Direction',(1.,0.,0.)) ;
#681=DIRECTION('Axis2P3D Direction',(1.,0.,0.)) ;
#682=DIRECTION('Axis2P3D XDirection',(0.,1.,0.)) ;
#686=DIRECTION('Vector Direction',(0.,-1.,1.59711375296E-015)) ;
#693=DIRECTION('Vector Direction',(0.,0.,-1.)) ;
#700=DIRECTION('Vector Direction',(0.,-1.,1.70358800316E-015)) ;
#707=DIRECTION('Axis2P3D Direction',(1.,0.,0.)) ;
#714=DIRECTION('Vector Direction',(0.,-0.5,0.866025403784)) ;
#721=DIRECTION('Vector Direction',(0.,-0.866025403784,-0.5)) ;
#728=DIRECTION('Vector Direction',(0.,-0.5,0.866025403784)) ;
#735=DIRECTION('Axis2P3D Direction',(1.,0.,0.)) ;
#742=DIRECTION('Vector Direction',(0.,0.5,0.866025403784)) ;
#749=DIRECTION('Vector Direction',(0.,-0.866025403784,0.5)) ;
#756=DIRECTION('Vector Direction',(0.,0.5,0.866025403784)) ;
#763=DIRECTION('Axis2P3D Direction',(1.,0.,0.)) ;
#770=DIRECTION('Axis2P3D Direction',(1.,0.,0.)) ;
#777=DIRECTION('Vector Direction',(0.,1.,-2.02301075375E-015)) ;
#784=DIRECTION('Vector Direction',(0.,5.68434188608E-015,1.)) ;
#791=DIRECTION('Vector Direction',(0.,1.,-2.12948500395E-015)) ;
#798=DIRECTION('Axis2P3D Direction',(1.,0.,0.)) ;
#805=DIRECTION('Vector Direction',(0.,0.5,-0.866025403784)) ;
#812=DIRECTION('Vector Direction',(0.,0.866025403784,0.5)) ;
#819=DIRECTION('Vector Direction',(0.,0.5,-0.866025403784)) ;
#826=DIRECTION('Axis2P3D Direction',(1.,0.,0.)) ;
#833=DIRECTION('Vector Direction',(0.,-0.5,-0.866025403784)) ;
#840=DIRECTION('Vector Direction',(0.,0.866025403784,-0.5)) ;
#847=DIRECTION('Vector Direction',(0.,-0.5,-0.866025403784)) ;
#881=DIRECTION('Axis2P3D Direction',(0.,-0.866025403784,0.5)) ;
#882=DIRECTION('Axis2P3D XDirection',(0.,-0.5,-0.866025403784)) ;
#886=DIRECTION('Vector Direction',(0.,-0.5,-0.866025403784)) ;
#893=DIRECTION('Vector Direction',(1.,0.,0.)) ;
#900=DIRECTION('Vector Direction',(-0.774600387511,0.316225489037,0.547718613661)) ;
#905=DIRECTION('Vector Direction',(1.,0.,0.)) ;
#922=DIRECTION('Vector Direction',(1.,0.,0.)) ;
#940=DIRECTION('Axis2P3D Direction',(1.,0.,0.)) ;
#941=DIRECTION('Axis2P3D XDirection',(0.,0.87758256189,0.479425538604)) ;
#945=DIRECTION('Axis2P3D Direction',(1.,0.,0.)) ;
#952=DIRECTION('Vector Direction',(1.,0.,0.)) ;
#964=DIRECTION('Axis2P3D Direction',(1.,0.,0.)) ;
#971=DIRECTION('Vector Direction',(1.,0.,0.)) ;
#983=DIRECTION('Axis2P3D Direction',(-0.,1.60982338571E-015,1.)) ;
#984=DIRECTION('Axis2P3D XDirection',(0.,-1.,1.60982338571E-015)) ;
#988=DIRECTION('Vector Direction',(-0.774600387511,0.632450978075,-1.03584661321E-015)) ;
#995=DIRECTION('Vector Direction',(1.,0.,0.)) ;
#1002=DIRECTION('Vector Direction',(0.,-1.,1.63782909526E-015)) ;
#1017=DIRECTION('Vector Direction',(1.,0.,0.)) ;
#1032=DIRECTION('Vector Direction',(-1.,0.,0.)) ;
#1064=DIRECTION('Axis2P3D Direction',(0.,-0.5,-0.866025403784)) ;
#1065=DIRECTION('Axis2P3D XDirection',(0.,0.866025403784,-0.5)) ;
#1069=DIRECTION('Vector Direction',(1.,0.,0.)) ;
#1091=DIRECTION('Axis2P3D Direction',(0.,-0.866025403784,0.5)) ;
#1092=DIRECTION('Axis2P3D XDirection',(0.,-0.5,-0.866025403784)) ;
#1096=DIRECTION('Vector Direction',(1.,0.,0.)) ;
#1105=DIRECTION('Vector Direction',(-0.774600387511,0.316225489037,0.547718613661)) ;
#1112=DIRECTION('Vector Direction',(1.,0.,0.)) ;
#1119=DIRECTION('Vector Direction',(0.,-0.5,-0.866025403784)) ;
#1126=DIRECTION('Vector Direction',(1.,0.,0.)) ;
#1133=DIRECTION('Vector Direction',(0.,-0.5,-0.866025403784)) ;
#1140=DIRECTION('Vector Direction',(1.,0.,0.)) ;
#1155=DIRECTION('Vector Direction',(1.,0.,0.)) ;
#1172=DIRECTION('Vector Direction',(-1.,0.,0.)) ;
#1204=DIRECTION('Vector Direction',(1.,0.,0.)) ;
#1211=DIRECTION('Vector Direction',(1.,0.,0.)) ;
#1218=DIRECTION('Vector Direction',(1.,0.,0.)) ;
#1225=DIRECTION('Axis2P3D Direction',(1.,0.,0.)) ;
#1230=DIRECTION('Vector Direction',(1.,0.,0.)) ;
#1526=DIRECTION('Axis2P3D Direction',(0.,-0.866025403784,-0.5)) ;
#1527=DIRECTION('Axis2P3D XDirection',(0.,0.5,-0.866025403784)) ;
#1531=DIRECTION('Vector Direction',(0.,0.5,-0.866025403784)) ;
#1538=DIRECTION('Vector Direction',(1.,0.,0.)) ;
#1545=DIRECTION('Vector Direction',(-0.774600387511,-0.316225489037,0.547718613661)) ;
#1550=DIRECTION('Vector Direction',(1.,0.,0.)) ;
#1567=DIRECTION('Vector Direction',(1.,0.,0.)) ;
#1574=DIRECTION('Vector Direction',(0.,0.5,-0.866025403784)) ;
#1592=DIRECTION('Axis2P3D Direction',(0.,0.5,-0.866025403784)) ;
#1593=DIRECTION('Axis2P3D XDirection',(0.,0.866025403784,0.5)) ;
#1597=DIRECTION('Vector Direction',(1.,0.,0.)) ;
#1619=DIRECTION('Axis2P3D Direction',(0.,-0.866025403784,-0.5)) ;
#1620=DIRECTION('Axis2P3D XDirection',(0.,0.5,-0.866025403784)) ;
#1624=DIRECTION('Vector Direction',(1.,0.,0.)) ;
#1633=DIRECTION('Vector Direction',(-0.774600387511,-0.316225489037,0.547718613661)) ;
#1640=DIRECTION('Vector Direction',(1.,0.,0.)) ;
#1647=DIRECTION('Vector Direction',(0.,0.5,-0.866025403784)) ;
#1654=DIRECTION('Vector Direction',(1.,0.,0.)) ;
#1661=DIRECTION('Vector Direction',(0.,0.5,-0.866025403784)) ;
#1668=DIRECTION('Vector Direction',(1.,0.,0.)) ;
#1683=DIRECTION('Vector Direction',(1.,0.,0.)) ;
#1700=DIRECTION('Vector Direction',(-1.,0.,0.)) ;
#1732=DIRECTION('Vector Direction',(1.,0.,0.)) ;
#1739=DIRECTION('Vector Direction',(1.,0.,0.)) ;
#1746=DIRECTION('Vector Direction',(1.,0.,0.)) ;
#1753=DIRECTION('Axis2P3D Direction',(1.,0.,0.)) ;
#1758=DIRECTION('Vector Direction',(1.,0.,0.)) ;
#2054=DIRECTION('Axis2P3D Direction',(0.,-2.16493489802E-015,-1.)) ;
#2055=DIRECTION('Axis2P3D XDirection',(0.,1.,-2.16493489802E-015)) ;
#2059=DIRECTION('Vector Direction',(0.,1.,-2.07458352066E-015)) ;
#2066=DIRECTION('Vector Direction',(1.,0.,0.)) ;
#2073=DIRECTION('Vector Direction',(-0.774600387511,-0.632450978075,1.31207237674E-015)) ;
#2078=DIRECTION('Vector Direction',(1.,0.,0.)) ;
#2095=DIRECTION('Vector Direction',(1.,0.,0.)) ;
#2102=DIRECTION('Vector Direction',(0.,1.,-2.13641180351E-015)) ;
#2120=DIRECTION('Axis2P3D Direction',(0.,1.,-3.05311331772E-015)) ;
#2121=DIRECTION('Axis2P3D XDirection',(0.,3.05311331772E-015,1.)) ;
#2125=DIRECTION('Vector Direction',(1.,0.,0.)) ;
#2147=DIRECTION('Axis2P3D Direction',(0.,-1.99840144433E-015,-1.)) ;
#2148=DIRECTION('Axis2P3D XDirection',(0.,1.,-1.99840144433E-015)) ;
#2152=DIRECTION('Vector Direction',(1.,0.,0.)) ;
#2161=DIRECTION('Vector Direction',(-0.774600387511,-0.632450978075,1.31207237674E-015)) ;
#2168=DIRECTION('Vector Direction',(1.,0.,0.)) ;
#2175=DIRECTION('Vector Direction',(0.,1.,-2.07458352066E-015)) ;
#2182=DIRECTION('Vector Direction',(1.,0.,0.)) ;
#2189=DIRECTION('Vector Direction',(0.,1.,-2.01772225887E-015)) ;
#2196=DIRECTION('Vector Direction',(1.,0.,0.)) ;
#2211=DIRECTION('Vector Direction',(1.,0.,0.)) ;
#2228=DIRECTION('Vector Direction',(-1.,0.,0.)) ;
#2260=DIRECTION('Vector Direction',(1.,0.,0.)) ;
#2267=DIRECTION('Axis2P3D Direction',(1.,0.,0.)) ;
#2272=DIRECTION('Vector Direction',(1.,0.,0.)) ;
#2422=DIRECTION('Axis2P3D Direction',(1.,0.,0.)) ;
#2429=DIRECTION('Vector Direction',(1.,0.,0.)) ;
#2436=DIRECTION('Vector Direction',(1.,0.,0.)) ;
#2443=DIRECTION('Vector Direction',(1.,0.,0.)) ;
#2601=DIRECTION('Axis2P3D Direction',(0.,0.866025403784,-0.5)) ;
#2602=DIRECTION('Axis2P3D XDirection',(0.,0.5,0.866025403784)) ;
#2606=DIRECTION('Vector Direction',(0.,0.5,0.866025403784)) ;
#2613=DIRECTION('Vector Direction',(1.,0.,0.)) ;
#2620=DIRECTION('Vector Direction',(-0.774600387511,-0.316225489037,-0.547718613661)) ;
#2625=DIRECTION('Vector Direction',(1.,0.,0.)) ;
#2642=DIRECTION('Vector Direction',(1.,0.,0.)) ;
#2649=DIRECTION('Vector Direction',(0.,0.5,0.866025403784)) ;
#2667=DIRECTION('Axis2P3D Direction',(-0.,0.5,0.866025403784)) ;
#2668=DIRECTION('Axis2P3D XDirection',(0.,-0.866025403784,0.5)) ;
#2672=DIRECTION('Vector Direction',(1.,0.,0.)) ;
#2694=DIRECTION('Axis2P3D Direction',(0.,0.866025403784,-0.5)) ;
#2695=DIRECTION('Axis2P3D XDirection',(0.,0.5,0.866025403784)) ;
#2699=DIRECTION('Vector Direction',(1.,0.,0.)) ;
#2708=DIRECTION('Vector Direction',(-0.774600387511,-0.316225489037,-0.547718613661)) ;
#2715=DIRECTION('Vector Direction',(1.,0.,0.)) ;
#2722=DIRECTION('Vector Direction',(0.,0.5,0.866025403784)) ;
#2729=DIRECTION('Vector Direction',(1.,0.,0.)) ;
#2736=DIRECTION('Vector Direction',(0.,0.5,0.866025403784)) ;
#2743=DIRECTION('Vector Direction',(1.,0.,0.)) ;
#2758=DIRECTION('Vector Direction',(1.,0.,0.)) ;
#2775=DIRECTION('Vector Direction',(-1.,0.,0.)) ;
#2807=DIRECTION('Vector Direction',(1.,0.,0.)) ;
#2812=DIRECTION('Vector Direction',(1.,0.,0.)) ;
#2819=DIRECTION('Axis2P3D Direction',(1.,0.,0.)) ;
#2824=DIRECTION('Vector Direction',(1.,0.,0.)) ;
#3120=DIRECTION('Vector Direction',(1.,0.,0.)) ;
#3137=DIRECTION('Vector Direction',(1.,0.,0.)) ;
#3144=DIRECTION('Vector Direction',(0.,-0.5,0.866025403784)) ;
#3162=DIRECTION('Axis2P3D Direction',(0.,-0.5,0.866025403784)) ;
#3163=DIRECTION('Axis2P3D XDirection',(0.,-0.866025403784,-0.5)) ;
#3167=DIRECTION('Vector Direction',(1.,0.,0.)) ;
#3189=DIRECTION('Vector Direction',(1.,0.,0.)) ;
#3196=DIRECTION('Vector Direction',(1.,0.,0.)) ;
#3203=DIRECTION('Vector Direction',(0.,-0.5,0.866025403784)) ;
#3210=DIRECTION('Vector Direction',(1.,0.,0.)) ;
#3225=DIRECTION('Vector Direction',(1.,0.,0.)) ;
#3242=DIRECTION('Vector Direction',(-1.,0.,0.)) ;
#3274=DIRECTION('Axis2P3D Direction',(-0.,1.7763568394E-015,1.)) ;
#3275=DIRECTION('Axis2P3D XDirection',(0.,-1.,1.7763568394E-015)) ;
#3279=DIRECTION('Vector Direction',(0.,-1.,1.85620630796E-015)) ;
#3288=DIRECTION('Vector Direction',(1.,0.,0.)) ;
#3295=DIRECTION('Vector Direction',(-0.774600387511,0.632450978075,-1.17395949498E-015)) ;
#3302=DIRECTION('Vector Direction',(1.,0.,0.)) ;
#3307=DIRECTION('Vector Direction',(1.,0.,0.)) ;
#3324=DIRECTION('Vector Direction',(1.,0.,0.)) ;
#3331=DIRECTION('Vector Direction',(0.,-1.,1.78034316959E-015)) ;
#3338=DIRECTION('Vector Direction',(1.,0.,0.)) ;
#3356=DIRECTION('Axis2P3D Direction',(0.,-1.,2.6645352591E-015)) ;
#3357=DIRECTION('Axis2P3D XDirection',(0.,-2.6645352591E-015,-1.)) ;
#3376=DIRECTION('Axis2P3D Direction',(-1.,-0.,-0.)) ;
#3377=DIRECTION('Axis2P3D XDirection',(0.,0.87758256189,0.479425538604)) ;
#3381=DIRECTION('Axis2P3D Direction',(-1.,0.,0.)) ;
#3386=DIRECTION('Axis2P3D Direction',(-1.,0.,0.)) ;
#3391=DIRECTION('Axis2P3D Direction',(-1.,0.,0.)) ;
#3398=DIRECTION('Vector Direction',(-0.84061373311,0.47532949449,0.259673686336)) ;
#3405=DIRECTION('Axis2P3D Direction',(-1.,0.,0.)) ;
#3412=DIRECTION('Vector Direction',(-0.84061373311,-0.47532949449,-0.259673686336)) ;
#3436=DIRECTION('Axis2P3D Direction',(-1.,0.,0.)) ;
#3441=DIRECTION('Axis2P3D Direction',(-1.,0.,0.)) ;
#3446=DIRECTION('Axis2P3D Direction',(-1.,0.,0.)) ;
#3451=DIRECTION('Axis2P3D Direction',(-1.,0.,0.)) ;
#3475=DIRECTION('Axis2P3D Direction',(1.,0.,0.)) ;
#3494=DIRECTION('Axis2P3D Direction',(1.,0.,0.)) ;
#3513=DIRECTION('Axis2P3D Direction',(1.,0.,0.)) ;
#3520=DIRECTION('Axis2P3D Direction',(1.,0.,0.)) ;
#3534=DIRECTION('Vector Direction',(1.,0.,0.)) ;
#3553=DIRECTION('Axis2P3D Direction',(1.,0.,0.)) ;
#3572=DIRECTION('Axis2P3D Direction',(1.,0.,0.)) ;
#3577=DIRECTION('Axis2P3D Direction',(1.,0.,0.)) ;
#3596=DIRECTION('Axis2P3D Direction',(1.,0.,0.)) ;
#3597=DIRECTION('Axis2P3D XDirection',(0.,1.,0.)) ;
#3606=DIRECTION('Axis2P3D Direction',(0.,1.,-1.7763568394E-015)) ;
#3607=DIRECTION('Axis2P3D XDirection',(1.,0.,0.)) ;
#3611=DIRECTION('Vector Direction',(0.,-2.84217094304E-015,-1.)) ;
#3616=DIRECTION('Vector Direction',(0.,-2.84217094304E-015,-1.)) ;
#3628=DIRECTION('Axis2P3D Direction',(-0.632450978075,-0.774600387511,1.37596669616E-015)) ;
#3629=DIRECTION('Axis2P3D XDirection',(-0.774600387511,0.632450978075,-1.11022302463E-015)) ;
#3633=DIRECTION('Vector Direction',(0.,-2.84217094304E-015,-1.)) ;
#3642=DIRECTION('Vector Direction',(-0.774600387511,0.632450978075,-1.13374977031E-015)) ;
#3647=DIRECTION('Vector Direction',(-0.774600387511,0.632450978075,-1.13374977031E-015)) ;
#3661=DIRECTION('Vector Direction',(0.,-1.,2.04871850646E-015)) ;
#3668=DIRECTION('Vector Direction',(0.,0.,-1.)) ;
#3675=DIRECTION('Vector Direction',(0.,-1.,0.)) ;
#3689=DIRECTION('Axis2P3D Direction',(0.,-1.,1.7763568394E-015)) ;
#3690=DIRECTION('Axis2P3D XDirection',(-1.,-0.,0.)) ;
#3694=DIRECTION('Vector Direction',(-1.,0.,0.)) ;
#3699=DIRECTION('Vector Direction',(-1.,0.,0.)) ;
#3711=DIRECTION('Axis2P3D Direction',(-0.,1.60982338571E-015,1.)) ;
#3712=DIRECTION('Axis2P3D XDirection',(0.,-1.,1.60982338571E-015)) ;
#3723=DIRECTION('Axis2P3D Direction',(-0.,1.7763568394E-015,1.)) ;
#3724=DIRECTION('Axis2P3D XDirection',(0.,-1.,1.7763568394E-015)) ;
#3728=DIRECTION('Vector Direction',(1.,0.,0.)) ;
#3740=DIRECTION('Axis2P3D Direction',(-0.,0.5,0.866025403784)) ;
#3741=DIRECTION('Axis2P3D XDirection',(1.,0.,0.)) ;
#3745=DIRECTION('Vector Direction',(0.,0.866025403784,-0.5)) ;
#3750=DIRECTION('Vector Direction',(0.,0.866025403784,-0.5)) ;
#3762=DIRECTION('Axis2P3D Direction',(-0.632450978075,-0.387300193756,-0.670823613366)) ;
#3763=DIRECTION('Axis2P3D XDirection',(-0.774600387511,0.316225489037,0.547718613661)) ;
#3767=DIRECTION('Vector Direction',(0.,0.866025403784,-0.5)) ;
#3776=DIRECTION('Vector Direction',(-0.774600387511,0.316225489037,0.547718613661)) ;
#3781=DIRECTION('Vector Direction',(-0.774600387511,0.316225489037,0.547718613661)) ;
#3795=DIRECTION('Vector Direction',(0.,-0.5,-0.866025403784)) ;
#3802=DIRECTION('Vector Direction',(0.,0.866025403784,-0.5)) ;
#3809=DIRECTION('Vector Direction',(0.,-0.5,-0.866025403784)) ;
#3823=DIRECTION('Axis2P3D Direction',(0.,-0.5,-0.866025403784)) ;
#3824=DIRECTION('Axis2P3D XDirection',(-1.,0.,-0.)) ;
#3828=DIRECTION('Vector Direction',(-1.,0.,0.)) ;
#3833=DIRECTION('Vector Direction',(-1.,0.,0.)) ;
#3845=DIRECTION('Axis2P3D Direction',(0.,-0.866025403784,0.5)) ;
#3846=DIRECTION('Axis2P3D XDirection',(0.,-0.5,-0.866025403784)) ;
#3857=DIRECTION('Axis2P3D Direction',(0.,-0.866025403784,0.5)) ;
#3858=DIRECTION('Axis2P3D XDirection',(0.,-0.5,-0.866025403784)) ;
#3869=DIRECTION('Axis2P3D Direction',(0.,-0.5,0.866025403784)) ;
#3870=DIRECTION('Axis2P3D XDirection',(1.,0.,0.)) ;
#3874=DIRECTION('Vector Direction',(0.,0.866025403784,0.5)) ;
#3879=DIRECTION('Vector Direction',(0.,0.866025403784,0.5)) ;
#3891=DIRECTION('Axis2P3D Direction',(-0.632450978075,0.387300193756,-0.670823613366)) ;
#3892=DIRECTION('Axis2P3D XDirection',(-0.774600387511,-0.316225489037,0.547718613661)) ;
#3896=DIRECTION('Vector Direction',(0.,0.866025403784,0.5)) ;
#3905=DIRECTION('Vector Direction',(-0.774600387511,-0.316225489037,0.547718613661)) ;
#3910=DIRECTION('Vector Direction',(-0.774600387511,-0.316225489037,0.547718613661)) ;
#3924=DIRECTION('Vector Direction',(0.,0.5,-0.866025403784)) ;
#3931=DIRECTION('Vector Direction',(0.,0.866025403784,0.5)) ;
#3938=DIRECTION('Vector Direction',(0.,0.5,-0.866025403784)) ;
#3952=DIRECTION('Axis2P3D Direction',(0.,0.5,-0.866025403784)) ;
#3953=DIRECTION('Axis2P3D XDirection',(-1.,0.,-0.)) ;
#3957=DIRECTION('Vector Direction',(-1.,0.,0.)) ;
#3962=DIRECTION('Vector Direction',(-1.,0.,0.)) ;
#3974=DIRECTION('Axis2P3D Direction',(0.,-0.866025403784,-0.5)) ;
#3975=DIRECTION('Axis2P3D XDirection',(0.,0.5,-0.866025403784)) ;
#3986=DIRECTION('Axis2P3D Direction',(0.,-0.866025403784,-0.5)) ;
#3987=DIRECTION('Axis2P3D XDirection',(0.,0.5,-0.866025403784)) ;
#3998=DIRECTION('Axis2P3D Direction',(0.,-1.,2.16493489802E-015)) ;
#3999=DIRECTION('Axis2P3D XDirection',(1.,0.,0.)) ;
#4003=DIRECTION('Vector Direction',(0.,2.84217094304E-015,1.)) ;
#4008=DIRECTION('Vector Direction',(0.,2.84217094304E-015,1.)) ;
#4020=DIRECTION('Axis2P3D Direction',(-0.632450978075,0.774600387511,-1.67695941094E-015)) ;
#4021=DIRECTION('Axis2P3D XDirection',(-0.774600387511,-0.632450978075,1.33226762955E-015)) ;
#4025=DIRECTION('Vector Direction',(0.,2.84217094304E-015,1.)) ;
#4034=DIRECTION('Vector Direction',(-0.774600387511,-0.632450978075,1.29571402321E-015)) ;
#4039=DIRECTION('Vector Direction',(-0.774600387511,-0.632450978075,1.29571402321E-015)) ;
#4053=DIRECTION('Vector Direction',(0.,1.,-4.09743701292E-015)) ;
#4060=DIRECTION('Vector Direction',(0.,2.84217094304E-015,1.)) ;
#4067=DIRECTION('Vector Direction',(0.,1.,2.04871850646E-015)) ;
#4081=DIRECTION('Axis2P3D Direction',(0.,1.,-2.16493489802E-015)) ;
#4082=DIRECTION('Axis2P3D XDirection',(-1.,0.,0.)) ;
#4086=DIRECTION('Vector Direction',(-1.,0.,0.)) ;
#4091=DIRECTION('Vector Direction',(-1.,0.,0.)) ;
#4103=DIRECTION('Axis2P3D Direction',(0.,-1.99840144433E-015,-1.)) ;
#4104=DIRECTION('Axis2P3D XDirection',(0.,1.,-1.99840144433E-015)) ;
#4115=DIRECTION('Axis2P3D Direction',(0.,-2.16493489802E-015,-1.)) ;
#4116=DIRECTION('Axis2P3D XDirection',(0.,1.,-2.16493489802E-015)) ;
#4127=DIRECTION('Axis2P3D Direction',(0.,-0.5,-0.866025403784)) ;
#4128=DIRECTION('Axis2P3D XDirection',(1.,0.,0.)) ;
#4132=DIRECTION('Vector Direction',(0.,-0.866025403784,0.5)) ;
#4137=DIRECTION('Vector Direction',(0.,-0.866025403784,0.5)) ;
#4149=DIRECTION('Axis2P3D Direction',(-0.632450978075,0.387300193756,0.670823613366)) ;
#4150=DIRECTION('Axis2P3D XDirection',(-0.774600387511,-0.316225489037,-0.547718613661)) ;
#4154=DIRECTION('Vector Direction',(0.,-0.866025403784,0.5)) ;
#4163=DIRECTION('Vector Direction',(-0.774600387511,-0.316225489037,-0.547718613661)) ;
#4168=DIRECTION('Vector Direction',(-0.774600387511,-0.316225489037,-0.547718613661)) ;
#4182=DIRECTION('Vector Direction',(0.,0.5,0.866025403784)) ;
#4189=DIRECTION('Vector Direction',(0.,-0.866025403784,0.5)) ;
#4196=DIRECTION('Vector Direction',(0.,0.5,0.866025403784)) ;
#4210=DIRECTION('Axis2P3D Direction',(0.,0.5,0.866025403784)) ;
#4211=DIRECTION('Axis2P3D XDirection',(-1.,0.,0.)) ;
#4215=DIRECTION('Vector Direction',(-1.,0.,0.)) ;
#4220=DIRECTION('Vector Direction',(-1.,0.,0.)) ;
#4232=DIRECTION('Axis2P3D Direction',(0.,0.866025403784,-0.5)) ;
#4233=DIRECTION('Axis2P3D XDirection',(0.,0.5,0.866025403784)) ;
#4244=DIRECTION('Axis2P3D Direction',(0.,0.866025403784,-0.5)) ;
#4245=DIRECTION('Axis2P3D XDirection',(0.,0.5,0.866025403784)) ;
#4547=DIRECTION('Axis2P3D Direction',(0.,0.50091078215,-0.865498924509)) ;
#4548=DIRECTION('Axis2P3D XDirection',(-1.,-4.01897328483E-017,-2.32599601749E-017)) ;
#4552=DIRECTION('Axis2P3D Direction',(0.,0.50091078215,-0.865498924509)) ;
#4553=DIRECTION('Axis2P3D XDirection',(-1.,-4.01897328483E-017,-2.32599601749E-017)) ;
#4562=DIRECTION('Axis2P3D Direction',(0.,0.50091078215,-0.865498924509)) ;
#4563=DIRECTION('Axis2P3D XDirection',(-1.,-4.01897328483E-017,-2.32599601749E-017)) ;
#4573=DIRECTION('Axis2P3D Direction',(0.,0.50091078215,-0.865498924509)) ;
#4574=DIRECTION('Axis2P3D XDirection',(-1.,-4.01897328483E-017,-2.32599601749E-017)) ;
#4577=DIRECTION('Vector Direction',(0.,-0.50091078215,0.865498924509)) ;
#4581=DIRECTION('Vector Direction',(0.,-0.50091078215,0.865498924509)) ;
#4586=DIRECTION('Vector Direction',(0.,-0.50091078215,0.865498924509)) ;
#4598=DIRECTION('Axis2P3D Direction',(0.,0.50091078215,-0.865498924509)) ;
#4599=DIRECTION('Axis2P3D XDirection',(-1.,-4.01897328483E-017,-2.32599601749E-017)) ;
#4602=DIRECTION('Vector Direction',(0.,-0.50091078215,0.865498924509)) ;
#4613=DIRECTION('Axis2P3D Direction',(0.,0.643593132842,-0.765367806586)) ;
#4614=DIRECTION('Axis2P3D XDirection',(-1.,-3.55401108036E-017,-2.9885462985E-017)) ;
#4618=DIRECTION('Axis2P3D Direction',(0.,0.643593132842,-0.765367806586)) ;
#4619=DIRECTION('Axis2P3D XDirection',(-1.,-3.55401108036E-017,-2.9885462985E-017)) ;
#4628=DIRECTION('Axis2P3D Direction',(0.,0.643593132842,-0.765367806586)) ;
#4629=DIRECTION('Axis2P3D XDirection',(-1.,-3.55401108036E-017,-2.9885462985E-017)) ;
#4639=DIRECTION('Axis2P3D Direction',(0.,0.643593132842,-0.765367806586)) ;
#4640=DIRECTION('Axis2P3D XDirection',(-1.,-3.55401108036E-017,-2.9885462985E-017)) ;
#4643=DIRECTION('Vector Direction',(0.,-0.643593132842,0.765367806586)) ;
#4647=DIRECTION('Vector Direction',(0.,-0.643593132842,0.765367806586)) ;
#4652=DIRECTION('Vector Direction',(0.,-0.643593132842,0.765367806586)) ;
#4664=DIRECTION('Axis2P3D Direction',(0.,0.643593132842,-0.765367806586)) ;
#4665=DIRECTION('Axis2P3D XDirection',(-1.,-3.55401108036E-017,-2.9885462985E-017)) ;
#4668=DIRECTION('Vector Direction',(0.,-0.643593132842,0.765367806586)) ;
#4679=DIRECTION('Axis2P3D Direction',(3.08148791102E-033,0.766720231867,-0.641981375155)) ;
#4680=DIRECTION('Axis2P3D XDirection',(-1.,-2.98106204762E-017,-3.56029111251E-017)) ;
#4684=DIRECTION('Axis2P3D Direction',(3.08148791102E-033,0.766720231867,-0.641981375155)) ;
#4685=DIRECTION('Axis2P3D XDirection',(-1.,-2.98106204762E-017,-3.56029111251E-017)) ;
#4694=DIRECTION('Axis2P3D Direction',(3.08148791102E-033,0.766720231867,-0.641981375155)) ;
#4695=DIRECTION('Axis2P3D XDirection',(-1.,-2.98106204762E-017,-3.56029111251E-017)) ;
#4705=DIRECTION('Axis2P3D Direction',(3.08148791102E-033,0.766720231867,-0.641981375155)) ;
#4706=DIRECTION('Axis2P3D XDirection',(-1.,-2.98106204762E-017,-3.56029111251E-017)) ;
#4709=DIRECTION('Vector Direction',(0.,-0.766720231867,0.641981375155)) ;
#4713=DIRECTION('Vector Direction',(0.,-0.766720231867,0.641981375155)) ;
#4718=DIRECTION('Vector Direction',(0.,-0.766720231867,0.641981375155)) ;
#4730=DIRECTION('Axis2P3D Direction',(3.08148791102E-033,0.766720231867,-0.641981375155)) ;
#4731=DIRECTION('Axis2P3D XDirection',(-1.,-2.98106204762E-017,-3.56029111251E-017)) ;
#4734=DIRECTION('Vector Direction',(0.,-0.766720231867,0.641981375155)) ;
#4745=DIRECTION('Axis2P3D Direction',(-3.08148791102E-033,0.866550924626,-0.499088664498)) ;
#4746=DIRECTION('Axis2P3D XDirection',(-1.,-2.31753495305E-017,-4.02385828266E-017)) ;
#4750=DIRECTION('Axis2P3D Direction',(-3.08148791102E-033,0.866550924626,-0.499088664498)) ;
#4751=DIRECTION('Axis2P3D XDirection',(-1.,-2.31753495305E-017,-4.02385828266E-017)) ;
#4760=DIRECTION('Axis2P3D Direction',(-3.08148791102E-033,0.866550924626,-0.499088664498)) ;
#4761=DIRECTION('Axis2P3D XDirection',(-1.,-2.31753495305E-017,-4.02385828266E-017)) ;
#4771=DIRECTION('Axis2P3D Direction',(-3.08148791102E-033,0.866550924626,-0.499088664498)) ;
#4772=DIRECTION('Axis2P3D XDirection',(-1.,-2.31753495305E-017,-4.02385828266E-017)) ;
#4775=DIRECTION('Vector Direction',(0.,-0.866550924626,0.499088664498)) ;
#4779=DIRECTION('Vector Direction',(0.,-0.866550924626,0.499088664498)) ;
#4784=DIRECTION('Vector Direction',(0.,-0.866550924626,0.499088664498)) ;
#4796=DIRECTION('Axis2P3D Direction',(-3.08148791102E-033,0.866550924626,-0.499088664498)) ;
#4797=DIRECTION('Axis2P3D XDirection',(-1.,-2.31753495305E-017,-4.02385828266E-017)) ;
#4800=DIRECTION('Vector Direction',(0.,-0.866550924626,0.499088664498)) ;
#4811=DIRECTION('Axis2P3D Direction',(3.08148791102E-033,0.940051906036,-0.341031397321)) ;
#4812=DIRECTION('Axis2P3D XDirection',(-1.,-1.58359073167E-017,-4.36516255506E-017)) ;
#4816=DIRECTION('Axis2P3D Direction',(3.08148791102E-033,0.940051906036,-0.341031397321)) ;
#4817=DIRECTION('Axis2P3D XDirection',(-1.,-1.58359073167E-017,-4.36516255506E-017)) ;
#4826=DIRECTION('Axis2P3D Direction',(3.08148791102E-033,0.940051906036,-0.341031397321)) ;
#4827=DIRECTION('Axis2P3D XDirection',(-1.,-1.58359073167E-017,-4.36516255506E-017)) ;
#4837=DIRECTION('Axis2P3D Direction',(3.08148791102E-033,0.940051906036,-0.341031397321)) ;
#4838=DIRECTION('Axis2P3D XDirection',(-1.,-1.58359073167E-017,-4.36516255506E-017)) ;
#4841=DIRECTION('Vector Direction',(0.,-0.940051906036,0.341031397321)) ;
#4845=DIRECTION('Vector Direction',(0.,-0.940051906036,0.341031397321)) ;
#4850=DIRECTION('Vector Direction',(0.,-0.940051906036,0.341031397321)) ;
#4862=DIRECTION('Axis2P3D Direction',(3.08148791102E-033,0.940051906036,-0.341031397321)) ;
#4863=DIRECTION('Axis2P3D XDirection',(-1.,-1.58359073167E-017,-4.36516255506E-017)) ;
#4866=DIRECTION('Vector Direction',(0.,-0.940051906036,0.341031397321)) ;
#4877=DIRECTION('Axis2P3D Direction',(3.08148791102E-033,0.98498988597,-0.172612063707)) ;
#4878=DIRECTION('Axis2P3D XDirection',(-1.,-8.01529907241E-018,-4.57383357211E-017)) ;
#4882=DIRECTION('Axis2P3D Direction',(3.08148791102E-033,0.98498988597,-0.172612063707)) ;
#4883=DIRECTION('Axis2P3D XDirection',(-1.,-8.01529907241E-018,-4.57383357211E-017)) ;
#4890=DIRECTION('Axis2P3D Direction',(3.08148791102E-033,0.98498988597,-0.172612063707)) ;
#4891=DIRECTION('Axis2P3D XDirection',(-1.,-8.01529907241E-018,-4.57383357211E-017)) ;
#4898=DIRECTION('Axis2P3D Direction',(3.08148791102E-033,0.98498988597,-0.172612063707)) ;
#4899=DIRECTION('Axis2P3D XDirection',(-1.,-8.01529907241E-018,-4.57383357211E-017)) ;
#4911=DIRECTION('Axis2P3D Direction',(3.08148791102E-033,0.98498988597,-0.172612063707)) ;
#4912=DIRECTION('Axis2P3D XDirection',(-1.,-8.01529907241E-018,-4.57383357211E-017)) ;
#4915=DIRECTION('Vector Direction',(0.,-0.98498988597,0.172612063707)) ;
#4919=DIRECTION('Vector Direction',(0.,-0.98498988597,0.172612063707)) ;
#4924=DIRECTION('Vector Direction',(0.,-0.98498988597,0.172612063707)) ;
#4936=DIRECTION('Axis2P3D Direction',(3.08148791102E-033,0.98498988597,-0.172612063707)) ;
#4937=DIRECTION('Axis2P3D XDirection',(-1.,-8.01529907241E-018,-4.57383357211E-017)) ;
#4940=DIRECTION('Vector Direction',(0.,-0.98498988597,0.172612063707)) ;
#4951=DIRECTION('Axis2P3D Direction',(3.08148791102E-033,0.98498988597,-0.172612063707)) ;
#4952=DIRECTION('Axis2P3D XDirection',(-1.,-8.01529907241E-018,-4.57383357211E-017)) ;
#4955=DIRECTION('Vector Direction',(0.,-0.98498988597,0.172612063707)) ;
#4966=DIRECTION('Axis2P3D Direction',(5.7176045224E-034,0.999999446648,0.00105200011683)) ;
#4967=DIRECTION('Axis2P3D XDirection',(-1.,4.88499782665E-020,-4.64353097054E-017)) ;
#4971=DIRECTION('Axis2P3D Direction',(5.7176045224E-034,0.999999446648,0.00105200011683)) ;
#4972=DIRECTION('Axis2P3D XDirection',(-1.,4.88499782665E-020,-4.64353097054E-017)) ;
#4981=DIRECTION('Axis2P3D Direction',(5.7176045224E-034,0.999999446648,0.00105200011683)) ;
#4982=DIRECTION('Axis2P3D XDirection',(-1.,4.88499782665E-020,-4.64353097054E-017)) ;
#4992=DIRECTION('Axis2P3D Direction',(5.7176045224E-034,0.999999446648,0.00105200011683)) ;
#4993=DIRECTION('Axis2P3D XDirection',(-1.,4.88499782665E-020,-4.64353097054E-017)) ;
#4996=DIRECTION('Vector Direction',(0.,-0.999999446648,-0.00105200011683)) ;
#5000=DIRECTION('Vector Direction',(0.,-0.999999446648,-0.00105200011683)) ;
#5005=DIRECTION('Vector Direction',(0.,-0.999999446648,-0.00105200011683)) ;
#5017=DIRECTION('Axis2P3D Direction',(5.7176045224E-034,0.999999446648,0.00105200011683)) ;
#5018=DIRECTION('Axis2P3D XDirection',(-1.,4.88499782665E-020,-4.64353097054E-017)) ;
#5021=DIRECTION('Vector Direction',(0.,-0.999999446648,-0.00105200011683)) ;
#5032=DIRECTION('Axis2P3D Direction',(3.08148791102E-033,0.984624530163,0.17468409945)) ;
#5033=DIRECTION('Axis2P3D XDirection',(-1.,8.11151474707E-018,-4.57213703017E-017)) ;
#5037=DIRECTION('Axis2P3D Direction',(3.08148791102E-033,0.984624530163,0.17468409945)) ;
#5038=DIRECTION('Axis2P3D XDirection',(-1.,8.11151474707E-018,-4.57213703017E-017)) ;
#5047=DIRECTION('Axis2P3D Direction',(3.08148791102E-033,0.984624530163,0.17468409945)) ;
#5048=DIRECTION('Axis2P3D XDirection',(-1.,8.11151474707E-018,-4.57213703017E-017)) ;
#5058=DIRECTION('Axis2P3D Direction',(3.08148791102E-033,0.984624530163,0.17468409945)) ;
#5059=DIRECTION('Axis2P3D XDirection',(-1.,8.11151474707E-018,-4.57213703017E-017)) ;
#5062=DIRECTION('Vector Direction',(0.,-0.984624530163,-0.17468409945)) ;
#5066=DIRECTION('Vector Direction',(0.,-0.984624530163,-0.17468409945)) ;
#5071=DIRECTION('Vector Direction',(0.,-0.984624530163,-0.17468409945)) ;
#5083=DIRECTION('Axis2P3D Direction',(3.08148791102E-033,0.984624530163,0.17468409945)) ;
#5084=DIRECTION('Axis2P3D XDirection',(-1.,8.11151474707E-018,-4.57213703017E-017)) ;
#5087=DIRECTION('Vector Direction',(0.,-0.984624530163,-0.17468409945)) ;
#5098=DIRECTION('Axis2P3D Direction',(6.16297582204E-033,0.939332295574,0.343008510815)) ;
#5099=DIRECTION('Axis2P3D XDirection',(-1.,1.59277152449E-017,-4.36182101975E-017)) ;
#5103=DIRECTION('Axis2P3D Direction',(6.16297582204E-033,0.939332295574,0.343008510815)) ;
#5104=DIRECTION('Axis2P3D XDirection',(-1.,1.59277152449E-017,-4.36182101975E-017)) ;
#5113=DIRECTION('Axis2P3D Direction',(6.16297582204E-033,0.939332295574,0.343008510815)) ;
#5114=DIRECTION('Axis2P3D XDirection',(-1.,1.59277152449E-017,-4.36182101975E-017)) ;
#5124=DIRECTION('Axis2P3D Direction',(6.16297582204E-033,0.939332295574,0.343008510815)) ;
#5125=DIRECTION('Axis2P3D XDirection',(-1.,1.59277152449E-017,-4.36182101975E-017)) ;
#5128=DIRECTION('Vector Direction',(0.,-0.939332295574,-0.343008510815)) ;
#5132=DIRECTION('Vector Direction',(0.,-0.939332295574,-0.343008510815)) ;
#5137=DIRECTION('Vector Direction',(0.,-0.939332295574,-0.343008510815)) ;
#5149=DIRECTION('Axis2P3D Direction',(6.16297582204E-033,0.939332295574,0.343008510815)) ;
#5150=DIRECTION('Axis2P3D XDirection',(-1.,1.59277152449E-017,-4.36182101975E-017)) ;
#5153=DIRECTION('Vector Direction',(0.,-0.939332295574,-0.343008510815)) ;
#5164=DIRECTION('Axis2P3D Direction',(-3.08148791102E-033,0.865498924509,0.50091078215)) ;
#5165=DIRECTION('Axis2P3D XDirection',(-1.,2.32599601749E-017,-4.01897328483E-017)) ;
#5169=DIRECTION('Axis2P3D Direction',(-3.08148791102E-033,0.865498924509,0.50091078215)) ;
#5170=DIRECTION('Axis2P3D XDirection',(-1.,2.32599601749E-017,-4.01897328483E-017)) ;
#5179=DIRECTION('Axis2P3D Direction',(-3.08148791102E-033,0.865498924509,0.50091078215)) ;
#5180=DIRECTION('Axis2P3D XDirection',(-1.,2.32599601749E-017,-4.01897328483E-017)) ;
#5190=DIRECTION('Axis2P3D Direction',(-3.08148791102E-033,0.865498924509,0.50091078215)) ;
#5191=DIRECTION('Axis2P3D XDirection',(-1.,2.32599601749E-017,-4.01897328483E-017)) ;
#5194=DIRECTION('Vector Direction',(0.,-0.865498924509,-0.50091078215)) ;
#5198=DIRECTION('Vector Direction',(0.,-0.865498924509,-0.50091078215)) ;
#5203=DIRECTION('Vector Direction',(0.,-0.865498924509,-0.50091078215)) ;
#5215=DIRECTION('Axis2P3D Direction',(-3.08148791102E-033,0.865498924509,0.50091078215)) ;
#5216=DIRECTION('Axis2P3D XDirection',(-1.,2.32599601749E-017,-4.01897328483E-017)) ;
#5219=DIRECTION('Vector Direction',(0.,-0.865498924509,-0.50091078215)) ;
#5230=DIRECTION('Axis2P3D Direction',(6.16297582204E-033,0.765367806586,0.643593132842)) ;
#5231=DIRECTION('Axis2P3D XDirection',(-1.,2.9885462985E-017,-3.55401108036E-017)) ;
#5235=DIRECTION('Axis2P3D Direction',(6.16297582204E-033,0.765367806586,0.643593132842)) ;
#5236=DIRECTION('Axis2P3D XDirection',(-1.,2.9885462985E-017,-3.55401108036E-017)) ;
#5245=DIRECTION('Axis2P3D Direction',(6.16297582204E-033,0.765367806586,0.643593132842)) ;
#5246=DIRECTION('Axis2P3D XDirection',(-1.,2.9885462985E-017,-3.55401108036E-017)) ;
#5256=DIRECTION('Axis2P3D Direction',(6.16297582204E-033,0.765367806586,0.643593132842)) ;
#5257=DIRECTION('Axis2P3D XDirection',(-1.,2.9885462985E-017,-3.55401108036E-017)) ;
#5260=DIRECTION('Vector Direction',(0.,-0.765367806586,-0.643593132842)) ;
#5264=DIRECTION('Vector Direction',(0.,-0.765367806586,-0.643593132842)) ;
#5269=DIRECTION('Vector Direction',(0.,-0.765367806586,-0.643593132842)) ;
#5281=DIRECTION('Axis2P3D Direction',(6.16297582204E-033,0.765367806586,0.643593132842)) ;
#5282=DIRECTION('Axis2P3D XDirection',(-1.,2.9885462985E-017,-3.55401108036E-017)) ;
#5285=DIRECTION('Vector Direction',(0.,-0.765367806586,-0.643593132842)) ;
#5296=DIRECTION('Axis2P3D Direction',(3.08148791102E-033,0.641981375155,0.766720231867)) ;
#5297=DIRECTION('Axis2P3D XDirection',(-1.,3.56029111251E-017,-2.98106204762E-017)) ;
#5301=DIRECTION('Axis2P3D Direction',(3.08148791102E-033,0.641981375155,0.766720231867)) ;
#5302=DIRECTION('Axis2P3D XDirection',(-1.,3.56029111251E-017,-2.98106204762E-017)) ;
#5309=DIRECTION('Axis2P3D Direction',(3.08148791102E-033,0.641981375155,0.766720231867)) ;
#5310=DIRECTION('Axis2P3D XDirection',(-1.,3.56029111251E-017,-2.98106204762E-017)) ;
#5317=DIRECTION('Axis2P3D Direction',(3.08148791102E-033,0.641981375155,0.766720231867)) ;
#5318=DIRECTION('Axis2P3D XDirection',(-1.,3.56029111251E-017,-2.98106204762E-017)) ;
#5330=DIRECTION('Axis2P3D Direction',(3.08148791102E-033,0.641981375155,0.766720231867)) ;
#5331=DIRECTION('Axis2P3D XDirection',(-1.,3.56029111251E-017,-2.98106204762E-017)) ;
#5334=DIRECTION('Vector Direction',(0.,-0.641981375155,-0.766720231867)) ;
#5338=DIRECTION('Vector Direction',(0.,-0.641981375155,-0.766720231867)) ;
#5343=DIRECTION('Vector Direction',(0.,-0.641981375155,-0.766720231867)) ;
#5355=DIRECTION('Axis2P3D Direction',(3.08148791102E-033,0.641981375155,0.766720231867)) ;
#5356=DIRECTION('Axis2P3D XDirection',(-1.,3.56029111251E-017,-2.98106204762E-017)) ;
#5359=DIRECTION('Vector Direction',(0.,-0.641981375155,-0.766720231867)) ;
#5370=DIRECTION('Axis2P3D Direction',(3.08148791102E-033,0.641981375155,0.766720231867)) ;
#5371=DIRECTION('Axis2P3D XDirection',(-1.,3.56029111251E-017,-2.98106204762E-017)) ;
#5374=DIRECTION('Vector Direction',(0.,-0.641981375155,-0.766720231867)) ;
#5385=DIRECTION('Axis2P3D Direction',(0.,0.499088664498,0.866550924626)) ;
#5386=DIRECTION('Axis2P3D XDirection',(-1.,4.02385828266E-017,-2.31753495305E-017)) ;
#5390=DIRECTION('Axis2P3D Direction',(0.,0.499088664498,0.866550924626)) ;
#5391=DIRECTION('Axis2P3D XDirection',(-1.,4.02385828266E-017,-2.31753495305E-017)) ;
#5400=DIRECTION('Axis2P3D Direction',(0.,0.499088664498,0.866550924626)) ;
#5401=DIRECTION('Axis2P3D XDirection',(-1.,4.02385828266E-017,-2.31753495305E-017)) ;
#5411=DIRECTION('Axis2P3D Direction',(0.,0.499088664498,0.866550924626)) ;
#5412=DIRECTION('Axis2P3D XDirection',(-1.,4.02385828266E-017,-2.31753495305E-017)) ;
#5415=DIRECTION('Vector Direction',(0.,-0.499088664498,-0.866550924626)) ;
#5419=DIRECTION('Vector Direction',(0.,-0.499088664498,-0.866550924626)) ;
#5424=DIRECTION('Vector Direction',(0.,-0.499088664498,-0.866550924626)) ;
#5436=DIRECTION('Axis2P3D Direction',(0.,0.499088664498,0.866550924626)) ;
#5437=DIRECTION('Axis2P3D XDirection',(-1.,4.02385828266E-017,-2.31753495305E-017)) ;
#5440=DIRECTION('Vector Direction',(0.,-0.499088664498,-0.866550924626)) ;
#5451=DIRECTION('Axis2P3D Direction',(0.,0.341031397321,0.940051906036)) ;
#5452=DIRECTION('Axis2P3D XDirection',(-1.,4.36516255506E-017,-1.58359073167E-017)) ;
#5456=DIRECTION('Axis2P3D Direction',(0.,0.341031397321,0.940051906036)) ;
#5457=DIRECTION('Axis2P3D XDirection',(-1.,4.36516255506E-017,-1.58359073167E-017)) ;
#5466=DIRECTION('Axis2P3D Direction',(0.,0.341031397321,0.940051906036)) ;
#5467=DIRECTION('Axis2P3D XDirection',(-1.,4.36516255506E-017,-1.58359073167E-017)) ;
#5477=DIRECTION('Axis2P3D Direction',(0.,0.341031397321,0.940051906036)) ;
#5478=DIRECTION('Axis2P3D XDirection',(-1.,4.36516255506E-017,-1.58359073167E-017)) ;
#5481=DIRECTION('Vector Direction',(0.,-0.341031397321,-0.940051906036)) ;
#5485=DIRECTION('Vector Direction',(0.,-0.341031397321,-0.940051906036)) ;
#5490=DIRECTION('Vector Direction',(0.,-0.341031397321,-0.940051906036)) ;
#5502=DIRECTION('Axis2P3D Direction',(0.,0.341031397321,0.940051906036)) ;
#5503=DIRECTION('Axis2P3D XDirection',(-1.,4.36516255506E-017,-1.58359073167E-017)) ;
#5506=DIRECTION('Vector Direction',(0.,-0.341031397321,-0.940051906036)) ;
#5517=DIRECTION('Axis2P3D Direction',(1.54074395551E-033,0.172612063707,0.98498988597)) ;
#5518=DIRECTION('Axis2P3D XDirection',(-1.,4.57383357211E-017,-8.01529907241E-018)) ;
#5522=DIRECTION('Axis2P3D Direction',(1.54074395551E-033,0.172612063707,0.98498988597)) ;
#5523=DIRECTION('Axis2P3D XDirection',(-1.,4.57383357211E-017,-8.01529907241E-018)) ;
#5532=DIRECTION('Axis2P3D Direction',(1.54074395551E-033,0.172612063707,0.98498988597)) ;
#5533=DIRECTION('Axis2P3D XDirection',(-1.,4.57383357211E-017,-8.01529907241E-018)) ;
#5543=DIRECTION('Axis2P3D Direction',(1.54074395551E-033,0.172612063707,0.98498988597)) ;
#5544=DIRECTION('Axis2P3D XDirection',(-1.,4.57383357211E-017,-8.01529907241E-018)) ;
#5547=DIRECTION('Vector Direction',(0.,-0.172612063707,-0.98498988597)) ;
#5551=DIRECTION('Vector Direction',(0.,-0.172612063707,-0.98498988597)) ;
#5556=DIRECTION('Vector Direction',(0.,-0.172612063707,-0.98498988597)) ;
#5568=DIRECTION('Axis2P3D Direction',(1.54074395551E-033,0.172612063707,0.98498988597)) ;
#5569=DIRECTION('Axis2P3D XDirection',(-1.,4.57383357211E-017,-8.01529907241E-018)) ;
#5572=DIRECTION('Vector Direction',(0.,-0.172612063707,-0.98498988597)) ;
#5583=DIRECTION('Axis2P3D Direction',(-4.93519548249E-034,-0.00105200011683,0.999999446648)) ;
#5584=DIRECTION('Axis2P3D XDirection',(-1.,4.64353097054E-017,4.88499782665E-020)) ;
#5588=DIRECTION('Axis2P3D Direction',(-4.93519548249E-034,-0.00105200011683,0.999999446648)) ;
#5589=DIRECTION('Axis2P3D XDirection',(-1.,4.64353097054E-017,4.88499782665E-020)) ;
#5598=DIRECTION('Axis2P3D Direction',(-4.93519548249E-034,-0.00105200011683,0.999999446648)) ;
#5599=DIRECTION('Axis2P3D XDirection',(-1.,4.64353097054E-017,4.88499782665E-020)) ;
#5609=DIRECTION('Axis2P3D Direction',(-4.93519548249E-034,-0.00105200011683,0.999999446648)) ;
#5610=DIRECTION('Axis2P3D XDirection',(-1.,4.64353097054E-017,4.88499782665E-020)) ;
#5613=DIRECTION('Vector Direction',(0.,0.00105200011683,-0.999999446648)) ;
#5617=DIRECTION('Vector Direction',(0.,0.00105200011683,-0.999999446648)) ;
#5622=DIRECTION('Vector Direction',(0.,0.00105200011683,-0.999999446648)) ;
#5634=DIRECTION('Axis2P3D Direction',(-4.93519548249E-034,-0.00105200011683,0.999999446648)) ;
#5635=DIRECTION('Axis2P3D XDirection',(-1.,4.64353097054E-017,4.88499782665E-020)) ;
#5638=DIRECTION('Vector Direction',(0.,0.00105200011683,-0.999999446648)) ;
#5649=DIRECTION('Axis2P3D Direction',(1.54074395551E-033,-0.17468409945,0.984624530163)) ;
#5650=DIRECTION('Axis2P3D XDirection',(-1.,4.57213703017E-017,8.11151474707E-018)) ;
#5654=DIRECTION('Axis2P3D Direction',(1.54074395551E-033,-0.17468409945,0.984624530163)) ;
#5655=DIRECTION('Axis2P3D XDirection',(-1.,4.57213703017E-017,8.11151474707E-018)) ;
#5664=DIRECTION('Axis2P3D Direction',(1.54074395551E-033,-0.17468409945,0.984624530163)) ;
#5665=DIRECTION('Axis2P3D XDirection',(-1.,4.57213703017E-017,8.11151474707E-018)) ;
#5675=DIRECTION('Axis2P3D Direction',(1.54074395551E-033,-0.17468409945,0.984624530163)) ;
#5676=DIRECTION('Axis2P3D XDirection',(-1.,4.57213703017E-017,8.11151474707E-018)) ;
#5679=DIRECTION('Vector Direction',(0.,0.17468409945,-0.984624530163)) ;
#5683=DIRECTION('Vector Direction',(0.,0.17468409945,-0.984624530163)) ;
#5688=DIRECTION('Vector Direction',(0.,0.17468409945,-0.984624530163)) ;
#5700=DIRECTION('Axis2P3D Direction',(1.54074395551E-033,-0.17468409945,0.984624530163)) ;
#5701=DIRECTION('Axis2P3D XDirection',(-1.,4.57213703017E-017,8.11151474707E-018)) ;
#5704=DIRECTION('Vector Direction',(0.,0.17468409945,-0.984624530163)) ;
#5715=DIRECTION('Axis2P3D Direction',(0.,-0.343008510815,0.939332295574)) ;
#5716=DIRECTION('Axis2P3D XDirection',(-1.,4.36182101975E-017,1.59277152449E-017)) ;
#5720=DIRECTION('Axis2P3D Direction',(0.,-0.343008510815,0.939332295574)) ;
#5721=DIRECTION('Axis2P3D XDirection',(-1.,4.36182101975E-017,1.59277152449E-017)) ;
#5728=DIRECTION('Axis2P3D Direction',(0.,-0.343008510815,0.939332295574)) ;
#5729=DIRECTION('Axis2P3D XDirection',(-1.,4.36182101975E-017,1.59277152449E-017)) ;
#5736=DIRECTION('Axis2P3D Direction',(0.,-0.343008510815,0.939332295574)) ;
#5737=DIRECTION('Axis2P3D XDirection',(-1.,4.36182101975E-017,1.59277152449E-017)) ;
#5749=DIRECTION('Axis2P3D Direction',(0.,-0.343008510815,0.939332295574)) ;
#5750=DIRECTION('Axis2P3D XDirection',(-1.,4.36182101975E-017,1.59277152449E-017)) ;
#5753=DIRECTION('Vector Direction',(0.,0.343008510815,-0.939332295574)) ;
#5757=DIRECTION('Vector Direction',(0.,0.343008510815,-0.939332295574)) ;
#5762=DIRECTION('Vector Direction',(0.,0.343008510815,-0.939332295574)) ;
#5774=DIRECTION('Axis2P3D Direction',(0.,-0.343008510815,0.939332295574)) ;
#5775=DIRECTION('Axis2P3D XDirection',(-1.,4.36182101975E-017,1.59277152449E-017)) ;
#5778=DIRECTION('Vector Direction',(0.,0.343008510815,-0.939332295574)) ;
#5789=DIRECTION('Axis2P3D Direction',(0.,-0.343008510815,0.939332295574)) ;
#5790=DIRECTION('Axis2P3D XDirection',(-1.,4.36182101975E-017,1.59277152449E-017)) ;
#5793=DIRECTION('Vector Direction',(0.,0.343008510815,-0.939332295574)) ;
#5804=DIRECTION('Axis2P3D Direction',(0.,-0.50091078215,0.865498924509)) ;
#5805=DIRECTION('Axis2P3D XDirection',(-1.,4.01897328483E-017,2.32599601749E-017)) ;
#5809=DIRECTION('Axis2P3D Direction',(0.,-0.50091078215,0.865498924509)) ;
#5810=DIRECTION('Axis2P3D XDirection',(-1.,4.01897328483E-017,2.32599601749E-017)) ;
#5819=DIRECTION('Axis2P3D Direction',(0.,-0.50091078215,0.865498924509)) ;
#5820=DIRECTION('Axis2P3D XDirection',(-1.,4.01897328483E-017,2.32599601749E-017)) ;
#5830=DIRECTION('Axis2P3D Direction',(0.,-0.50091078215,0.865498924509)) ;
#5831=DIRECTION('Axis2P3D XDirection',(-1.,4.01897328483E-017,2.32599601749E-017)) ;
#5834=DIRECTION('Vector Direction',(0.,0.50091078215,-0.865498924509)) ;
#5838=DIRECTION('Vector Direction',(0.,0.50091078215,-0.865498924509)) ;
#5843=DIRECTION('Vector Direction',(0.,0.50091078215,-0.865498924509)) ;
#5855=DIRECTION('Axis2P3D Direction',(0.,-0.50091078215,0.865498924509)) ;
#5856=DIRECTION('Axis2P3D XDirection',(-1.,4.01897328483E-017,2.32599601749E-017)) ;
#5859=DIRECTION('Vector Direction',(0.,0.50091078215,-0.865498924509)) ;
#5870=DIRECTION('Axis2P3D Direction',(3.08148791102E-033,-0.643593132842,0.765367806586)) ;
#5871=DIRECTION('Axis2P3D XDirection',(-1.,3.55401108036E-017,2.9885462985E-017)) ;
#5875=DIRECTION('Axis2P3D Direction',(3.08148791102E-033,-0.643593132842,0.765367806586)) ;
#5876=DIRECTION('Axis2P3D XDirection',(-1.,3.55401108036E-017,2.9885462985E-017)) ;
#5885=DIRECTION('Axis2P3D Direction',(3.08148791102E-033,-0.643593132842,0.765367806586)) ;
#5886=DIRECTION('Axis2P3D XDirection',(-1.,3.55401108036E-017,2.9885462985E-017)) ;
#5896=DIRECTION('Axis2P3D Direction',(3.08148791102E-033,-0.643593132842,0.765367806586)) ;
#5897=DIRECTION('Axis2P3D XDirection',(-1.,3.55401108036E-017,2.9885462985E-017)) ;
#5900=DIRECTION('Vector Direction',(0.,0.643593132842,-0.765367806586)) ;
#5904=DIRECTION('Vector Direction',(0.,0.643593132842,-0.765367806586)) ;
#5909=DIRECTION('Vector Direction',(0.,0.643593132842,-0.765367806586)) ;
#5921=DIRECTION('Axis2P3D Direction',(3.08148791102E-033,-0.643593132842,0.765367806586)) ;
#5922=DIRECTION('Axis2P3D XDirection',(-1.,3.55401108036E-017,2.9885462985E-017)) ;
#5925=DIRECTION('Vector Direction',(0.,0.643593132842,-0.765367806586)) ;
#5936=DIRECTION('Axis2P3D Direction',(3.08148791102E-033,-0.766720231867,0.641981375155)) ;
#5937=DIRECTION('Axis2P3D XDirection',(-1.,2.98106204762E-017,3.56029111251E-017)) ;
#5941=DIRECTION('Axis2P3D Direction',(3.08148791102E-033,-0.766720231867,0.641981375155)) ;
#5942=DIRECTION('Axis2P3D XDirection',(-1.,2.98106204762E-017,3.56029111251E-017)) ;
#5951=DIRECTION('Axis2P3D Direction',(3.08148791102E-033,-0.766720231867,0.641981375155)) ;
#5952=DIRECTION('Axis2P3D XDirection',(-1.,2.98106204762E-017,3.56029111251E-017)) ;
#5962=DIRECTION('Axis2P3D Direction',(3.08148791102E-033,-0.766720231867,0.641981375155)) ;
#5963=DIRECTION('Axis2P3D XDirection',(-1.,2.98106204762E-017,3.56029111251E-017)) ;
#5966=DIRECTION('Vector Direction',(0.,0.766720231867,-0.641981375155)) ;
#5970=DIRECTION('Vector Direction',(0.,0.766720231867,-0.641981375155)) ;
#5975=DIRECTION('Vector Direction',(0.,0.766720231867,-0.641981375155)) ;
#5987=DIRECTION('Axis2P3D Direction',(3.08148791102E-033,-0.766720231867,0.641981375155)) ;
#5988=DIRECTION('Axis2P3D XDirection',(-1.,2.98106204762E-017,3.56029111251E-017)) ;
#5991=DIRECTION('Vector Direction',(0.,0.766720231867,-0.641981375155)) ;
#6002=DIRECTION('Axis2P3D Direction',(-6.16297582204E-033,-0.866550924626,0.499088664498)) ;
#6003=DIRECTION('Axis2P3D XDirection',(-1.,2.31753495305E-017,4.02385828266E-017)) ;
#6007=DIRECTION('Axis2P3D Direction',(-6.16297582204E-033,-0.866550924626,0.499088664498)) ;
#6008=DIRECTION('Axis2P3D XDirection',(-1.,2.31753495305E-017,4.02385828266E-017)) ;
#6017=DIRECTION('Axis2P3D Direction',(-6.16297582204E-033,-0.866550924626,0.499088664498)) ;
#6018=DIRECTION('Axis2P3D XDirection',(-1.,2.31753495305E-017,4.02385828266E-017)) ;
#6028=DIRECTION('Axis2P3D Direction',(-6.16297582204E-033,-0.866550924626,0.499088664498)) ;
#6029=DIRECTION('Axis2P3D XDirection',(-1.,2.31753495305E-017,4.02385828266E-017)) ;
#6032=DIRECTION('Vector Direction',(0.,0.866550924626,-0.499088664498)) ;
#6036=DIRECTION('Vector Direction',(0.,0.866550924626,-0.499088664498)) ;
#6041=DIRECTION('Vector Direction',(0.,0.866550924626,-0.499088664498)) ;
#6053=DIRECTION('Axis2P3D Direction',(-6.16297582204E-033,-0.866550924626,0.499088664498)) ;
#6054=DIRECTION('Axis2P3D XDirection',(-1.,2.31753495305E-017,4.02385828266E-017)) ;
#6057=DIRECTION('Vector Direction',(0.,0.866550924626,-0.499088664498)) ;
#6068=DIRECTION('Axis2P3D Direction',(3.08148791102E-033,-0.940051906036,0.341031397321)) ;
#6069=DIRECTION('Axis2P3D XDirection',(-1.,1.58359073167E-017,4.36516255506E-017)) ;
#6073=DIRECTION('Axis2P3D Direction',(3.08148791102E-033,-0.940051906036,0.341031397321)) ;
#6074=DIRECTION('Axis2P3D XDirection',(-1.,1.58359073167E-017,4.36516255506E-017)) ;
#6083=DIRECTION('Axis2P3D Direction',(3.08148791102E-033,-0.940051906036,0.341031397321)) ;
#6084=DIRECTION('Axis2P3D XDirection',(-1.,1.58359073167E-017,4.36516255506E-017)) ;
#6094=DIRECTION('Axis2P3D Direction',(3.08148791102E-033,-0.940051906036,0.341031397321)) ;
#6095=DIRECTION('Axis2P3D XDirection',(-1.,1.58359073167E-017,4.36516255506E-017)) ;
#6098=DIRECTION('Vector Direction',(0.,0.940051906036,-0.341031397321)) ;
#6102=DIRECTION('Vector Direction',(0.,0.940051906036,-0.341031397321)) ;
#6107=DIRECTION('Vector Direction',(0.,0.940051906036,-0.341031397321)) ;
#6119=DIRECTION('Axis2P3D Direction',(3.08148791102E-033,-0.940051906036,0.341031397321)) ;
#6120=DIRECTION('Axis2P3D XDirection',(-1.,1.58359073167E-017,4.36516255506E-017)) ;
#6123=DIRECTION('Vector Direction',(0.,0.940051906036,-0.341031397321)) ;
#6134=DIRECTION('Axis2P3D Direction',(1.54074395551E-033,-0.98498988597,0.172612063707)) ;
#6135=DIRECTION('Axis2P3D XDirection',(-1.,8.01529907241E-018,4.57383357211E-017)) ;
#6139=DIRECTION('Axis2P3D Direction',(1.54074395551E-033,-0.98498988597,0.172612063707)) ;
#6140=DIRECTION('Axis2P3D XDirection',(-1.,8.01529907241E-018,4.57383357211E-017)) ;
#6147=DIRECTION('Axis2P3D Direction',(1.54074395551E-033,-0.98498988597,0.172612063707)) ;
#6148=DIRECTION('Axis2P3D XDirection',(-1.,8.01529907241E-018,4.57383357211E-017)) ;
#6155=DIRECTION('Axis2P3D Direction',(1.54074395551E-033,-0.98498988597,0.172612063707)) ;
#6156=DIRECTION('Axis2P3D XDirection',(-1.,8.01529907241E-018,4.57383357211E-017)) ;
#6168=DIRECTION('Axis2P3D Direction',(1.54074395551E-033,-0.98498988597,0.172612063707)) ;
#6169=DIRECTION('Axis2P3D XDirection',(-1.,8.01529907241E-018,4.57383357211E-017)) ;
#6172=DIRECTION('Vector Direction',(0.,0.98498988597,-0.172612063707)) ;
#6176=DIRECTION('Vector Direction',(0.,0.98498988597,-0.172612063707)) ;
#6181=DIRECTION('Vector Direction',(0.,0.98498988597,-0.172612063707)) ;
#6193=DIRECTION('Axis2P3D Direction',(1.54074395551E-033,-0.98498988597,0.172612063707)) ;
#6194=DIRECTION('Axis2P3D XDirection',(-1.,8.01529907241E-018,4.57383357211E-017)) ;
#6197=DIRECTION('Vector Direction',(0.,0.98498988597,-0.172612063707)) ;
#6208=DIRECTION('Axis2P3D Direction',(1.54074395551E-033,-0.98498988597,0.172612063707)) ;
#6209=DIRECTION('Axis2P3D XDirection',(-1.,8.01529907241E-018,4.57383357211E-017)) ;
#6212=DIRECTION('Vector Direction',(0.,0.98498988597,-0.172612063707)) ;
#6223=DIRECTION('Axis2P3D Direction',(1.263891526E-034,-0.999999446648,-0.00105200011683)) ;
#6224=DIRECTION('Axis2P3D XDirection',(-1.,-4.88499782665E-020,4.64353097054E-017)) ;
#6228=DIRECTION('Axis2P3D Direction',(1.263891526E-034,-0.999999446648,-0.00105200011683)) ;
#6229=DIRECTION('Axis2P3D XDirection',(-1.,-4.88499782665E-020,4.64353097054E-017)) ;
#6238=DIRECTION('Axis2P3D Direction',(1.263891526E-034,-0.999999446648,-0.00105200011683)) ;
#6239=DIRECTION('Axis2P3D XDirection',(-1.,-4.88499782665E-020,4.64353097054E-017)) ;
#6249=DIRECTION('Axis2P3D Direction',(1.263891526E-034,-0.999999446648,-0.00105200011683)) ;
#6250=DIRECTION('Axis2P3D XDirection',(-1.,-4.88499782665E-020,4.64353097054E-017)) ;
#6253=DIRECTION('Vector Direction',(0.,0.999999446648,0.00105200011683)) ;
#6257=DIRECTION('Vector Direction',(0.,0.999999446648,0.00105200011683)) ;
#6262=DIRECTION('Vector Direction',(0.,0.999999446648,0.00105200011683)) ;
#6274=DIRECTION('Axis2P3D Direction',(1.263891526E-034,-0.999999446648,-0.00105200011683)) ;
#6275=DIRECTION('Axis2P3D XDirection',(-1.,-4.88499782665E-020,4.64353097054E-017)) ;
#6278=DIRECTION('Vector Direction',(0.,0.999999446648,0.00105200011683)) ;
#6289=DIRECTION('Axis2P3D Direction',(4.62223186653E-033,-0.984624530163,-0.17468409945)) ;
#6290=DIRECTION('Axis2P3D XDirection',(-1.,-8.11151474707E-018,4.57213703017E-017)) ;
#6294=DIRECTION('Axis2P3D Direction',(4.62223186653E-033,-0.984624530163,-0.17468409945)) ;
#6295=DIRECTION('Axis2P3D XDirection',(-1.,-8.11151474707E-018,4.57213703017E-017)) ;
#6304=DIRECTION('Axis2P3D Direction',(4.62223186653E-033,-0.984624530163,-0.17468409945)) ;
#6305=DIRECTION('Axis2P3D XDirection',(-1.,-8.11151474707E-018,4.57213703017E-017)) ;
#6315=DIRECTION('Axis2P3D Direction',(4.62223186653E-033,-0.984624530163,-0.17468409945)) ;
#6316=DIRECTION('Axis2P3D XDirection',(-1.,-8.11151474707E-018,4.57213703017E-017)) ;
#6319=DIRECTION('Vector Direction',(0.,0.984624530163,0.17468409945)) ;
#6323=DIRECTION('Vector Direction',(0.,0.984624530163,0.17468409945)) ;
#6328=DIRECTION('Vector Direction',(0.,0.984624530163,0.17468409945)) ;
#6340=DIRECTION('Axis2P3D Direction',(4.62223186653E-033,-0.984624530163,-0.17468409945)) ;
#6341=DIRECTION('Axis2P3D XDirection',(-1.,-8.11151474707E-018,4.57213703017E-017)) ;
#6344=DIRECTION('Vector Direction',(0.,0.984624530163,0.17468409945)) ;
#6355=DIRECTION('Axis2P3D Direction',(3.08148791102E-033,-0.939332295574,-0.343008510815)) ;
#6356=DIRECTION('Axis2P3D XDirection',(-1.,-1.59277152449E-017,4.36182101975E-017)) ;
#6360=DIRECTION('Axis2P3D Direction',(3.08148791102E-033,-0.939332295574,-0.343008510815)) ;
#6361=DIRECTION('Axis2P3D XDirection',(-1.,-1.59277152449E-017,4.36182101975E-017)) ;
#6370=DIRECTION('Axis2P3D Direction',(3.08148791102E-033,-0.939332295574,-0.343008510815)) ;
#6371=DIRECTION('Axis2P3D XDirection',(-1.,-1.59277152449E-017,4.36182101975E-017)) ;
#6381=DIRECTION('Axis2P3D Direction',(3.08148791102E-033,-0.939332295574,-0.343008510815)) ;
#6382=DIRECTION('Axis2P3D XDirection',(-1.,-1.59277152449E-017,4.36182101975E-017)) ;
#6385=DIRECTION('Vector Direction',(0.,0.939332295574,0.343008510815)) ;
#6389=DIRECTION('Vector Direction',(0.,0.939332295574,0.343008510815)) ;
#6394=DIRECTION('Vector Direction',(0.,0.939332295574,0.343008510815)) ;
#6406=DIRECTION('Axis2P3D Direction',(3.08148791102E-033,-0.939332295574,-0.343008510815)) ;
#6407=DIRECTION('Axis2P3D XDirection',(-1.,-1.59277152449E-017,4.36182101975E-017)) ;
#6410=DIRECTION('Vector Direction',(0.,0.939332295574,0.343008510815)) ;
#6421=DIRECTION('Axis2P3D Direction',(-3.08148791102E-033,-0.865498924509,-0.50091078215)) ;
#6422=DIRECTION('Axis2P3D XDirection',(-1.,-2.32599601749E-017,4.01897328483E-017)) ;
#6426=DIRECTION('Axis2P3D Direction',(-3.08148791102E-033,-0.865498924509,-0.50091078215)) ;
#6427=DIRECTION('Axis2P3D XDirection',(-1.,-2.32599601749E-017,4.01897328483E-017)) ;
#6436=DIRECTION('Axis2P3D Direction',(-3.08148791102E-033,-0.865498924509,-0.50091078215)) ;
#6437=DIRECTION('Axis2P3D XDirection',(-1.,-2.32599601749E-017,4.01897328483E-017)) ;
#6447=DIRECTION('Axis2P3D Direction',(-3.08148791102E-033,-0.865498924509,-0.50091078215)) ;
#6448=DIRECTION('Axis2P3D XDirection',(-1.,-2.32599601749E-017,4.01897328483E-017)) ;
#6451=DIRECTION('Vector Direction',(0.,0.865498924509,0.50091078215)) ;
#6455=DIRECTION('Vector Direction',(0.,0.865498924509,0.50091078215)) ;
#6460=DIRECTION('Vector Direction',(0.,0.865498924509,0.50091078215)) ;
#6472=DIRECTION('Axis2P3D Direction',(-3.08148791102E-033,-0.865498924509,-0.50091078215)) ;
#6473=DIRECTION('Axis2P3D XDirection',(-1.,-2.32599601749E-017,4.01897328483E-017)) ;
#6476=DIRECTION('Vector Direction',(0.,0.865498924509,0.50091078215)) ;
#6487=DIRECTION('Axis2P3D Direction',(6.16297582204E-033,-0.765367806586,-0.643593132842)) ;
#6488=DIRECTION('Axis2P3D XDirection',(-1.,-2.9885462985E-017,3.55401108036E-017)) ;
#6492=DIRECTION('Axis2P3D Direction',(6.16297582204E-033,-0.765367806586,-0.643593132842)) ;
#6493=DIRECTION('Axis2P3D XDirection',(-1.,-2.9885462985E-017,3.55401108036E-017)) ;
#6502=DIRECTION('Axis2P3D Direction',(6.16297582204E-033,-0.765367806586,-0.643593132842)) ;
#6503=DIRECTION('Axis2P3D XDirection',(-1.,-2.9885462985E-017,3.55401108036E-017)) ;
#6513=DIRECTION('Axis2P3D Direction',(6.16297582204E-033,-0.765367806586,-0.643593132842)) ;
#6514=DIRECTION('Axis2P3D XDirection',(-1.,-2.9885462985E-017,3.55401108036E-017)) ;
#6517=DIRECTION('Vector Direction',(0.,0.765367806586,0.643593132842)) ;
#6521=DIRECTION('Vector Direction',(0.,0.765367806586,0.643593132842)) ;
#6526=DIRECTION('Vector Direction',(0.,0.765367806586,0.643593132842)) ;
#6538=DIRECTION('Axis2P3D Direction',(6.16297582204E-033,-0.765367806586,-0.643593132842)) ;
#6539=DIRECTION('Axis2P3D XDirection',(-1.,-2.9885462985E-017,3.55401108036E-017)) ;
#6542=DIRECTION('Vector Direction',(0.,0.765367806586,0.643593132842)) ;
#6553=DIRECTION('Axis2P3D Direction',(6.16297582204E-033,-0.641981375155,-0.766720231867)) ;
#6554=DIRECTION('Axis2P3D XDirection',(-1.,-3.56029111251E-017,2.98106204762E-017)) ;
#6558=DIRECTION('Axis2P3D Direction',(6.16297582204E-033,-0.641981375155,-0.766720231867)) ;
#6559=DIRECTION('Axis2P3D XDirection',(-1.,-3.56029111251E-017,2.98106204762E-017)) ;
#6566=DIRECTION('Axis2P3D Direction',(6.16297582204E-033,-0.641981375155,-0.766720231867)) ;
#6567=DIRECTION('Axis2P3D XDirection',(-1.,-3.56029111251E-017,2.98106204762E-017)) ;
#6574=DIRECTION('Axis2P3D Direction',(6.16297582204E-033,-0.641981375155,-0.766720231867)) ;
#6575=DIRECTION('Axis2P3D XDirection',(-1.,-3.56029111251E-017,2.98106204762E-017)) ;
#6587=DIRECTION('Axis2P3D Direction',(6.16297582204E-033,-0.641981375155,-0.766720231867)) ;
#6588=DIRECTION('Axis2P3D XDirection',(-1.,-3.56029111251E-017,2.98106204762E-017)) ;
#6591=DIRECTION('Vector Direction',(0.,0.641981375155,0.766720231867)) ;
#6595=DIRECTION('Vector Direction',(0.,0.641981375155,0.766720231867)) ;
#6600=DIRECTION('Vector Direction',(0.,0.641981375155,0.766720231867)) ;
#6612=DIRECTION('Axis2P3D Direction',(6.16297582204E-033,-0.641981375155,-0.766720231867)) ;
#6613=DIRECTION('Axis2P3D XDirection',(-1.,-3.56029111251E-017,2.98106204762E-017)) ;
#6616=DIRECTION('Vector Direction',(0.,0.641981375155,0.766720231867)) ;
#6627=DIRECTION('Axis2P3D Direction',(6.16297582204E-033,-0.641981375155,-0.766720231867)) ;
#6628=DIRECTION('Axis2P3D XDirection',(-1.,-3.56029111251E-017,2.98106204762E-017)) ;
#6631=DIRECTION('Vector Direction',(0.,0.641981375155,0.766720231867)) ;
#6642=DIRECTION('Axis2P3D Direction',(-6.16297582204E-033,-0.499088664498,-0.866550924626)) ;
#6643=DIRECTION('Axis2P3D XDirection',(-1.,-4.02385828266E-017,2.31753495305E-017)) ;
#6647=DIRECTION('Axis2P3D Direction',(-6.16297582204E-033,-0.499088664498,-0.866550924626)) ;
#6648=DIRECTION('Axis2P3D XDirection',(-1.,-4.02385828266E-017,2.31753495305E-017)) ;
#6657=DIRECTION('Axis2P3D Direction',(-6.16297582204E-033,-0.499088664498,-0.866550924626)) ;
#6658=DIRECTION('Axis2P3D XDirection',(-1.,-4.02385828266E-017,2.31753495305E-017)) ;
#6668=DIRECTION('Axis2P3D Direction',(-6.16297582204E-033,-0.499088664498,-0.866550924626)) ;
#6669=DIRECTION('Axis2P3D XDirection',(-1.,-4.02385828266E-017,2.31753495305E-017)) ;
#6672=DIRECTION('Vector Direction',(0.,0.499088664498,0.866550924626)) ;
#6676=DIRECTION('Vector Direction',(0.,0.499088664498,0.866550924626)) ;
#6681=DIRECTION('Vector Direction',(0.,0.499088664498,0.866550924626)) ;
#6693=DIRECTION('Axis2P3D Direction',(-6.16297582204E-033,-0.499088664498,-0.866550924626)) ;
#6694=DIRECTION('Axis2P3D XDirection',(-1.,-4.02385828266E-017,2.31753495305E-017)) ;
#6697=DIRECTION('Vector Direction',(0.,0.499088664498,0.866550924626)) ;
#6708=DIRECTION('Axis2P3D Direction',(9.24446373306E-033,-0.341031397321,-0.940051906036)) ;
#6709=DIRECTION('Axis2P3D XDirection',(-1.,-4.36516255506E-017,1.58359073167E-017)) ;
#6713=DIRECTION('Axis2P3D Direction',(9.24446373306E-033,-0.341031397321,-0.940051906036)) ;
#6714=DIRECTION('Axis2P3D XDirection',(-1.,-4.36516255506E-017,1.58359073167E-017)) ;
#6723=DIRECTION('Axis2P3D Direction',(9.24446373306E-033,-0.341031397321,-0.940051906036)) ;
#6724=DIRECTION('Axis2P3D XDirection',(-1.,-4.36516255506E-017,1.58359073167E-017)) ;
#6734=DIRECTION('Axis2P3D Direction',(9.24446373306E-033,-0.341031397321,-0.940051906036)) ;
#6735=DIRECTION('Axis2P3D XDirection',(-1.,-4.36516255506E-017,1.58359073167E-017)) ;
#6738=DIRECTION('Vector Direction',(0.,0.341031397321,0.940051906036)) ;
#6742=DIRECTION('Vector Direction',(0.,0.341031397321,0.940051906036)) ;
#6747=DIRECTION('Vector Direction',(0.,0.341031397321,0.940051906036)) ;
#6759=DIRECTION('Axis2P3D Direction',(9.24446373306E-033,-0.341031397321,-0.940051906036)) ;
#6760=DIRECTION('Axis2P3D XDirection',(-1.,-4.36516255506E-017,1.58359073167E-017)) ;
#6763=DIRECTION('Vector Direction',(0.,0.341031397321,0.940051906036)) ;
#6774=DIRECTION('Axis2P3D Direction',(1.54074395551E-033,-0.172612063707,-0.98498988597)) ;
#6775=DIRECTION('Axis2P3D XDirection',(-1.,-4.57383357211E-017,8.01529907241E-018)) ;
#6779=DIRECTION('Axis2P3D Direction',(1.54074395551E-033,-0.172612063707,-0.98498988597)) ;
#6780=DIRECTION('Axis2P3D XDirection',(-1.,-4.57383357211E-017,8.01529907241E-018)) ;
#6789=DIRECTION('Axis2P3D Direction',(1.54074395551E-033,-0.172612063707,-0.98498988597)) ;
#6790=DIRECTION('Axis2P3D XDirection',(-1.,-4.57383357211E-017,8.01529907241E-018)) ;
#6800=DIRECTION('Axis2P3D Direction',(1.54074395551E-033,-0.172612063707,-0.98498988597)) ;
#6801=DIRECTION('Axis2P3D XDirection',(-1.,-4.57383357211E-017,8.01529907241E-018)) ;
#6804=DIRECTION('Vector Direction',(0.,0.172612063707,0.98498988597)) ;
#6808=DIRECTION('Vector Direction',(0.,0.172612063707,0.98498988597)) ;
#6813=DIRECTION('Vector Direction',(0.,0.172612063707,0.98498988597)) ;
#6825=DIRECTION('Axis2P3D Direction',(1.54074395551E-033,-0.172612063707,-0.98498988597)) ;
#6826=DIRECTION('Axis2P3D XDirection',(-1.,-4.57383357211E-017,8.01529907241E-018)) ;
#6829=DIRECTION('Vector Direction',(0.,0.172612063707,0.98498988597)) ;
#6840=DIRECTION('Axis2P3D Direction',(1.263891526E-034,0.00105200011683,-0.999999446648)) ;
#6841=DIRECTION('Axis2P3D XDirection',(-1.,-4.64353097054E-017,-4.88499782665E-020)) ;
#6845=DIRECTION('Axis2P3D Direction',(1.263891526E-034,0.00105200011683,-0.999999446648)) ;
#6846=DIRECTION('Axis2P3D XDirection',(-1.,-4.64353097054E-017,-4.88499782665E-020)) ;
#6855=DIRECTION('Axis2P3D Direction',(1.263891526E-034,0.00105200011683,-0.999999446648)) ;
#6856=DIRECTION('Axis2P3D XDirection',(-1.,-4.64353097054E-017,-4.88499782665E-020)) ;
#6866=DIRECTION('Axis2P3D Direction',(1.263891526E-034,0.00105200011683,-0.999999446648)) ;
#6867=DIRECTION('Axis2P3D XDirection',(-1.,-4.64353097054E-017,-4.88499782665E-020)) ;
#6870=DIRECTION('Vector Direction',(0.,-0.00105200011683,0.999999446648)) ;
#6874=DIRECTION('Vector Direction',(0.,-0.00105200011683,0.999999446648)) ;
#6879=DIRECTION('Vector Direction',(0.,-0.00105200011683,0.999999446648)) ;
#6891=DIRECTION('Axis2P3D Direction',(1.263891526E-034,0.00105200011683,-0.999999446648)) ;
#6892=DIRECTION('Axis2P3D XDirection',(-1.,-4.64353097054E-017,-4.88499782665E-020)) ;
#6895=DIRECTION('Vector Direction',(0.,-0.00105200011683,0.999999446648)) ;
#6906=DIRECTION('Axis2P3D Direction',(3.08148791102E-033,0.17468409945,-0.984624530163)) ;
#6907=DIRECTION('Axis2P3D XDirection',(-1.,-4.57213703017E-017,-8.11151474707E-018)) ;
#6911=DIRECTION('Axis2P3D Direction',(3.08148791102E-033,0.17468409945,-0.984624530163)) ;
#6912=DIRECTION('Axis2P3D XDirection',(-1.,-4.57213703017E-017,-8.11151474707E-018)) ;
#6921=DIRECTION('Axis2P3D Direction',(3.08148791102E-033,0.17468409945,-0.984624530163)) ;
#6922=DIRECTION('Axis2P3D XDirection',(-1.,-4.57213703017E-017,-8.11151474707E-018)) ;
#6932=DIRECTION('Axis2P3D Direction',(3.08148791102E-033,0.17468409945,-0.984624530163)) ;
#6933=DIRECTION('Axis2P3D XDirection',(-1.,-4.57213703017E-017,-8.11151474707E-018)) ;
#6936=DIRECTION('Vector Direction',(0.,-0.17468409945,0.984624530163)) ;
#6940=DIRECTION('Vector Direction',(0.,-0.17468409945,0.984624530163)) ;
#6945=DIRECTION('Vector Direction',(0.,-0.17468409945,0.984624530163)) ;
#6957=DIRECTION('Axis2P3D Direction',(3.08148791102E-033,0.17468409945,-0.984624530163)) ;
#6958=DIRECTION('Axis2P3D XDirection',(-1.,-4.57213703017E-017,-8.11151474707E-018)) ;
#6961=DIRECTION('Vector Direction',(0.,-0.17468409945,0.984624530163)) ;
#6972=DIRECTION('Axis2P3D Direction',(3.08148791102E-033,0.343008510815,-0.939332295574)) ;
#6973=DIRECTION('Axis2P3D XDirection',(-1.,-4.36182101975E-017,-1.59277152449E-017)) ;
#6977=DIRECTION('Axis2P3D Direction',(3.08148791102E-033,0.343008510815,-0.939332295574)) ;
#6978=DIRECTION('Axis2P3D XDirection',(-1.,-4.36182101975E-017,-1.59277152449E-017)) ;
#6985=DIRECTION('Axis2P3D Direction',(3.08148791102E-033,0.343008510815,-0.939332295574)) ;
#6986=DIRECTION('Axis2P3D XDirection',(-1.,-4.36182101975E-017,-1.59277152449E-017)) ;
#6993=DIRECTION('Axis2P3D Direction',(3.08148791102E-033,0.343008510815,-0.939332295574)) ;
#6994=DIRECTION('Axis2P3D XDirection',(-1.,-4.36182101975E-017,-1.59277152449E-017)) ;
#7006=DIRECTION('Axis2P3D Direction',(3.08148791102E-033,0.343008510815,-0.939332295574)) ;
#7007=DIRECTION('Axis2P3D XDirection',(-1.,-4.36182101975E-017,-1.59277152449E-017)) ;
#7010=DIRECTION('Vector Direction',(0.,-0.343008510815,0.939332295574)) ;
#7014=DIRECTION('Vector Direction',(0.,-0.343008510815,0.939332295574)) ;
#7019=DIRECTION('Vector Direction',(0.,-0.343008510815,0.939332295574)) ;
#7031=DIRECTION('Axis2P3D Direction',(3.08148791102E-033,0.343008510815,-0.939332295574)) ;
#7032=DIRECTION('Axis2P3D XDirection',(-1.,-4.36182101975E-017,-1.59277152449E-017)) ;
#7035=DIRECTION('Vector Direction',(0.,-0.343008510815,0.939332295574)) ;
#7046=DIRECTION('Axis2P3D Direction',(3.08148791102E-033,0.343008510815,-0.939332295574)) ;
#7047=DIRECTION('Axis2P3D XDirection',(-1.,-4.36182101975E-017,-1.59277152449E-017)) ;
#7050=DIRECTION('Vector Direction',(0.,-0.343008510815,0.939332295574)) ;
#7072=DIRECTION('NONE',(1.,0.,0.)) ;
#7073=DIRECTION('NONE',(0.,0.,1.)) ;
#7074=DIRECTION('NONE',(1.,0.,0.)) ;
#7075=DIRECTION('NONE',(0.,0.,1.)) ;
#7088=DIRECTION('Axis2P3D Direction',(1.,0.,0.)) ;
#7089=DIRECTION('Axis2P3D XDirection',(0.,0.87758256189,0.479425538604)) ;
#7093=DIRECTION('Axis2P3D Direction',(1.,0.,0.)) ;
#7102=DIRECTION('Vector Direction',(1.,0.,0.)) ;
#7109=DIRECTION('Axis2P3D Direction',(1.,0.,0.)) ;
#7116=DIRECTION('Vector Direction',(1.,0.,0.)) ;
#7128=DIRECTION('Axis2P3D Direction',(1.,0.,0.)) ;
#7133=DIRECTION('Axis2P3D Direction',(1.,0.,0.)) ;
#7145=DIRECTION('Axis2P3D Direction',(1.,0.,0.)) ;
#7146=DIRECTION('Axis2P3D XDirection',(0.,1.,0.)) ;
#7155=DIRECTION('Axis2P3D Direction',(1.,0.,0.)) ;
#7156=DIRECTION('Axis2P3D XDirection',(0.,1.,0.)) ;
#7176=DIRECTION('NONE',(1.,0.,0.)) ;
#7177=DIRECTION('NONE',(0.,0.,1.)) ;
#7178=DIRECTION('NONE',(1.,0.,0.)) ;
#7179=DIRECTION('NONE',(0.,0.,1.)) ;
#7192=DIRECTION('Axis2P3D Direction',(-0.014920263113,-0.999888686679,2.08166817117E-017)) ;
#7193=DIRECTION('Axis2P3D XDirection',(-0.291990752373,0.0043570638512,0.956411217272)) ;
#7197=DIRECTION('Vector Direction',(-0.956304755963,0.0142699070059,0.292023258451)) ;
#7206=DIRECTION('Vector Direction',(-0.291990752373,0.0043570638512,-0.956411217272)) ;
#7227=DIRECTION('Axis2P3D Direction',(-0.956304755963,0.0142699070059,0.292023258451)) ;
#7228=DIRECTION('Axis2P3D XDirection',(0.014920263113,0.999888686679,-6.64119963886E-016)) ;
#7232=DIRECTION('Axis2P3D Direction',(-0.956304755963,0.0142699070059,0.292023258451)) ;
#7288=DIRECTION('Vector Direction',(-0.956304755963,0.0142699070059,0.292023258451)) ;
#7337=DIRECTION('Axis2P3D Direction',(-0.956304755963,0.0142699070059,0.292023258451)) ;
#7338=DIRECTION('Axis2P3D XDirection',(0.014920263113,0.999888686679,2.08166817117E-017)) ;
#7361=DIRECTION('Vector Direction',(-0.292032994429,0.00144307715448,-0.956407155815)) ;
#7384=DIRECTION('Axis2P3D Direction',(1.,0.,0.)) ;
#7385=DIRECTION('Axis2P3D XDirection',(0.,0.87758256189,0.479425538604)) ;
#7389=DIRECTION('Axis2P3D Direction',(1.,0.,0.)) ;
#7398=DIRECTION('Vector Direction',(1.,0.,0.)) ;
#7405=DIRECTION('Axis2P3D Direction',(1.,0.,0.)) ;
#7412=DIRECTION('Vector Direction',(1.,0.,0.)) ;
#7419=DIRECTION('Axis2P3D Direction',(1.,0.,0.)) ;
#7426=DIRECTION('Axis2P3D Direction',(1.,0.,0.)) ;
#7433=DIRECTION('Vector Direction',(1.,0.,0.)) ;
#7440=DIRECTION('Axis2P3D Direction',(1.,0.,0.)) ;
#7447=DIRECTION('Vector Direction',(1.,0.,0.)) ;
#7454=DIRECTION('Axis2P3D Direction',(1.,0.,0.)) ;
#7461=DIRECTION('Vector Direction',(1.,0.,0.)) ;
#7468=DIRECTION('Axis2P3D Direction',(1.,0.,0.)) ;
#7481=DIRECTION('Vector Direction',(1.,0.,0.)) ;
#7506=DIRECTION('Axis2P3D Direction',(-0.014920263113,-0.999888686679,2.08166817117E-017)) ;
#7507=DIRECTION('Axis2P3D XDirection',(-0.291990752373,0.0043570638512,0.956411217272)) ;
#7511=DIRECTION('Vector Direction',(-2.3415525687E-015,0.,1.)) ;
#7522=DIRECTION('Axis2P3D Direction',(1.,0.,0.)) ;
#7531=DIRECTION('Vector Direction',(1.,0.,0.)) ;
#7538=DIRECTION('Axis2P3D Direction',(1.,0.,0.)) ;
#7543=DIRECTION('Axis2P3D Direction',(1.,0.,0.)) ;
#7550=DIRECTION('Vector Direction',(1.,0.,0.)) ;
#7557=DIRECTION('Axis2P3D Direction',(1.,0.,0.)) ;
#7564=DIRECTION('Axis2P3D Direction',(1.,0.,0.)) ;
#7571=DIRECTION('Vector Direction',(1.,0.,0.)) ;
#7578=DIRECTION('Axis2P3D Direction',(1.,0.,0.)) ;
#7583=DIRECTION('Axis2P3D Direction',(1.,0.,0.)) ;
#7590=DIRECTION('Vector Direction',(1.,0.,0.)) ;
#7688=DIRECTION('Axis2P3D Direction',(1.,0.,0.)) ;
#7689=DIRECTION('Axis2P3D XDirection',(0.,1.,0.)) ;
#7693=DIRECTION('Vector Direction',(0.,-1.,0.)) ;
#7700=DIRECTION('Vector Direction',(0.,0.,-1.)) ;
#7707=DIRECTION('Vector Direction',(0.,1.,0.)) ;
#7712=DIRECTION('Vector Direction',(0.,-1.,0.)) ;
#7719=DIRECTION('Vector Direction',(0.,0.,-1.)) ;
#7726=DIRECTION('Vector Direction',(0.,1.,0.)) ;
#7744=DIRECTION('Axis2P3D Direction',(-0.,0.,1.)) ;
#7745=DIRECTION('Axis2P3D XDirection',(0.,-1.,0.)) ;
#7749=DIRECTION('Vector Direction',(1.,0.,0.)) ;
#7756=DIRECTION('Vector Direction',(0.,1.,0.)) ;
#7768=DIRECTION('Axis2P3D Direction',(-1.,0.,0.)) ;
#7769=DIRECTION('Axis2P3D XDirection',(0.,-1.,0.)) ;
#7773=DIRECTION('Vector Direction',(0.,0.,-1.)) ;
#7780=DIRECTION('Vector Direction',(0.,-1.,0.)) ;
#7793=DIRECTION('Axis2P3D Direction',(0.,0.,-1.)) ;
#7794=DIRECTION('Axis2P3D XDirection',(0.,1.,0.)) ;
#7798=DIRECTION('Vector Direction',(1.,0.,0.)) ;
#7810=DIRECTION('Axis2P3D Direction',(0.,-1.,0.)) ;
#7811=DIRECTION('Axis2P3D XDirection',(0.,0.,1.)) ;
#7815=DIRECTION('Vector Direction',(0.,0.,1.)) ;
#7822=DIRECTION('Vector Direction',(-1.,0.,0.)) ;
#7829=DIRECTION('Vector Direction',(0.,0.,1.)) ;
#7841=DIRECTION('Axis2P3D Direction',(1.,0.,0.)) ;
#7842=DIRECTION('Axis2P3D XDirection',(0.,1.,0.)) ;
#7846=DIRECTION('Vector Direction',(1.,0.,0.)) ;
#7855=DIRECTION('Axis2P3D Direction',(1.,0.,0.)) ;
#7860=DIRECTION('Axis2P3D Direction',(1.,0.,0.)) ;
#7899=DIRECTION('Axis2P3D Direction',(0.,0.999998861684,-0.00150885060095)) ;
#7900=DIRECTION('Axis2P3D XDirection',(-0.,-0.00150885060095,-0.999998861684)) ;
#7904=DIRECTION('Vector Direction',(0.292032994429,-0.00144307715448,-0.956407155815)) ;
#7909=DIRECTION('Vector Direction',(0.,-0.00150885060095,-0.999998861684)) ;
#7921=DIRECTION('Axis2P3D Direction',(1.,0.,0.)) ;
#7922=DIRECTION('Axis2P3D XDirection',(0.,1.,0.)) ;
#7926=DIRECTION('Vector Direction',(0.,0.,1.)) ;
#7967=DIRECTION('Vector Direction',(1.,0.,0.)) ;
#7974=DIRECTION('Vector Direction',(0.,1.,0.)) ;
#7986=DIRECTION('Vector Direction',(0.,0.,-1.)) ;
#7993=DIRECTION('Vector Direction',(0.,-1.,0.)) ;
#8006=DIRECTION('Vector Direction',(1.,0.,0.)) ;
#8018=DIRECTION('Axis2P3D Direction',(0.956304755963,-0.0142699070059,0.292023258451)) ;
#8019=DIRECTION('Axis2P3D XDirection',(0.014920263113,0.999888686679,-2.08166817117E-017)) ;
#8023=DIRECTION('Axis2P3D Direction',(0.956304755963,-0.0142699070059,0.292023258451)) ;
#8030=DIRECTION('Vector Direction',(-0.291990752373,0.0043570638512,0.956411217272)) ;
#8043=DIRECTION('Vector Direction',(-0.956304755963,0.0142699070059,-0.292023258451)) ;
#8054=DIRECTION('Axis2P3D Direction',(0.956304755963,-0.0142699070059,0.292023258451)) ;
#8055=DIRECTION('Axis2P3D XDirection',(0.014920263113,0.999888686679,6.64119963886E-016)) ;
#8059=DIRECTION('Vector Direction',(0.956304755963,-0.0142699070059,0.292023258451)) ;
#8079=DIRECTION('Axis2P3D Direction',(0.,-1.,0.)) ;
#8080=DIRECTION('Axis2P3D XDirection',(0.,-0.,-1.)) ;
#8091=DIRECTION('Axis2P3D Direction',(0.,-1.,0.)) ;
#8092=DIRECTION('Axis2P3D XDirection',(0.,0.,-1.)) ;
#8103=DIRECTION('Vector Direction',(0.,0.,-1.)) ;
#8110=DIRECTION('Axis2P3D Direction',(1.,0.,0.)) ;
#8123=DIRECTION('Axis2P3D Direction',(-1.,0.,0.)) ;
#8124=DIRECTION('Axis2P3D XDirection',(0.,1.,0.)) ;
#8128=DIRECTION('Vector Direction',(-1.,0.,0.)) ;
#8135=DIRECTION('Axis2P3D Direction',(-1.,0.,0.)) ;
#8142=DIRECTION('Vector Direction',(-1.,0.,0.)) ;
#8156=DIRECTION('Vector Direction',(0.,0.,-1.)) ;
#8168=DIRECTION('Axis2P3D Direction',(-0.,-0.999998861684,-0.00150885060095)) ;
#8169=DIRECTION('Axis2P3D XDirection',(-0.,-0.00150885060095,0.999998861684)) ;
#8173=DIRECTION('Vector Direction',(0.,-0.00150885060095,0.999998861684)) ;
#8185=DIRECTION('Axis2P3D Direction',(1.,0.,0.)) ;
#8186=DIRECTION('Axis2P3D XDirection',(0.,1.,0.)) ;
#8214=DIRECTION('NONE',(1.,0.,0.)) ;
#8215=DIRECTION('NONE',(0.,0.,1.)) ;
#8216=DIRECTION('NONE',(1.,0.,0.)) ;
#8217=DIRECTION('NONE',(0.,0.,1.)) ;
#8230=DIRECTION('Axis2P3D Direction',(1.,0.,0.)) ;
#8231=DIRECTION('Axis2P3D XDirection',(0.,0.87758256189,0.479425538604)) ;
#8235=DIRECTION('Axis2P3D Direction',(1.,0.,0.)) ;
#8244=DIRECTION('Vector Direction',(1.,0.,0.)) ;
#8251=DIRECTION('Axis2P3D Direction',(1.,0.,0.)) ;
#8258=DIRECTION('Vector Direction',(1.,0.,0.)) ;
#8270=DIRECTION('Axis2P3D Direction',(1.,0.,0.)) ;
#8275=DIRECTION('Axis2P3D Direction',(1.,0.,0.)) ;
#8287=DIRECTION('Axis2P3D Direction',(1.,0.,0.)) ;
#8288=DIRECTION('Axis2P3D XDirection',(0.,1.,0.)) ;
#8297=DIRECTION('Axis2P3D Direction',(1.,0.,0.)) ;
#8298=DIRECTION('Axis2P3D XDirection',(0.,0.87758256189,0.479425538604)) ;
#8302=DIRECTION('Axis2P3D Direction',(1.,0.,0.)) ;
#8311=DIRECTION('Vector Direction',(0.89595378749,0.389775912138,0.212935551282)) ;
#8316=DIRECTION('Vector Direction',(0.89595378749,-0.389775912138,-0.212935551282)) ;
#8323=DIRECTION('Axis2P3D Direction',(1.,0.,0.)) ;
#8371=DIRECTION('Axis2P3D Direction',(1.,0.,0.)) ;
#8372=DIRECTION('Axis2P3D XDirection',(0.,0.87758256189,0.479425538604)) ;
#8376=DIRECTION('Axis2P3D Direction',(1.,0.,0.)) ;
#8385=DIRECTION('Vector Direction',(1.,0.,0.)) ;
#8390=DIRECTION('Vector Direction',(1.,0.,0.)) ;
#8402=DIRECTION('Vector Direction',(1.,0.,0.)) ;
#8409=DIRECTION('Axis2P3D Direction',(1.,0.,0.)) ;
#8416=DIRECTION('Vector Direction',(1.,0.,0.)) ;
#8428=DIRECTION('Axis2P3D Direction',(0.,-0.,1.)) ;
#8429=DIRECTION('Axis2P3D XDirection',(0.,1.,0.)) ;
#8433=DIRECTION('Vector Direction',(-1.,0.,0.)) ;
#8440=DIRECTION('Vector Direction',(0.,1.,0.)) ;
#8452=DIRECTION('Axis2P3D Direction',(0.,1.,0.)) ;
#8453=DIRECTION('Axis2P3D XDirection',(0.,0.,-1.)) ;
#8457=DIRECTION('Vector Direction',(-1.,0.,0.)) ;
#8464=DIRECTION('Vector Direction',(0.,0.,-1.)) ;
#8476=DIRECTION('Axis2P3D Direction',(0.,-0.,1.)) ;
#8477=DIRECTION('Axis2P3D XDirection',(0.,1.,0.)) ;
#8481=DIRECTION('Vector Direction',(0.,1.,0.)) ;
#8493=DIRECTION('Axis2P3D Direction',(1.,0.,0.)) ;
#8494=DIRECTION('Axis2P3D XDirection',(0.,1.,0.)) ;
#8498=DIRECTION('Axis2P3D Direction',(1.,0.,0.)) ;
#8505=DIRECTION('Axis2P3D Direction',(1.,0.,0.)) ;
#8512=DIRECTION('Vector Direction',(0.,-1.,0.)) ;
#8519=DIRECTION('Vector Direction',(0.,0.,-1.)) ;
#8526=DIRECTION('Vector Direction',(0.,-1.,0.)) ;
#8544=DIRECTION('Axis2P3D Direction',(1.,0.,0.)) ;
#8551=DIRECTION('Axis2P3D Direction',(1.,0.,0.)) ;
#8599=DIRECTION('Vector Direction',(1.,0.,0.)) ;
#8611=DIRECTION('Vector Direction',(1.,0.,0.)) ;
#8623=DIRECTION('Vector Direction',(-1.,0.,0.)) ;
#8635=DIRECTION('Axis2P3D Direction',(0.,1.,0.)) ;
#8636=DIRECTION('Axis2P3D XDirection',(0.,-0.,-1.)) ;
#8640=DIRECTION('Vector Direction',(-1.,0.,0.)) ;
#8670=DIRECTION('NONE',(1.,0.,0.)) ;
#8671=DIRECTION('NONE',(0.,0.,1.)) ;
#8672=DIRECTION('NONE',(1.,0.,0.)) ;
#8673=DIRECTION('NONE',(0.,0.,1.)) ;
#8686=DIRECTION('Axis2P3D Direction',(1.,0.,0.)) ;
#8687=DIRECTION('Axis2P3D XDirection',(0.,0.87758256189,0.479425538604)) ;
#8691=DIRECTION('Axis2P3D Direction',(1.,0.,0.)) ;
#8700=DIRECTION('Vector Direction',(1.,0.,0.)) ;
#8707=DIRECTION('Axis2P3D Direction',(1.,0.,0.)) ;
#8714=DIRECTION('Vector Direction',(1.,0.,0.)) ;
#8726=DIRECTION('Axis2P3D Direction',(1.,0.,0.)) ;
#8731=DIRECTION('Axis2P3D Direction',(1.,0.,0.)) ;
#8743=DIRECTION('Axis2P3D Direction',(1.,0.,0.)) ;
#8744=DIRECTION('Axis2P3D XDirection',(0.,1.,0.)) ;
#8753=DIRECTION('Axis2P3D Direction',(1.,0.,0.)) ;
#8754=DIRECTION('Axis2P3D XDirection',(0.,1.,0.)) ;
#8774=DIRECTION('NONE',(1.,0.,0.)) ;
#8775=DIRECTION('NONE',(0.,0.,1.)) ;
#8776=DIRECTION('NONE',(1.,0.,0.)) ;
#8777=DIRECTION('NONE',(0.,0.,1.)) ;
#8790=DIRECTION('Axis2P3D Direction',(-1.,-0.,-0.)) ;
#8791=DIRECTION('Axis2P3D XDirection',(0.,0.87758256189,0.479425538604)) ;
#8795=DIRECTION('Axis2P3D Direction',(-1.,0.,0.)) ;
#8804=DIRECTION('Vector Direction',(-0.992546151641,0.106950410601,0.0584272756014)) ;
#8811=DIRECTION('Axis2P3D Direction',(-1.,0.,0.)) ;
#8818=DIRECTION('Vector Direction',(-0.992546151641,-0.106950410601,-0.0584272756014)) ;
#8830=DIRECTION('Axis2P3D Direction',(-1.,0.,0.)) ;
#8835=DIRECTION('Axis2P3D Direction',(-1.,0.,0.)) ;
#8847=DIRECTION('Axis2P3D Direction',(1.,0.,0.)) ;
#8848=DIRECTION('Axis2P3D XDirection',(0.,1.,0.)) ;
#8857=DIRECTION('Axis2P3D Direction',(1.,0.,0.)) ;
#8858=DIRECTION('Axis2P3D XDirection',(0.,1.,0.)) ;
#8878=DIRECTION('NONE',(1.,0.,0.)) ;
#8879=DIRECTION('NONE',(0.,0.,1.)) ;
#8880=DIRECTION('NONE',(-1.,0.,0.)) ;
#8881=DIRECTION('NONE',(0.,0.838386232233,-0.545076623606)) ;
#8894=DIRECTION('Axis2P3D Direction',(-1.,-0.,-0.)) ;
#8895=DIRECTION('Axis2P3D XDirection',(0.,0.87758256189,0.479425538604)) ;
#8899=DIRECTION('Axis2P3D Direction',(-1.,0.,0.)) ;
#8908=DIRECTION('Vector Direction',(-0.992546151641,0.106950410601,0.0584272756014)) ;
#8915=DIRECTION('Axis2P3D Direction',(-1.,0.,0.)) ;
#8922=DIRECTION('Vector Direction',(-0.992546151641,-0.106950410601,-0.0584272756014)) ;
#8934=DIRECTION('Axis2P3D Direction',(-1.,0.,0.)) ;
#8939=DIRECTION('Axis2P3D Direction',(-1.,0.,0.)) ;
#8951=DIRECTION('Axis2P3D Direction',(1.,0.,0.)) ;
#8952=DIRECTION('Axis2P3D XDirection',(0.,1.,0.)) ;
#8961=DIRECTION('Axis2P3D Direction',(1.,0.,0.)) ;
#8962=DIRECTION('Axis2P3D XDirection',(0.,1.,0.)) ;
#8982=DIRECTION('NONE',(1.,0.,0.)) ;
#8983=DIRECTION('NONE',(0.,0.,1.)) ;
#8984=DIRECTION('NONE',(-1.,1.17015941222E-017,-7.46094427252E-018)) ;
#8985=DIRECTION('NONE',(1.38777878078E-017,0.843188718855,-0.537617693529)) ;
#8998=DIRECTION('Axis2P3D Direction',(-1.,-0.,-0.)) ;
#8999=DIRECTION('Axis2P3D XDirection',(0.,0.87758256189,0.479425538604)) ;
#9003=DIRECTION('Vector Direction',(-0.992546151641,0.106950410601,0.0584272756014)) ;
#9012=DIRECTION('Axis2P3D Direction',(-1.,0.,0.)) ;
#9019=DIRECTION('Vector Direction',(-0.992546151641,-0.106950410601,-0.0584272756014)) ;
#9030=DIRECTION('Axis2P3D Direction',(-1.,0.,0.)) ;
#9041=DIRECTION('Axis2P3D Direction',(1.,0.,0.)) ;
#9042=DIRECTION('Axis2P3D XDirection',(0.,1.,0.)) ;
#9062=DIRECTION('NONE',(1.,0.,0.)) ;
#9063=DIRECTION('NONE',(0.,0.,1.)) ;
#9064=DIRECTION('NONE',(-1.,1.17015941222E-017,-2.77555756156E-017)) ;
#9065=DIRECTION('NONE',(2.55309102041E-017,0.818234168734,-0.574885071223)) ;
#9078=DIRECTION('Axis2P3D Direction',(1.,-0.,-0.)) ;
#9079=DIRECTION('Axis2P3D XDirection',(0.,0.87758256189,-0.479425538604)) ;
#9083=DIRECTION('Vector Direction',(0.0333054077821,-0.877095697529,0.479159563391)) ;
#9092=DIRECTION('Axis2P3D Direction',(1.,-0.,0.)) ;
#9099=DIRECTION('Vector Direction',(0.0333054077821,0.877095697529,-0.479159563391)) ;
#9110=DIRECTION('Axis2P3D Direction',(1.,-0.,0.)) ;
#9121=DIRECTION('Axis2P3D Direction',(-1.,0.,0.)) ;
#9122=DIRECTION('Axis2P3D XDirection',(0.,0.87758256189,-0.479425538604)) ;
#9126=DIRECTION('Vector Direction',(-0.992546151641,-0.106950410601,0.0584272756014)) ;
#9133=DIRECTION('Axis2P3D Direction',(-1.,0.,0.)) ;
#9140=DIRECTION('Vector Direction',(-0.992546151641,0.106950410601,-0.0584272756014)) ;
#9152=DIRECTION('Axis2P3D Direction',(-1.,0.,0.)) ;
#9164=DIRECTION('Axis2P3D Direction',(-1.,0.,0.)) ;
#9165=DIRECTION('Axis2P3D XDirection',(0.,0.87758256189,-0.479425538604)) ;
#9169=DIRECTION('Vector Direction',(-0.0191453069158,-0.877421711375,0.479337665567)) ;
#9176=DIRECTION('Vector Direction',(-0.0191453069158,0.877421711375,-0.479337665567)) ;
#9204=DIRECTION('NONE',(1.,0.,0.)) ;
#9205=DIRECTION('NONE',(0.,0.,1.)) ;
#9206=DIRECTION('NONE',(-1.,1.17015941222E-017,-8.67361737988E-018)) ;
#9207=DIRECTION('NONE',(8.67361737988E-018,2.45892490202E-020,-1.)) ;
#66=AXIS2_PLACEMENT_3D('Plane Axis2P3D',#63,#64,#65) ;
#106=AXIS2_PLACEMENT_3D('Plane Axis2P3D',#103,#104,#105) ;
#153=AXIS2_PLACEMENT_3D('Plane Axis2P3D',#150,#151,#152) ;
#200=AXIS2_PLACEMENT_3D('Plane Axis2P3D',#197,#198,#199) ;
#222=AXIS2_PLACEMENT_3D('Plane Axis2P3D',#219,#220,#221) ;
#239=AXIS2_PLACEMENT_3D('Plane Axis2P3D',#236,#237,#238) ;
#256=AXIS2_PLACEMENT_3D('Cylinder Axis2P3D',#253,#254,#255) ;
#260=AXIS2_PLACEMENT_3D('Circle Axis2P3D',#258,#259,$) ;
#276=AXIS2_PLACEMENT_3D('Circle Axis2P3D',#274,#275,$) ;
#456=AXIS2_PLACEMENT_3D('Plane Axis2P3D',#453,#454,#455) ;
#460=AXIS2_PLACEMENT_3D('Circle Axis2P3D',#458,#459,$) ;
#474=AXIS2_PLACEMENT_3D('Circle Axis2P3D',#472,#473,$) ;
#481=AXIS2_PLACEMENT_3D('Circle Axis2P3D',#479,#480,$) ;
#511=AXIS2_PLACEMENT_3D('Circle Axis2P3D',#509,#510,$) ;
#683=AXIS2_PLACEMENT_3D('Plane Axis2P3D',#680,#681,#682) ;
#708=AXIS2_PLACEMENT_3D('Circle Axis2P3D',#706,#707,$) ;
#736=AXIS2_PLACEMENT_3D('Circle Axis2P3D',#734,#735,$) ;
#764=AXIS2_PLACEMENT_3D('Circle Axis2P3D',#762,#763,$) ;
#771=AXIS2_PLACEMENT_3D('Circle Axis2P3D',#769,#770,$) ;
#799=AXIS2_PLACEMENT_3D('Circle Axis2P3D',#797,#798,$) ;
#827=AXIS2_PLACEMENT_3D('Circle Axis2P3D',#825,#826,$) ;
#883=AXIS2_PLACEMENT_3D('Plane Axis2P3D',#880,#881,#882) ;
#942=AXIS2_PLACEMENT_3D('Cylinder Axis2P3D',#939,#940,#941) ;
#946=AXIS2_PLACEMENT_3D('Circle Axis2P3D',#944,#945,$) ;
#965=AXIS2_PLACEMENT_3D('Circle Axis2P3D',#963,#964,$) ;
#985=AXIS2_PLACEMENT_3D('Plane Axis2P3D',#982,#983,#984) ;
#1066=AXIS2_PLACEMENT_3D('Plane Axis2P3D',#1063,#1064,#1065) ;
#1093=AXIS2_PLACEMENT_3D('Plane Axis2P3D',#1090,#1091,#1092) ;
#1226=AXIS2_PLACEMENT_3D('Circle Axis2P3D',#1224,#1225,$) ;
#1528=AXIS2_PLACEMENT_3D('Plane Axis2P3D',#1525,#1526,#1527) ;
#1594=AXIS2_PLACEMENT_3D('Plane Axis2P3D',#1591,#1592,#1593) ;
#1621=AXIS2_PLACEMENT_3D('Plane Axis2P3D',#1618,#1619,#1620) ;
#1754=AXIS2_PLACEMENT_3D('Circle Axis2P3D',#1752,#1753,$) ;
#2056=AXIS2_PLACEMENT_3D('Plane Axis2P3D',#2053,#2054,#2055) ;
#2122=AXIS2_PLACEMENT_3D('Plane Axis2P3D',#2119,#2120,#2121) ;
#2149=AXIS2_PLACEMENT_3D('Plane Axis2P3D',#2146,#2147,#2148) ;
#2268=AXIS2_PLACEMENT_3D('Circle Axis2P3D',#2266,#2267,$) ;
#2423=AXIS2_PLACEMENT_3D('Circle Axis2P3D',#2421,#2422,$) ;
#2603=AXIS2_PLACEMENT_3D('Plane Axis2P3D',#2600,#2601,#2602) ;
#2669=AXIS2_PLACEMENT_3D('Plane Axis2P3D',#2666,#2667,#2668) ;
#2696=AXIS2_PLACEMENT_3D('Plane Axis2P3D',#2693,#2694,#2695) ;
#2820=AXIS2_PLACEMENT_3D('Circle Axis2P3D',#2818,#2819,$) ;
#3164=AXIS2_PLACEMENT_3D('Plane Axis2P3D',#3161,#3162,#3163) ;
#3276=AXIS2_PLACEMENT_3D('Plane Axis2P3D',#3273,#3274,#3275) ;
#3358=AXIS2_PLACEMENT_3D('Plane Axis2P3D',#3355,#3356,#3357) ;
#3378=AXIS2_PLACEMENT_3D('Cone Axis2P3D',#3375,#3376,#3377) ;
#3382=AXIS2_PLACEMENT_3D('Circle Axis2P3D',#3380,#3381,$) ;
#3387=AXIS2_PLACEMENT_3D('Circle Axis2P3D',#3385,#3386,$) ;
#3392=AXIS2_PLACEMENT_3D('Circle Axis2P3D',#3390,#3391,$) ;
#3406=AXIS2_PLACEMENT_3D('Circle Axis2P3D',#3404,#3405,$) ;
#3437=AXIS2_PLACEMENT_3D('Circle Axis2P3D',#3435,#3436,$) ;
#3442=AXIS2_PLACEMENT_3D('Circle Axis2P3D',#3440,#3441,$) ;
#3447=AXIS2_PLACEMENT_3D('Circle Axis2P3D',#3445,#3446,$) ;
#3452=AXIS2_PLACEMENT_3D('Circle Axis2P3D',#3450,#3451,$) ;
#3476=AXIS2_PLACEMENT_3D('Circle Axis2P3D',#3474,#3475,$) ;
#3495=AXIS2_PLACEMENT_3D('Circle Axis2P3D',#3493,#3494,$) ;
#3514=AXIS2_PLACEMENT_3D('Circle Axis2P3D',#3512,#3513,$) ;
#3521=AXIS2_PLACEMENT_3D('Circle Axis2P3D',#3519,#3520,$) ;
#3554=AXIS2_PLACEMENT_3D('Circle Axis2P3D',#3552,#3553,$) ;
#3573=AXIS2_PLACEMENT_3D('Circle Axis2P3D',#3571,#3572,$) ;
#3578=AXIS2_PLACEMENT_3D('Circle Axis2P3D',#3576,#3577,$) ;
#3598=AXIS2_PLACEMENT_3D('Plane Axis2P3D',#3595,#3596,#3597) ;
#3608=AXIS2_PLACEMENT_3D('Plane Axis2P3D',#3605,#3606,#3607) ;
#3630=AXIS2_PLACEMENT_3D('Plane Axis2P3D',#3627,#3628,#3629) ;
#3691=AXIS2_PLACEMENT_3D('Plane Axis2P3D',#3688,#3689,#3690) ;
#3713=AXIS2_PLACEMENT_3D('Plane Axis2P3D',#3710,#3711,#3712) ;
#3725=AXIS2_PLACEMENT_3D('Plane Axis2P3D',#3722,#3723,#3724) ;
#3742=AXIS2_PLACEMENT_3D('Plane Axis2P3D',#3739,#3740,#3741) ;
#3764=AXIS2_PLACEMENT_3D('Plane Axis2P3D',#3761,#3762,#3763) ;
#3825=AXIS2_PLACEMENT_3D('Plane Axis2P3D',#3822,#3823,#3824) ;
#3847=AXIS2_PLACEMENT_3D('Plane Axis2P3D',#3844,#3845,#3846) ;
#3859=AXIS2_PLACEMENT_3D('Plane Axis2P3D',#3856,#3857,#3858) ;
#3871=AXIS2_PLACEMENT_3D('Plane Axis2P3D',#3868,#3869,#3870) ;
#3893=AXIS2_PLACEMENT_3D('Plane Axis2P3D',#3890,#3891,#3892) ;
#3954=AXIS2_PLACEMENT_3D('Plane Axis2P3D',#3951,#3952,#3953) ;
#3976=AXIS2_PLACEMENT_3D('Plane Axis2P3D',#3973,#3974,#3975) ;
#3988=AXIS2_PLACEMENT_3D('Plane Axis2P3D',#3985,#3986,#3987) ;
#4000=AXIS2_PLACEMENT_3D('Plane Axis2P3D',#3997,#3998,#3999) ;
#4022=AXIS2_PLACEMENT_3D('Plane Axis2P3D',#4019,#4020,#4021) ;
#4083=AXIS2_PLACEMENT_3D('Plane Axis2P3D',#4080,#4081,#4082) ;
#4105=AXIS2_PLACEMENT_3D('Plane Axis2P3D',#4102,#4103,#4104) ;
#4117=AXIS2_PLACEMENT_3D('Plane Axis2P3D',#4114,#4115,#4116) ;
#4129=AXIS2_PLACEMENT_3D('Plane Axis2P3D',#4126,#4127,#4128) ;
#4151=AXIS2_PLACEMENT_3D('Plane Axis2P3D',#4148,#4149,#4150) ;
#4212=AXIS2_PLACEMENT_3D('Plane Axis2P3D',#4209,#4210,#4211) ;
#4234=AXIS2_PLACEMENT_3D('Plane Axis2P3D',#4231,#4232,#4233) ;
#4246=AXIS2_PLACEMENT_3D('Plane Axis2P3D',#4243,#4244,#4245) ;
#4549=AXIS2_PLACEMENT_3D('Plane Axis2P3D',#4546,#4547,#4548) ;
#4554=AXIS2_PLACEMENT_3D('Ellipse Axis2P3D',#4551,#4552,#4553) ;
#4564=AXIS2_PLACEMENT_3D('Ellipse Axis2P3D',#4561,#4562,#4563) ;
#4575=AXIS2_PLACEMENT_3D('Ellipse Axis2P3D',#4572,#4573,#4574) ;
#4600=AXIS2_PLACEMENT_3D('Ellipse Axis2P3D',#4597,#4598,#4599) ;
#4615=AXIS2_PLACEMENT_3D('Plane Axis2P3D',#4612,#4613,#4614) ;
#4620=AXIS2_PLACEMENT_3D('Ellipse Axis2P3D',#4617,#4618,#4619) ;
#4630=AXIS2_PLACEMENT_3D('Ellipse Axis2P3D',#4627,#4628,#4629) ;
#4641=AXIS2_PLACEMENT_3D('Ellipse Axis2P3D',#4638,#4639,#4640) ;
#4666=AXIS2_PLACEMENT_3D('Ellipse Axis2P3D',#4663,#4664,#4665) ;
#4681=AXIS2_PLACEMENT_3D('Plane Axis2P3D',#4678,#4679,#4680) ;
#4686=AXIS2_PLACEMENT_3D('Ellipse Axis2P3D',#4683,#4684,#4685) ;
#4696=AXIS2_PLACEMENT_3D('Ellipse Axis2P3D',#4693,#4694,#4695) ;
#4707=AXIS2_PLACEMENT_3D('Ellipse Axis2P3D',#4704,#4705,#4706) ;
#4732=AXIS2_PLACEMENT_3D('Ellipse Axis2P3D',#4729,#4730,#4731) ;
#4747=AXIS2_PLACEMENT_3D('Plane Axis2P3D',#4744,#4745,#4746) ;
#4752=AXIS2_PLACEMENT_3D('Ellipse Axis2P3D',#4749,#4750,#4751) ;
#4762=AXIS2_PLACEMENT_3D('Ellipse Axis2P3D',#4759,#4760,#4761) ;
#4773=AXIS2_PLACEMENT_3D('Ellipse Axis2P3D',#4770,#4771,#4772) ;
#4798=AXIS2_PLACEMENT_3D('Ellipse Axis2P3D',#4795,#4796,#4797) ;
#4813=AXIS2_PLACEMENT_3D('Plane Axis2P3D',#4810,#4811,#4812) ;
#4818=AXIS2_PLACEMENT_3D('Ellipse Axis2P3D',#4815,#4816,#4817) ;
#4828=AXIS2_PLACEMENT_3D('Ellipse Axis2P3D',#4825,#4826,#4827) ;
#4839=AXIS2_PLACEMENT_3D('Ellipse Axis2P3D',#4836,#4837,#4838) ;
#4864=AXIS2_PLACEMENT_3D('Ellipse Axis2P3D',#4861,#4862,#4863) ;
#4879=AXIS2_PLACEMENT_3D('Plane Axis2P3D',#4876,#4877,#4878) ;
#4884=AXIS2_PLACEMENT_3D('Ellipse Axis2P3D',#4881,#4882,#4883) ;
#4892=AXIS2_PLACEMENT_3D('Ellipse Axis2P3D',#4889,#4890,#4891) ;
#4900=AXIS2_PLACEMENT_3D('Ellipse Axis2P3D',#4897,#4898,#4899) ;
#4913=AXIS2_PLACEMENT_3D('Ellipse Axis2P3D',#4910,#4911,#4912) ;
#4938=AXIS2_PLACEMENT_3D('Ellipse Axis2P3D',#4935,#4936,#4937) ;
#4953=AXIS2_PLACEMENT_3D('Ellipse Axis2P3D',#4950,#4951,#4952) ;
#4968=AXIS2_PLACEMENT_3D('Plane Axis2P3D',#4965,#4966,#4967) ;
#4973=AXIS2_PLACEMENT_3D('Ellipse Axis2P3D',#4970,#4971,#4972) ;
#4983=AXIS2_PLACEMENT_3D('Ellipse Axis2P3D',#4980,#4981,#4982) ;
#4994=AXIS2_PLACEMENT_3D('Ellipse Axis2P3D',#4991,#4992,#4993) ;
#5019=AXIS2_PLACEMENT_3D('Ellipse Axis2P3D',#5016,#5017,#5018) ;
#5034=AXIS2_PLACEMENT_3D('Plane Axis2P3D',#5031,#5032,#5033) ;
#5039=AXIS2_PLACEMENT_3D('Ellipse Axis2P3D',#5036,#5037,#5038) ;
#5049=AXIS2_PLACEMENT_3D('Ellipse Axis2P3D',#5046,#5047,#5048) ;
#5060=AXIS2_PLACEMENT_3D('Ellipse Axis2P3D',#5057,#5058,#5059) ;
#5085=AXIS2_PLACEMENT_3D('Ellipse Axis2P3D',#5082,#5083,#5084) ;
#5100=AXIS2_PLACEMENT_3D('Plane Axis2P3D',#5097,#5098,#5099) ;
#5105=AXIS2_PLACEMENT_3D('Ellipse Axis2P3D',#5102,#5103,#5104) ;
#5115=AXIS2_PLACEMENT_3D('Ellipse Axis2P3D',#5112,#5113,#5114) ;
#5126=AXIS2_PLACEMENT_3D('Ellipse Axis2P3D',#5123,#5124,#5125) ;
#5151=AXIS2_PLACEMENT_3D('Ellipse Axis2P3D',#5148,#5149,#5150) ;
#5166=AXIS2_PLACEMENT_3D('Plane Axis2P3D',#5163,#5164,#5165) ;
#5171=AXIS2_PLACEMENT_3D('Ellipse Axis2P3D',#5168,#5169,#5170) ;
#5181=AXIS2_PLACEMENT_3D('Ellipse Axis2P3D',#5178,#5179,#5180) ;
#5192=AXIS2_PLACEMENT_3D('Ellipse Axis2P3D',#5189,#5190,#5191) ;
#5217=AXIS2_PLACEMENT_3D('Ellipse Axis2P3D',#5214,#5215,#5216) ;
#5232=AXIS2_PLACEMENT_3D('Plane Axis2P3D',#5229,#5230,#5231) ;
#5237=AXIS2_PLACEMENT_3D('Ellipse Axis2P3D',#5234,#5235,#5236) ;
#5247=AXIS2_PLACEMENT_3D('Ellipse Axis2P3D',#5244,#5245,#5246) ;
#5258=AXIS2_PLACEMENT_3D('Ellipse Axis2P3D',#5255,#5256,#5257) ;
#5283=AXIS2_PLACEMENT_3D('Ellipse Axis2P3D',#5280,#5281,#5282) ;
#5298=AXIS2_PLACEMENT_3D('Plane Axis2P3D',#5295,#5296,#5297) ;
#5303=AXIS2_PLACEMENT_3D('Ellipse Axis2P3D',#5300,#5301,#5302) ;
#5311=AXIS2_PLACEMENT_3D('Ellipse Axis2P3D',#5308,#5309,#5310) ;
#5319=AXIS2_PLACEMENT_3D('Ellipse Axis2P3D',#5316,#5317,#5318) ;
#5332=AXIS2_PLACEMENT_3D('Ellipse Axis2P3D',#5329,#5330,#5331) ;
#5357=AXIS2_PLACEMENT_3D('Ellipse Axis2P3D',#5354,#5355,#5356) ;
#5372=AXIS2_PLACEMENT_3D('Ellipse Axis2P3D',#5369,#5370,#5371) ;
#5387=AXIS2_PLACEMENT_3D('Plane Axis2P3D',#5384,#5385,#5386) ;
#5392=AXIS2_PLACEMENT_3D('Ellipse Axis2P3D',#5389,#5390,#5391) ;
#5402=AXIS2_PLACEMENT_3D('Ellipse Axis2P3D',#5399,#5400,#5401) ;
#5413=AXIS2_PLACEMENT_3D('Ellipse Axis2P3D',#5410,#5411,#5412) ;
#5438=AXIS2_PLACEMENT_3D('Ellipse Axis2P3D',#5435,#5436,#5437) ;
#5453=AXIS2_PLACEMENT_3D('Plane Axis2P3D',#5450,#5451,#5452) ;
#5458=AXIS2_PLACEMENT_3D('Ellipse Axis2P3D',#5455,#5456,#5457) ;
#5468=AXIS2_PLACEMENT_3D('Ellipse Axis2P3D',#5465,#5466,#5467) ;
#5479=AXIS2_PLACEMENT_3D('Ellipse Axis2P3D',#5476,#5477,#5478) ;
#5504=AXIS2_PLACEMENT_3D('Ellipse Axis2P3D',#5501,#5502,#5503) ;
#5519=AXIS2_PLACEMENT_3D('Plane Axis2P3D',#5516,#5517,#5518) ;
#5524=AXIS2_PLACEMENT_3D('Ellipse Axis2P3D',#5521,#5522,#5523) ;
#5534=AXIS2_PLACEMENT_3D('Ellipse Axis2P3D',#5531,#5532,#5533) ;
#5545=AXIS2_PLACEMENT_3D('Ellipse Axis2P3D',#5542,#5543,#5544) ;
#5570=AXIS2_PLACEMENT_3D('Ellipse Axis2P3D',#5567,#5568,#5569) ;
#5585=AXIS2_PLACEMENT_3D('Plane Axis2P3D',#5582,#5583,#5584) ;
#5590=AXIS2_PLACEMENT_3D('Ellipse Axis2P3D',#5587,#5588,#5589) ;
#5600=AXIS2_PLACEMENT_3D('Ellipse Axis2P3D',#5597,#5598,#5599) ;
#5611=AXIS2_PLACEMENT_3D('Ellipse Axis2P3D',#5608,#5609,#5610) ;
#5636=AXIS2_PLACEMENT_3D('Ellipse Axis2P3D',#5633,#5634,#5635) ;
#5651=AXIS2_PLACEMENT_3D('Plane Axis2P3D',#5648,#5649,#5650) ;
#5656=AXIS2_PLACEMENT_3D('Ellipse Axis2P3D',#5653,#5654,#5655) ;
#5666=AXIS2_PLACEMENT_3D('Ellipse Axis2P3D',#5663,#5664,#5665) ;
#5677=AXIS2_PLACEMENT_3D('Ellipse Axis2P3D',#5674,#5675,#5676) ;
#5702=AXIS2_PLACEMENT_3D('Ellipse Axis2P3D',#5699,#5700,#5701) ;
#5717=AXIS2_PLACEMENT_3D('Plane Axis2P3D',#5714,#5715,#5716) ;
#5722=AXIS2_PLACEMENT_3D('Ellipse Axis2P3D',#5719,#5720,#5721) ;
#5730=AXIS2_PLACEMENT_3D('Ellipse Axis2P3D',#5727,#5728,#5729) ;
#5738=AXIS2_PLACEMENT_3D('Ellipse Axis2P3D',#5735,#5736,#5737) ;
#5751=AXIS2_PLACEMENT_3D('Ellipse Axis2P3D',#5748,#5749,#5750) ;
#5776=AXIS2_PLACEMENT_3D('Ellipse Axis2P3D',#5773,#5774,#5775) ;
#5791=AXIS2_PLACEMENT_3D('Ellipse Axis2P3D',#5788,#5789,#5790) ;
#5806=AXIS2_PLACEMENT_3D('Plane Axis2P3D',#5803,#5804,#5805) ;
#5811=AXIS2_PLACEMENT_3D('Ellipse Axis2P3D',#5808,#5809,#5810) ;
#5821=AXIS2_PLACEMENT_3D('Ellipse Axis2P3D',#5818,#5819,#5820) ;
#5832=AXIS2_PLACEMENT_3D('Ellipse Axis2P3D',#5829,#5830,#5831) ;
#5857=AXIS2_PLACEMENT_3D('Ellipse Axis2P3D',#5854,#5855,#5856) ;
#5872=AXIS2_PLACEMENT_3D('Plane Axis2P3D',#5869,#5870,#5871) ;
#5877=AXIS2_PLACEMENT_3D('Ellipse Axis2P3D',#5874,#5875,#5876) ;
#5887=AXIS2_PLACEMENT_3D('Ellipse Axis2P3D',#5884,#5885,#5886) ;
#5898=AXIS2_PLACEMENT_3D('Ellipse Axis2P3D',#5895,#5896,#5897) ;
#5923=AXIS2_PLACEMENT_3D('Ellipse Axis2P3D',#5920,#5921,#5922) ;
#5938=AXIS2_PLACEMENT_3D('Plane Axis2P3D',#5935,#5936,#5937) ;
#5943=AXIS2_PLACEMENT_3D('Ellipse Axis2P3D',#5940,#5941,#5942) ;
#5953=AXIS2_PLACEMENT_3D('Ellipse Axis2P3D',#5950,#5951,#5952) ;
#5964=AXIS2_PLACEMENT_3D('Ellipse Axis2P3D',#5961,#5962,#5963) ;
#5989=AXIS2_PLACEMENT_3D('Ellipse Axis2P3D',#5986,#5987,#5988) ;
#6004=AXIS2_PLACEMENT_3D('Plane Axis2P3D',#6001,#6002,#6003) ;
#6009=AXIS2_PLACEMENT_3D('Ellipse Axis2P3D',#6006,#6007,#6008) ;
#6019=AXIS2_PLACEMENT_3D('Ellipse Axis2P3D',#6016,#6017,#6018) ;
#6030=AXIS2_PLACEMENT_3D('Ellipse Axis2P3D',#6027,#6028,#6029) ;
#6055=AXIS2_PLACEMENT_3D('Ellipse Axis2P3D',#6052,#6053,#6054) ;
#6070=AXIS2_PLACEMENT_3D('Plane Axis2P3D',#6067,#6068,#6069) ;
#6075=AXIS2_PLACEMENT_3D('Ellipse Axis2P3D',#6072,#6073,#6074) ;
#6085=AXIS2_PLACEMENT_3D('Ellipse Axis2P3D',#6082,#6083,#6084) ;
#6096=AXIS2_PLACEMENT_3D('Ellipse Axis2P3D',#6093,#6094,#6095) ;
#6121=AXIS2_PLACEMENT_3D('Ellipse Axis2P3D',#6118,#6119,#6120) ;
#6136=AXIS2_PLACEMENT_3D('Plane Axis2P3D',#6133,#6134,#6135) ;
#6141=AXIS2_PLACEMENT_3D('Ellipse Axis2P3D',#6138,#6139,#6140) ;
#6149=AXIS2_PLACEMENT_3D('Ellipse Axis2P3D',#6146,#6147,#6148) ;
#6157=AXIS2_PLACEMENT_3D('Ellipse Axis2P3D',#6154,#6155,#6156) ;
#6170=AXIS2_PLACEMENT_3D('Ellipse Axis2P3D',#6167,#6168,#6169) ;
#6195=AXIS2_PLACEMENT_3D('Ellipse Axis2P3D',#6192,#6193,#6194) ;
#6210=AXIS2_PLACEMENT_3D('Ellipse Axis2P3D',#6207,#6208,#6209) ;
#6225=AXIS2_PLACEMENT_3D('Plane Axis2P3D',#6222,#6223,#6224) ;
#6230=AXIS2_PLACEMENT_3D('Ellipse Axis2P3D',#6227,#6228,#6229) ;
#6240=AXIS2_PLACEMENT_3D('Ellipse Axis2P3D',#6237,#6238,#6239) ;
#6251=AXIS2_PLACEMENT_3D('Ellipse Axis2P3D',#6248,#6249,#6250) ;
#6276=AXIS2_PLACEMENT_3D('Ellipse Axis2P3D',#6273,#6274,#6275) ;
#6291=AXIS2_PLACEMENT_3D('Plane Axis2P3D',#6288,#6289,#6290) ;
#6296=AXIS2_PLACEMENT_3D('Ellipse Axis2P3D',#6293,#6294,#6295) ;
#6306=AXIS2_PLACEMENT_3D('Ellipse Axis2P3D',#6303,#6304,#6305) ;
#6317=AXIS2_PLACEMENT_3D('Ellipse Axis2P3D',#6314,#6315,#6316) ;
#6342=AXIS2_PLACEMENT_3D('Ellipse Axis2P3D',#6339,#6340,#6341) ;
#6357=AXIS2_PLACEMENT_3D('Plane Axis2P3D',#6354,#6355,#6356) ;
#6362=AXIS2_PLACEMENT_3D('Ellipse Axis2P3D',#6359,#6360,#6361) ;
#6372=AXIS2_PLACEMENT_3D('Ellipse Axis2P3D',#6369,#6370,#6371) ;
#6383=AXIS2_PLACEMENT_3D('Ellipse Axis2P3D',#6380,#6381,#6382) ;
#6408=AXIS2_PLACEMENT_3D('Ellipse Axis2P3D',#6405,#6406,#6407) ;
#6423=AXIS2_PLACEMENT_3D('Plane Axis2P3D',#6420,#6421,#6422) ;
#6428=AXIS2_PLACEMENT_3D('Ellipse Axis2P3D',#6425,#6426,#6427) ;
#6438=AXIS2_PLACEMENT_3D('Ellipse Axis2P3D',#6435,#6436,#6437) ;
#6449=AXIS2_PLACEMENT_3D('Ellipse Axis2P3D',#6446,#6447,#6448) ;
#6474=AXIS2_PLACEMENT_3D('Ellipse Axis2P3D',#6471,#6472,#6473) ;
#6489=AXIS2_PLACEMENT_3D('Plane Axis2P3D',#6486,#6487,#6488) ;
#6494=AXIS2_PLACEMENT_3D('Ellipse Axis2P3D',#6491,#6492,#6493) ;
#6504=AXIS2_PLACEMENT_3D('Ellipse Axis2P3D',#6501,#6502,#6503) ;
#6515=AXIS2_PLACEMENT_3D('Ellipse Axis2P3D',#6512,#6513,#6514) ;
#6540=AXIS2_PLACEMENT_3D('Ellipse Axis2P3D',#6537,#6538,#6539) ;
#6555=AXIS2_PLACEMENT_3D('Plane Axis2P3D',#6552,#6553,#6554) ;
#6560=AXIS2_PLACEMENT_3D('Ellipse Axis2P3D',#6557,#6558,#6559) ;
#6568=AXIS2_PLACEMENT_3D('Ellipse Axis2P3D',#6565,#6566,#6567) ;
#6576=AXIS2_PLACEMENT_3D('Ellipse Axis2P3D',#6573,#6574,#6575) ;
#6589=AXIS2_PLACEMENT_3D('Ellipse Axis2P3D',#6586,#6587,#6588) ;
#6614=AXIS2_PLACEMENT_3D('Ellipse Axis2P3D',#6611,#6612,#6613) ;
#6629=AXIS2_PLACEMENT_3D('Ellipse Axis2P3D',#6626,#6627,#6628) ;
#6644=AXIS2_PLACEMENT_3D('Plane Axis2P3D',#6641,#6642,#6643) ;
#6649=AXIS2_PLACEMENT_3D('Ellipse Axis2P3D',#6646,#6647,#6648) ;
#6659=AXIS2_PLACEMENT_3D('Ellipse Axis2P3D',#6656,#6657,#6658) ;
#6670=AXIS2_PLACEMENT_3D('Ellipse Axis2P3D',#6667,#6668,#6669) ;
#6695=AXIS2_PLACEMENT_3D('Ellipse Axis2P3D',#6692,#6693,#6694) ;
#6710=AXIS2_PLACEMENT_3D('Plane Axis2P3D',#6707,#6708,#6709) ;
#6715=AXIS2_PLACEMENT_3D('Ellipse Axis2P3D',#6712,#6713,#6714) ;
#6725=AXIS2_PLACEMENT_3D('Ellipse Axis2P3D',#6722,#6723,#6724) ;
#6736=AXIS2_PLACEMENT_3D('Ellipse Axis2P3D',#6733,#6734,#6735) ;
#6761=AXIS2_PLACEMENT_3D('Ellipse Axis2P3D',#6758,#6759,#6760) ;
#6776=AXIS2_PLACEMENT_3D('Plane Axis2P3D',#6773,#6774,#6775) ;
#6781=AXIS2_PLACEMENT_3D('Ellipse Axis2P3D',#6778,#6779,#6780) ;
#6791=AXIS2_PLACEMENT_3D('Ellipse Axis2P3D',#6788,#6789,#6790) ;
#6802=AXIS2_PLACEMENT_3D('Ellipse Axis2P3D',#6799,#6800,#6801) ;
#6827=AXIS2_PLACEMENT_3D('Ellipse Axis2P3D',#6824,#6825,#6826) ;
#6842=AXIS2_PLACEMENT_3D('Plane Axis2P3D',#6839,#6840,#6841) ;
#6847=AXIS2_PLACEMENT_3D('Ellipse Axis2P3D',#6844,#6845,#6846) ;
#6857=AXIS2_PLACEMENT_3D('Ellipse Axis2P3D',#6854,#6855,#6856) ;
#6868=AXIS2_PLACEMENT_3D('Ellipse Axis2P3D',#6865,#6866,#6867) ;
#6893=AXIS2_PLACEMENT_3D('Ellipse Axis2P3D',#6890,#6891,#6892) ;
#6908=AXIS2_PLACEMENT_3D('Plane Axis2P3D',#6905,#6906,#6907) ;
#6913=AXIS2_PLACEMENT_3D('Ellipse Axis2P3D',#6910,#6911,#6912) ;
#6923=AXIS2_PLACEMENT_3D('Ellipse Axis2P3D',#6920,#6921,#6922) ;
#6934=AXIS2_PLACEMENT_3D('Ellipse Axis2P3D',#6931,#6932,#6933) ;
#6959=AXIS2_PLACEMENT_3D('Ellipse Axis2P3D',#6956,#6957,#6958) ;
#6974=AXIS2_PLACEMENT_3D('Plane Axis2P3D',#6971,#6972,#6973) ;
#6979=AXIS2_PLACEMENT_3D('Ellipse Axis2P3D',#6976,#6977,#6978) ;
#6987=AXIS2_PLACEMENT_3D('Ellipse Axis2P3D',#6984,#6985,#6986) ;
#6995=AXIS2_PLACEMENT_3D('Ellipse Axis2P3D',#6992,#6993,#6994) ;
#7008=AXIS2_PLACEMENT_3D('Ellipse Axis2P3D',#7005,#7006,#7007) ;
#7033=AXIS2_PLACEMENT_3D('Ellipse Axis2P3D',#7030,#7031,#7032) ;
#7048=AXIS2_PLACEMENT_3D('Ellipse Axis2P3D',#7045,#7046,#7047) ;
#7068=AXIS2_PLACEMENT_3D(' ',#7071,#7075,#7074) ;
#7069=AXIS2_PLACEMENT_3D(' ',#7070,#7073,#7072) ;
#7090=AXIS2_PLACEMENT_3D('Cylinder Axis2P3D',#7087,#7088,#7089) ;
#7094=AXIS2_PLACEMENT_3D('Circle Axis2P3D',#7092,#7093,$) ;
#7110=AXIS2_PLACEMENT_3D('Circle Axis2P3D',#7108,#7109,$) ;
#7129=AXIS2_PLACEMENT_3D('Circle Axis2P3D',#7127,#7128,$) ;
#7134=AXIS2_PLACEMENT_3D('Circle Axis2P3D',#7132,#7133,$) ;
#7147=AXIS2_PLACEMENT_3D('Plane Axis2P3D',#7144,#7145,#7146) ;
#7157=AXIS2_PLACEMENT_3D('Plane Axis2P3D',#7154,#7155,#7156) ;
#7172=AXIS2_PLACEMENT_3D(' ',#7175,#7179,#7178) ;
#7173=AXIS2_PLACEMENT_3D(' ',#7174,#7177,#7176) ;
#7194=AXIS2_PLACEMENT_3D('Plane Axis2P3D',#7191,#7192,#7193) ;
#7229=AXIS2_PLACEMENT_3D('Cylinder Axis2P3D',#7226,#7227,#7228) ;
#7233=AXIS2_PLACEMENT_3D('Circle Axis2P3D',#7231,#7232,$) ;
#7339=AXIS2_PLACEMENT_3D('Plane Axis2P3D',#7336,#7337,#7338) ;
#7386=AXIS2_PLACEMENT_3D('Cylinder Axis2P3D',#7383,#7384,#7385) ;
#7390=AXIS2_PLACEMENT_3D('Circle Axis2P3D',#7388,#7389,$) ;
#7406=AXIS2_PLACEMENT_3D('Circle Axis2P3D',#7404,#7405,$) ;
#7420=AXIS2_PLACEMENT_3D('Circle Axis2P3D',#7418,#7419,$) ;
#7427=AXIS2_PLACEMENT_3D('Circle Axis2P3D',#7425,#7426,$) ;
#7441=AXIS2_PLACEMENT_3D('Circle Axis2P3D',#7439,#7440,$) ;
#7455=AXIS2_PLACEMENT_3D('Circle Axis2P3D',#7453,#7454,$) ;
#7469=AXIS2_PLACEMENT_3D('Circle Axis2P3D',#7467,#7468,$) ;
#7508=AXIS2_PLACEMENT_3D('Plane Axis2P3D',#7505,#7506,#7507) ;
#7523=AXIS2_PLACEMENT_3D('Circle Axis2P3D',#7521,#7522,$) ;
#7539=AXIS2_PLACEMENT_3D('Circle Axis2P3D',#7537,#7538,$) ;
#7544=AXIS2_PLACEMENT_3D('Circle Axis2P3D',#7542,#7543,$) ;
#7558=AXIS2_PLACEMENT_3D('Circle Axis2P3D',#7556,#7557,$) ;
#7565=AXIS2_PLACEMENT_3D('Circle Axis2P3D',#7563,#7564,$) ;
#7579=AXIS2_PLACEMENT_3D('Circle Axis2P3D',#7577,#7578,$) ;
#7584=AXIS2_PLACEMENT_3D('Circle Axis2P3D',#7582,#7583,$) ;
#7690=AXIS2_PLACEMENT_3D('Plane Axis2P3D',#7687,#7688,#7689) ;
#7746=AXIS2_PLACEMENT_3D('Plane Axis2P3D',#7743,#7744,#7745) ;
#7770=AXIS2_PLACEMENT_3D('Plane Axis2P3D',#7767,#7768,#7769) ;
#7795=AXIS2_PLACEMENT_3D('Plane Axis2P3D',#7792,#7793,#7794) ;
#7812=AXIS2_PLACEMENT_3D('Plane Axis2P3D',#7809,#7810,#7811) ;
#7843=AXIS2_PLACEMENT_3D('Cylinder Axis2P3D',#7840,#7841,#7842) ;
#7856=AXIS2_PLACEMENT_3D('Circle Axis2P3D',#7854,#7855,$) ;
#7861=AXIS2_PLACEMENT_3D('Circle Axis2P3D',#7859,#7860,$) ;
#7901=AXIS2_PLACEMENT_3D('Plane Axis2P3D',#7898,#7899,#7900) ;
#7923=AXIS2_PLACEMENT_3D('Plane Axis2P3D',#7920,#7921,#7922) ;
#8020=AXIS2_PLACEMENT_3D('Plane Axis2P3D',#8017,#8018,#8019) ;
#8024=AXIS2_PLACEMENT_3D('Circle Axis2P3D',#8022,#8023,$) ;
#8056=AXIS2_PLACEMENT_3D('Cylinder Axis2P3D',#8053,#8054,#8055) ;
#8081=AXIS2_PLACEMENT_3D('Plane Axis2P3D',#8078,#8079,#8080) ;
#8093=AXIS2_PLACEMENT_3D('Plane Axis2P3D',#8090,#8091,#8092) ;
#8111=AXIS2_PLACEMENT_3D('Circle Axis2P3D',#8109,#8110,$) ;
#8125=AXIS2_PLACEMENT_3D('Cylinder Axis2P3D',#8122,#8123,#8124) ;
#8136=AXIS2_PLACEMENT_3D('Circle Axis2P3D',#8134,#8135,$) ;
#8170=AXIS2_PLACEMENT_3D('Plane Axis2P3D',#8167,#8168,#8169) ;
#8187=AXIS2_PLACEMENT_3D('Plane Axis2P3D',#8184,#8185,#8186) ;
#8210=AXIS2_PLACEMENT_3D(' ',#8213,#8217,#8216) ;
#8211=AXIS2_PLACEMENT_3D(' ',#8212,#8215,#8214) ;
#8232=AXIS2_PLACEMENT_3D('Cylinder Axis2P3D',#8229,#8230,#8231) ;
#8236=AXIS2_PLACEMENT_3D('Circle Axis2P3D',#8234,#8235,$) ;
#8252=AXIS2_PLACEMENT_3D('Circle Axis2P3D',#8250,#8251,$) ;
#8271=AXIS2_PLACEMENT_3D('Circle Axis2P3D',#8269,#8270,$) ;
#8276=AXIS2_PLACEMENT_3D('Circle Axis2P3D',#8274,#8275,$) ;
#8289=AXIS2_PLACEMENT_3D('Plane Axis2P3D',#8286,#8287,#8288) ;
#8299=AXIS2_PLACEMENT_3D('Cone Axis2P3D',#8296,#8297,#8298) ;
#8303=AXIS2_PLACEMENT_3D('Circle Axis2P3D',#8301,#8302,$) ;
#8324=AXIS2_PLACEMENT_3D('Circle Axis2P3D',#8322,#8323,$) ;
#8373=AXIS2_PLACEMENT_3D('Cylinder Axis2P3D',#8370,#8371,#8372) ;
#8377=AXIS2_PLACEMENT_3D('Circle Axis2P3D',#8375,#8376,$) ;
#8410=AXIS2_PLACEMENT_3D('Circle Axis2P3D',#8408,#8409,$) ;
#8430=AXIS2_PLACEMENT_3D('Plane Axis2P3D',#8427,#8428,#8429) ;
#8454=AXIS2_PLACEMENT_3D('Plane Axis2P3D',#8451,#8452,#8453) ;
#8478=AXIS2_PLACEMENT_3D('Plane Axis2P3D',#8475,#8476,#8477) ;
#8495=AXIS2_PLACEMENT_3D('Plane Axis2P3D',#8492,#8493,#8494) ;
#8499=AXIS2_PLACEMENT_3D('Circle Axis2P3D',#8497,#8498,$) ;
#8506=AXIS2_PLACEMENT_3D('Circle Axis2P3D',#8504,#8505,$) ;
#8545=AXIS2_PLACEMENT_3D('Circle Axis2P3D',#8543,#8544,$) ;
#8552=AXIS2_PLACEMENT_3D('Circle Axis2P3D',#8550,#8551,$) ;
#8637=AXIS2_PLACEMENT_3D('Plane Axis2P3D',#8634,#8635,#8636) ;
#8666=AXIS2_PLACEMENT_3D(' ',#8669,#8673,#8672) ;
#8667=AXIS2_PLACEMENT_3D(' ',#8668,#8671,#8670) ;
#8688=AXIS2_PLACEMENT_3D('Cylinder Axis2P3D',#8685,#8686,#8687) ;
#8692=AXIS2_PLACEMENT_3D('Circle Axis2P3D',#8690,#8691,$) ;
#8708=AXIS2_PLACEMENT_3D('Circle Axis2P3D',#8706,#8707,$) ;
#8727=AXIS2_PLACEMENT_3D('Circle Axis2P3D',#8725,#8726,$) ;
#8732=AXIS2_PLACEMENT_3D('Circle Axis2P3D',#8730,#8731,$) ;
#8745=AXIS2_PLACEMENT_3D('Plane Axis2P3D',#8742,#8743,#8744) ;
#8755=AXIS2_PLACEMENT_3D('Plane Axis2P3D',#8752,#8753,#8754) ;
#8770=AXIS2_PLACEMENT_3D(' ',#8773,#8777,#8776) ;
#8771=AXIS2_PLACEMENT_3D(' ',#8772,#8775,#8774) ;
#8792=AXIS2_PLACEMENT_3D('Cone Axis2P3D',#8789,#8790,#8791) ;
#8796=AXIS2_PLACEMENT_3D('Circle Axis2P3D',#8794,#8795,$) ;
#8812=AXIS2_PLACEMENT_3D('Circle Axis2P3D',#8810,#8811,$) ;
#8831=AXIS2_PLACEMENT_3D('Circle Axis2P3D',#8829,#8830,$) ;
#8836=AXIS2_PLACEMENT_3D('Circle Axis2P3D',#8834,#8835,$) ;
#8849=AXIS2_PLACEMENT_3D('Plane Axis2P3D',#8846,#8847,#8848) ;
#8859=AXIS2_PLACEMENT_3D('Plane Axis2P3D',#8856,#8857,#8858) ;
#8874=AXIS2_PLACEMENT_3D(' ',#8877,#8881,#8880) ;
#8875=AXIS2_PLACEMENT_3D(' ',#8876,#8879,#8878) ;
#8896=AXIS2_PLACEMENT_3D('Cone Axis2P3D',#8893,#8894,#8895) ;
#8900=AXIS2_PLACEMENT_3D('Circle Axis2P3D',#8898,#8899,$) ;
#8916=AXIS2_PLACEMENT_3D('Circle Axis2P3D',#8914,#8915,$) ;
#8935=AXIS2_PLACEMENT_3D('Circle Axis2P3D',#8933,#8934,$) ;
#8940=AXIS2_PLACEMENT_3D('Circle Axis2P3D',#8938,#8939,$) ;
#8953=AXIS2_PLACEMENT_3D('Plane Axis2P3D',#8950,#8951,#8952) ;
#8963=AXIS2_PLACEMENT_3D('Plane Axis2P3D',#8960,#8961,#8962) ;
#8978=AXIS2_PLACEMENT_3D(' ',#8981,#8985,#8984) ;
#8979=AXIS2_PLACEMENT_3D(' ',#8980,#8983,#8982) ;
#9000=AXIS2_PLACEMENT_3D('Cone Axis2P3D',#8997,#8998,#8999) ;
#9013=AXIS2_PLACEMENT_3D('Circle Axis2P3D',#9011,#9012,$) ;
#9031=AXIS2_PLACEMENT_3D('Circle Axis2P3D',#9029,#9030,$) ;
#9043=AXIS2_PLACEMENT_3D('Plane Axis2P3D',#9040,#9041,#9042) ;
#9058=AXIS2_PLACEMENT_3D(' ',#9061,#9065,#9064) ;
#9059=AXIS2_PLACEMENT_3D(' ',#9060,#9063,#9062) ;
#9080=AXIS2_PLACEMENT_3D('Cone Axis2P3D',#9077,#9078,#9079) ;
#9093=AXIS2_PLACEMENT_3D('Circle Axis2P3D',#9091,#9092,$) ;
#9111=AXIS2_PLACEMENT_3D('Circle Axis2P3D',#9109,#9110,$) ;
#9123=AXIS2_PLACEMENT_3D('Cone Axis2P3D',#9120,#9121,#9122) ;
#9134=AXIS2_PLACEMENT_3D('Circle Axis2P3D',#9132,#9133,$) ;
#9153=AXIS2_PLACEMENT_3D('Circle Axis2P3D',#9151,#9152,$) ;
#9166=AXIS2_PLACEMENT_3D('Cone Axis2P3D',#9163,#9164,#9165) ;
#9200=AXIS2_PLACEMENT_3D(' ',#9203,#9207,#9206) ;
#9201=AXIS2_PLACEMENT_3D(' ',#9202,#9205,#9204) ;
#45=PRODUCT_DEFINITION_SHAPE(' ',' ',#17) ;
#61=PRODUCT_DEFINITION_SHAPE(' ',' ',#58) ;
#7064=PRODUCT_DEFINITION_SHAPE(' ',' ',#7063) ;
#7085=PRODUCT_DEFINITION_SHAPE(' ',' ',#7082) ;
#7168=PRODUCT_DEFINITION_SHAPE(' ',' ',#7167) ;
#7189=PRODUCT_DEFINITION_SHAPE(' ',' ',#7186) ;
#8206=PRODUCT_DEFINITION_SHAPE(' ',' ',#8205) ;
#8227=PRODUCT_DEFINITION_SHAPE(' ',' ',#8224) ;
#8662=PRODUCT_DEFINITION_SHAPE(' ',' ',#8661) ;
#8683=PRODUCT_DEFINITION_SHAPE(' ',' ',#8680) ;
#8766=PRODUCT_DEFINITION_SHAPE(' ',' ',#8765) ;
#8787=PRODUCT_DEFINITION_SHAPE(' ',' ',#8784) ;
#8870=PRODUCT_DEFINITION_SHAPE(' ',' ',#8869) ;
#8891=PRODUCT_DEFINITION_SHAPE(' ',' ',#8888) ;
#8974=PRODUCT_DEFINITION_SHAPE(' ',' ',#8973) ;
#8995=PRODUCT_DEFINITION_SHAPE(' ',' ',#8992) ;
#9054=PRODUCT_DEFINITION_SHAPE(' ',' ',#9053) ;
#9075=PRODUCT_DEFINITION_SHAPE(' ',' ',#9072) ;
#9196=PRODUCT_DEFINITION_SHAPE(' ',' ',#9195) ;
#34=APPROVAL_PERSON_ORGANIZATION(#28,#24,#22) ;
#28=PERSON_AND_ORGANIZATION(#25,#26) ;
#25=PERSON(' ',' ',' ',$,$,$) ;
#26=ORGANIZATION(' ',' ',' ') ;
#24=APPROVAL(#23,' ') ;
#23=APPROVAL_STATUS('not_yet_approved') ;
#22=APPROVAL_ROLE('APPROVER') ;
#13=DATE_AND_TIME(#11,#12) ;
#12=LOCAL_TIME(19,41,37.,#10) ;
#10=COORDINATED_UNIVERSAL_TIME_OFFSET(0,0,.AHEAD.) ;
#97=ORIENTED_EDGE('',*,*,#76,.F.) ;
#98=ORIENTED_EDGE('',*,*,#83,.T.) ;
#99=ORIENTED_EDGE('',*,*,#90,.T.) ;
#100=ORIENTED_EDGE('',*,*,#95,.F.) ;
#142=ORIENTED_EDGE('',*,*,#116,.F.) ;
#143=ORIENTED_EDGE('',*,*,#123,.T.) ;
#144=ORIENTED_EDGE('',*,*,#128,.T.) ;
#145=ORIENTED_EDGE('',*,*,#76,.T.) ;
#146=ORIENTED_EDGE('',*,*,#135,.F.) ;
#147=ORIENTED_EDGE('',*,*,#140,.F.) ;
#189=ORIENTED_EDGE('',*,*,#90,.F.) ;
#190=ORIENTED_EDGE('',*,*,#161,.T.) ;
#191=ORIENTED_EDGE('',*,*,#168,.T.) ;
#192=ORIENTED_EDGE('',*,*,#175,.T.) ;
#193=ORIENTED_EDGE('',*,*,#182,.F.) ;
#194=ORIENTED_EDGE('',*,*,#187,.F.) ;
#213=ORIENTED_EDGE('',*,*,#175,.F.) ;
#214=ORIENTED_EDGE('',*,*,#206,.T.) ;
#215=ORIENTED_EDGE('',*,*,#116,.T.) ;
#216=ORIENTED_EDGE('',*,*,#211,.F.) ;
#230=ORIENTED_EDGE('',*,*,#123,.F.) ;
#231=ORIENTED_EDGE('',*,*,#206,.F.) ;
#232=ORIENTED_EDGE('',*,*,#168,.F.) ;
#233=ORIENTED_EDGE('',*,*,#228,.F.) ;
#247=ORIENTED_EDGE('',*,*,#245,.T.) ;
#248=ORIENTED_EDGE('',*,*,#182,.T.) ;
#249=ORIENTED_EDGE('',*,*,#211,.T.) ;
#250=ORIENTED_EDGE('',*,*,#140,.T.) ;
#301=ORIENTED_EDGE('',*,*,#266,.F.) ;
#302=ORIENTED_EDGE('',*,*,#273,.T.) ;
#303=ORIENTED_EDGE('',*,*,#280,.T.) ;
#304=ORIENTED_EDGE('',*,*,#287,.T.) ;
#305=ORIENTED_EDGE('',*,*,#294,.T.) ;
#306=ORIENTED_EDGE('',*,*,#299,.T.) ;
#353=ORIENTED_EDGE('',*,*,#331,.T.) ;
#354=ORIENTED_EDGE('',*,*,#351,.T.) ;
#401=ORIENTED_EDGE('',*,*,#379,.T.) ;
#402=ORIENTED_EDGE('',*,*,#399,.T.) ;
#449=ORIENTED_EDGE('',*,*,#427,.T.) ;
#450=ORIENTED_EDGE('',*,*,#447,.T.) ;
#492=ORIENTED_EDGE('',*,*,#464,.T.) ;
#493=ORIENTED_EDGE('',*,*,#266,.T.) ;
#494=ORIENTED_EDGE('',*,*,#471,.F.) ;
#495=ORIENTED_EDGE('',*,*,#478,.F.) ;
#496=ORIENTED_EDGE('',*,*,#485,.F.) ;
#497=ORIENTED_EDGE('',*,*,#490,.T.) ;
#572=ORIENTED_EDGE('',*,*,#508,.F.) ;
#573=ORIENTED_EDGE('',*,*,#513,.T.) ;
#574=ORIENTED_EDGE('',*,*,#273,.F.) ;
#575=ORIENTED_EDGE('',*,*,#464,.F.) ;
#576=ORIENTED_EDGE('',*,*,#520,.F.) ;
#577=ORIENTED_EDGE('',*,*,#527,.F.) ;
#578=ORIENTED_EDGE('',*,*,#534,.F.) ;
#579=ORIENTED_EDGE('',*,*,#542,.T.) ;
#580=ORIENTED_EDGE('',*,*,#564,.T.) ;
#581=ORIENTED_EDGE('',*,*,#570,.F.) ;
#628=ORIENTED_EDGE('',*,*,#606,.T.) ;
#629=ORIENTED_EDGE('',*,*,#626,.T.) ;
#676=ORIENTED_EDGE('',*,*,#654,.T.) ;
#677=ORIENTED_EDGE('',*,*,#674,.T.) ;
#852=ORIENTED_EDGE('',*,*,#691,.F.) ;
#853=ORIENTED_EDGE('',*,*,#698,.F.) ;
#854=ORIENTED_EDGE('',*,*,#705,.F.) ;
#855=ORIENTED_EDGE('',*,*,#712,.F.) ;
#856=ORIENTED_EDGE('',*,*,#719,.F.) ;
#857=ORIENTED_EDGE('',*,*,#726,.F.) ;
#858=ORIENTED_EDGE('',*,*,#733,.F.) ;
#859=ORIENTED_EDGE('',*,*,#740,.F.) ;
#860=ORIENTED_EDGE('',*,*,#747,.F.) ;
#861=ORIENTED_EDGE('',*,*,#754,.F.) ;
#862=ORIENTED_EDGE('',*,*,#761,.F.) ;
#863=ORIENTED_EDGE('',*,*,#768,.F.) ;
#864=ORIENTED_EDGE('',*,*,#775,.F.) ;
#865=ORIENTED_EDGE('',*,*,#782,.F.) ;
#866=ORIENTED_EDGE('',*,*,#789,.F.) ;
#867=ORIENTED_EDGE('',*,*,#796,.F.) ;
#868=ORIENTED_EDGE('',*,*,#803,.F.) ;
#869=ORIENTED_EDGE('',*,*,#810,.F.) ;
#870=ORIENTED_EDGE('',*,*,#817,.F.) ;
#871=ORIENTED_EDGE('',*,*,#824,.F.) ;
#872=ORIENTED_EDGE('',*,*,#831,.F.) ;
#873=ORIENTED_EDGE('',*,*,#838,.F.) ;
#874=ORIENTED_EDGE('',*,*,#845,.F.) ;
#875=ORIENTED_EDGE('',*,*,#850,.F.) ;
#876=ORIENTED_EDGE('',*,*,#280,.F.) ;
#877=ORIENTED_EDGE('',*,*,#513,.F.) ;
#927=ORIENTED_EDGE('',*,*,#891,.F.) ;
#928=ORIENTED_EDGE('',*,*,#898,.F.) ;
#929=ORIENTED_EDGE('',*,*,#903,.F.) ;
#930=ORIENTED_EDGE('',*,*,#287,.F.) ;
#931=ORIENTED_EDGE('',*,*,#850,.T.) ;
#932=ORIENTED_EDGE('',*,*,#910,.T.) ;
#933=ORIENTED_EDGE('',*,*,#920,.T.) ;
#934=ORIENTED_EDGE('',*,*,#925,.F.) ;
#935=ORIENTED_EDGE('',*,*,#471,.T.) ;
#936=ORIENTED_EDGE('',*,*,#299,.F.) ;
#957=ORIENTED_EDGE('',*,*,#950,.F.) ;
#958=ORIENTED_EDGE('',*,*,#955,.T.) ;
#959=ORIENTED_EDGE('',*,*,#478,.T.) ;
#960=ORIENTED_EDGE('',*,*,#925,.T.) ;
#976=ORIENTED_EDGE('',*,*,#485,.T.) ;
#977=ORIENTED_EDGE('',*,*,#955,.F.) ;
#978=ORIENTED_EDGE('',*,*,#969,.F.) ;
#979=ORIENTED_EDGE('',*,*,#974,.F.) ;
#1047=ORIENTED_EDGE('',*,*,#534,.T.) ;
#1048=ORIENTED_EDGE('',*,*,#993,.T.) ;
#1049=ORIENTED_EDGE('',*,*,#1000,.T.) ;
#1050=ORIENTED_EDGE('',*,*,#1005,.T.) ;
#1051=ORIENTED_EDGE('',*,*,#520,.T.) ;
#1052=ORIENTED_EDGE('',*,*,#490,.F.) ;
#1053=ORIENTED_EDGE('',*,*,#974,.T.) ;
#1054=ORIENTED_EDGE('',*,*,#1015,.F.) ;
#1055=ORIENTED_EDGE('',*,*,#1020,.F.) ;
#1056=ORIENTED_EDGE('',*,*,#691,.T.) ;
#1057=ORIENTED_EDGE('',*,*,#508,.T.) ;
#1058=ORIENTED_EDGE('',*,*,#1030,.F.) ;
#1059=ORIENTED_EDGE('',*,*,#1037,.F.) ;
#1060=ORIENTED_EDGE('',*,*,#1045,.T.) ;
#1084=ORIENTED_EDGE('',*,*,#910,.F.) ;
#1085=ORIENTED_EDGE('',*,*,#845,.T.) ;
#1086=ORIENTED_EDGE('',*,*,#1074,.T.) ;
#1087=ORIENTED_EDGE('',*,*,#1082,.F.) ;
#1187=ORIENTED_EDGE('',*,*,#1103,.T.) ;
#1188=ORIENTED_EDGE('',*,*,#1110,.T.) ;
#1189=ORIENTED_EDGE('',*,*,#1117,.T.) ;
#1190=ORIENTED_EDGE('',*,*,#1124,.T.) ;
#1191=ORIENTED_EDGE('',*,*,#1131,.T.) ;
#1192=ORIENTED_EDGE('',*,*,#1138,.F.) ;
#1193=ORIENTED_EDGE('',*,*,#1145,.T.) ;
#1194=ORIENTED_EDGE('',*,*,#1153,.F.) ;
#1195=ORIENTED_EDGE('',*,*,#1074,.F.) ;
#1196=ORIENTED_EDGE('',*,*,#838,.T.) ;
#1197=ORIENTED_EDGE('',*,*,#1160,.T.) ;
#1198=ORIENTED_EDGE('',*,*,#1170,.F.) ;
#1199=ORIENTED_EDGE('',*,*,#1177,.F.) ;
#1200=ORIENTED_EDGE('',*,*,#1185,.T.) ;
#1271=ORIENTED_EDGE('',*,*,#1160,.F.) ;
#1272=ORIENTED_EDGE('',*,*,#831,.T.) ;
#1273=ORIENTED_EDGE('',*,*,#1209,.T.) ;
#1274=ORIENTED_EDGE('',*,*,#1216,.T.) ;
#1275=ORIENTED_EDGE('',*,*,#1223,.T.) ;
#1276=ORIENTED_EDGE('',*,*,#1228,.F.) ;
#1277=ORIENTED_EDGE('',*,*,#1131,.F.) ;
#1278=ORIENTED_EDGE('',*,*,#1233,.F.) ;
#1279=ORIENTED_EDGE('',*,*,#1103,.F.) ;
#1280=ORIENTED_EDGE('',*,*,#1241,.T.) ;
#1281=ORIENTED_EDGE('',*,*,#1263,.T.) ;
#1282=ORIENTED_EDGE('',*,*,#1269,.F.) ;
#1329=ORIENTED_EDGE('',*,*,#1307,.T.) ;
#1330=ORIENTED_EDGE('',*,*,#1327,.T.) ;
#1377=ORIENTED_EDGE('',*,*,#1355,.T.) ;
#1378=ORIENTED_EDGE('',*,*,#1375,.T.) ;
#1425=ORIENTED_EDGE('',*,*,#1403,.T.) ;
#1426=ORIENTED_EDGE('',*,*,#1423,.T.) ;
#1473=ORIENTED_EDGE('',*,*,#1451,.T.) ;
#1474=ORIENTED_EDGE('',*,*,#1471,.T.) ;
#1521=ORIENTED_EDGE('',*,*,#1499,.T.) ;
#1522=ORIENTED_EDGE('',*,*,#1519,.T.) ;
#1579=ORIENTED_EDGE('',*,*,#1536,.F.) ;
#1580=ORIENTED_EDGE('',*,*,#1543,.F.) ;
#1581=ORIENTED_EDGE('',*,*,#1548,.F.) ;
#1582=ORIENTED_EDGE('',*,*,#1209,.F.) ;
#1583=ORIENTED_EDGE('',*,*,#824,.T.) ;
#1584=ORIENTED_EDGE('',*,*,#1555,.T.) ;
#1585=ORIENTED_EDGE('',*,*,#1565,.T.) ;
#1586=ORIENTED_EDGE('',*,*,#1572,.F.) ;
#1587=ORIENTED_EDGE('',*,*,#1577,.T.) ;
#1588=ORIENTED_EDGE('',*,*,#1223,.F.) ;
#1612=ORIENTED_EDGE('',*,*,#1555,.F.) ;
#1613=ORIENTED_EDGE('',*,*,#817,.T.) ;
#1614=ORIENTED_EDGE('',*,*,#1602,.T.) ;
#1615=ORIENTED_EDGE('',*,*,#1610,.F.) ;
#1715=ORIENTED_EDGE('',*,*,#1631,.T.) ;
#1716=ORIENTED_EDGE('',*,*,#1638,.T.) ;
#1717=ORIENTED_EDGE('',*,*,#1645,.T.) ;
#1718=ORIENTED_EDGE('',*,*,#1652,.T.) ;
#1719=ORIENTED_EDGE('',*,*,#1659,.T.) ;
#1720=ORIENTED_EDGE('',*,*,#1666,.F.) ;
#1721=ORIENTED_EDGE('',*,*,#1673,.T.) ;
#1722=ORIENTED_EDGE('',*,*,#1681,.F.) ;
#1723=ORIENTED_EDGE('',*,*,#1602,.F.) ;
#1724=ORIENTED_EDGE('',*,*,#810,.T.) ;
#1725=ORIENTED_EDGE('',*,*,#1688,.T.) ;
#1726=ORIENTED_EDGE('',*,*,#1698,.F.) ;
#1727=ORIENTED_EDGE('',*,*,#1705,.F.) ;
#1728=ORIENTED_EDGE('',*,*,#1713,.T.) ;
#1799=ORIENTED_EDGE('',*,*,#1688,.F.) ;
#1800=ORIENTED_EDGE('',*,*,#803,.T.) ;
#1801=ORIENTED_EDGE('',*,*,#1737,.T.) ;
#1802=ORIENTED_EDGE('',*,*,#1744,.T.) ;
#1803=ORIENTED_EDGE('',*,*,#1751,.T.) ;
#1804=ORIENTED_EDGE('',*,*,#1756,.F.) ;
#1805=ORIENTED_EDGE('',*,*,#1659,.F.) ;
#1806=ORIENTED_EDGE('',*,*,#1761,.F.) ;
#1807=ORIENTED_EDGE('',*,*,#1631,.F.) ;
#1808=ORIENTED_EDGE('',*,*,#1769,.T.) ;
#1809=ORIENTED_EDGE('',*,*,#1791,.T.) ;
#1810=ORIENTED_EDGE('',*,*,#1797,.F.) ;
#1857=ORIENTED_EDGE('',*,*,#1835,.T.) ;
#1858=ORIENTED_EDGE('',*,*,#1855,.T.) ;
#1905=ORIENTED_EDGE('',*,*,#1883,.T.) ;
#1906=ORIENTED_EDGE('',*,*,#1903,.T.) ;
#1953=ORIENTED_EDGE('',*,*,#1931,.T.) ;
#1954=ORIENTED_EDGE('',*,*,#1951,.T.) ;
#2001=ORIENTED_EDGE('',*,*,#1979,.T.) ;
#2002=ORIENTED_EDGE('',*,*,#1999,.T.) ;
#2049=ORIENTED_EDGE('',*,*,#2027,.T.) ;
#2050=ORIENTED_EDGE('',*,*,#2047,.T.) ;
#2107=ORIENTED_EDGE('',*,*,#2064,.F.) ;
#2108=ORIENTED_EDGE('',*,*,#2071,.F.) ;
#2109=ORIENTED_EDGE('',*,*,#2076,.F.) ;
#2110=ORIENTED_EDGE('',*,*,#1737,.F.) ;
#2111=ORIENTED_EDGE('',*,*,#796,.T.) ;
#2112=ORIENTED_EDGE('',*,*,#2083,.T.) ;
#2113=ORIENTED_EDGE('',*,*,#2093,.T.) ;
#2114=ORIENTED_EDGE('',*,*,#2100,.F.) ;
#2115=ORIENTED_EDGE('',*,*,#2105,.T.) ;
#2116=ORIENTED_EDGE('',*,*,#1751,.F.) ;
#2140=ORIENTED_EDGE('',*,*,#2083,.F.) ;
#2141=ORIENTED_EDGE('',*,*,#789,.T.) ;
#2142=ORIENTED_EDGE('',*,*,#2130,.T.) ;
#2143=ORIENTED_EDGE('',*,*,#2138,.F.) ;
#2243=ORIENTED_EDGE('',*,*,#2159,.T.) ;
#2244=ORIENTED_EDGE('',*,*,#2166,.T.) ;
#2245=ORIENTED_EDGE('',*,*,#2173,.T.) ;
#2246=ORIENTED_EDGE('',*,*,#2180,.T.) ;
#2247=ORIENTED_EDGE('',*,*,#2187,.T.) ;
#2248=ORIENTED_EDGE('',*,*,#2194,.F.) ;
#2249=ORIENTED_EDGE('',*,*,#2201,.T.) ;
#2250=ORIENTED_EDGE('',*,*,#2209,.F.) ;
#2251=ORIENTED_EDGE('',*,*,#2130,.F.) ;
#2252=ORIENTED_EDGE('',*,*,#782,.T.) ;
#2253=ORIENTED_EDGE('',*,*,#2216,.T.) ;
#2254=ORIENTED_EDGE('',*,*,#2226,.F.) ;
#2255=ORIENTED_EDGE('',*,*,#2233,.F.) ;
#2256=ORIENTED_EDGE('',*,*,#2241,.T.) ;
#2313=ORIENTED_EDGE('',*,*,#2216,.F.) ;
#2314=ORIENTED_EDGE('',*,*,#775,.T.) ;
#2315=ORIENTED_EDGE('',*,*,#2265,.F.) ;
#2316=ORIENTED_EDGE('',*,*,#2270,.F.) ;
#2317=ORIENTED_EDGE('',*,*,#2187,.F.) ;
#2318=ORIENTED_EDGE('',*,*,#2275,.F.) ;
#2319=ORIENTED_EDGE('',*,*,#2159,.F.) ;
#2320=ORIENTED_EDGE('',*,*,#2283,.T.) ;
#2321=ORIENTED_EDGE('',*,*,#2305,.T.) ;
#2322=ORIENTED_EDGE('',*,*,#2311,.F.) ;
#2369=ORIENTED_EDGE('',*,*,#2347,.T.) ;
#2370=ORIENTED_EDGE('',*,*,#2367,.T.) ;
#2417=ORIENTED_EDGE('',*,*,#2395,.T.) ;
#2418=ORIENTED_EDGE('',*,*,#2415,.T.) ;
#2448=ORIENTED_EDGE('',*,*,#2427,.F.) ;
#2449=ORIENTED_EDGE('',*,*,#2265,.T.) ;
#2450=ORIENTED_EDGE('',*,*,#768,.T.) ;
#2451=ORIENTED_EDGE('',*,*,#2434,.T.) ;
#2452=ORIENTED_EDGE('',*,*,#2441,.T.) ;
#2453=ORIENTED_EDGE('',*,*,#2446,.T.) ;
#2500=ORIENTED_EDGE('',*,*,#2478,.T.) ;
#2501=ORIENTED_EDGE('',*,*,#2498,.T.) ;
#2548=ORIENTED_EDGE('',*,*,#2526,.T.) ;
#2549=ORIENTED_EDGE('',*,*,#2546,.T.) ;
#2596=ORIENTED_EDGE('',*,*,#2574,.T.) ;
#2597=ORIENTED_EDGE('',*,*,#2594,.T.) ;
#2654=ORIENTED_EDGE('',*,*,#2611,.F.) ;
#2655=ORIENTED_EDGE('',*,*,#2618,.F.) ;
#2656=ORIENTED_EDGE('',*,*,#2623,.F.) ;
#2657=ORIENTED_EDGE('',*,*,#2434,.F.) ;
#2658=ORIENTED_EDGE('',*,*,#761,.T.) ;
#2659=ORIENTED_EDGE('',*,*,#2630,.T.) ;
#2660=ORIENTED_EDGE('',*,*,#2640,.T.) ;
#2661=ORIENTED_EDGE('',*,*,#2647,.F.) ;
#2662=ORIENTED_EDGE('',*,*,#2652,.T.) ;
#2663=ORIENTED_EDGE('',*,*,#2446,.F.) ;
#2687=ORIENTED_EDGE('',*,*,#2630,.F.) ;
#2688=ORIENTED_EDGE('',*,*,#754,.T.) ;
#2689=ORIENTED_EDGE('',*,*,#2677,.T.) ;
#2690=ORIENTED_EDGE('',*,*,#2685,.F.) ;
#2790=ORIENTED_EDGE('',*,*,#2706,.T.) ;
#2791=ORIENTED_EDGE('',*,*,#2713,.T.) ;
#2792=ORIENTED_EDGE('',*,*,#2720,.T.) ;
#2793=ORIENTED_EDGE('',*,*,#2727,.T.) ;
#2794=ORIENTED_EDGE('',*,*,#2734,.T.) ;
#2795=ORIENTED_EDGE('',*,*,#2741,.F.) ;
#2796=ORIENTED_EDGE('',*,*,#2748,.T.) ;
#2797=ORIENTED_EDGE('',*,*,#2756,.F.) ;
#2798=ORIENTED_EDGE('',*,*,#2677,.F.) ;
#2799=ORIENTED_EDGE('',*,*,#747,.T.) ;
#2800=ORIENTED_EDGE('',*,*,#2763,.T.) ;
#2801=ORIENTED_EDGE('',*,*,#2773,.F.) ;
#2802=ORIENTED_EDGE('',*,*,#2780,.F.) ;
#2803=ORIENTED_EDGE('',*,*,#2788,.T.) ;
#2865=ORIENTED_EDGE('',*,*,#2763,.F.) ;
#2866=ORIENTED_EDGE('',*,*,#740,.T.) ;
#2867=ORIENTED_EDGE('',*,*,#2810,.T.) ;
#2868=ORIENTED_EDGE('',*,*,#228,.T.) ;
#2869=ORIENTED_EDGE('',*,*,#2817,.T.) ;
#2870=ORIENTED_EDGE('',*,*,#2822,.F.) ;
#2871=ORIENTED_EDGE('',*,*,#2734,.F.) ;
#2872=ORIENTED_EDGE('',*,*,#2827,.F.) ;
#2873=ORIENTED_EDGE('',*,*,#2706,.F.) ;
#2874=ORIENTED_EDGE('',*,*,#2835,.T.) ;
#2875=ORIENTED_EDGE('',*,*,#2857,.T.) ;
#2876=ORIENTED_EDGE('',*,*,#2863,.F.) ;
#2923=ORIENTED_EDGE('',*,*,#2901,.T.) ;
#2924=ORIENTED_EDGE('',*,*,#2921,.T.) ;
#2971=ORIENTED_EDGE('',*,*,#2949,.T.) ;
#2972=ORIENTED_EDGE('',*,*,#2969,.T.) ;
#3019=ORIENTED_EDGE('',*,*,#2997,.T.) ;
#3020=ORIENTED_EDGE('',*,*,#3017,.T.) ;
#3067=ORIENTED_EDGE('',*,*,#3045,.T.) ;
#3068=ORIENTED_EDGE('',*,*,#3065,.T.) ;
#3115=ORIENTED_EDGE('',*,*,#3093,.T.) ;
#3116=ORIENTED_EDGE('',*,*,#3113,.T.) ;
#3149=ORIENTED_EDGE('',*,*,#161,.F.) ;
#3150=ORIENTED_EDGE('',*,*,#83,.F.) ;
#3151=ORIENTED_EDGE('',*,*,#128,.F.) ;
#3152=ORIENTED_EDGE('',*,*,#2810,.F.) ;
#3153=ORIENTED_EDGE('',*,*,#733,.T.) ;
#3154=ORIENTED_EDGE('',*,*,#3125,.T.) ;
#3155=ORIENTED_EDGE('',*,*,#3135,.T.) ;
#3156=ORIENTED_EDGE('',*,*,#3142,.F.) ;
#3157=ORIENTED_EDGE('',*,*,#3147,.T.) ;
#3158=ORIENTED_EDGE('',*,*,#2817,.F.) ;
#3182=ORIENTED_EDGE('',*,*,#3125,.F.) ;
#3183=ORIENTED_EDGE('',*,*,#726,.T.) ;
#3184=ORIENTED_EDGE('',*,*,#3172,.T.) ;
#3185=ORIENTED_EDGE('',*,*,#3180,.F.) ;
#3257=ORIENTED_EDGE('',*,*,#3194,.T.) ;
#3258=ORIENTED_EDGE('',*,*,#135,.T.) ;
#3259=ORIENTED_EDGE('',*,*,#95,.T.) ;
#3260=ORIENTED_EDGE('',*,*,#187,.T.) ;
#3261=ORIENTED_EDGE('',*,*,#3201,.T.) ;
#3262=ORIENTED_EDGE('',*,*,#3208,.F.) ;
#3263=ORIENTED_EDGE('',*,*,#3215,.T.) ;
#3264=ORIENTED_EDGE('',*,*,#3223,.F.) ;
#3265=ORIENTED_EDGE('',*,*,#3172,.F.) ;
#3266=ORIENTED_EDGE('',*,*,#719,.T.) ;
#3267=ORIENTED_EDGE('',*,*,#3230,.T.) ;
#3268=ORIENTED_EDGE('',*,*,#3240,.F.) ;
#3269=ORIENTED_EDGE('',*,*,#3247,.F.) ;
#3270=ORIENTED_EDGE('',*,*,#3255,.T.) ;
#3343=ORIENTED_EDGE('',*,*,#3286,.F.) ;
#3344=ORIENTED_EDGE('',*,*,#3293,.F.) ;
#3345=ORIENTED_EDGE('',*,*,#3300,.F.) ;
#3346=ORIENTED_EDGE('',*,*,#3305,.F.) ;
#3347=ORIENTED_EDGE('',*,*,#705,.T.) ;
#3348=ORIENTED_EDGE('',*,*,#3312,.T.) ;
#3349=ORIENTED_EDGE('',*,*,#3322,.T.) ;
#3350=ORIENTED_EDGE('',*,*,#3329,.F.) ;
#3351=ORIENTED_EDGE('',*,*,#3336,.T.) ;
#3352=ORIENTED_EDGE('',*,*,#3341,.F.) ;
#3369=ORIENTED_EDGE('',*,*,#3312,.F.) ;
#3370=ORIENTED_EDGE('',*,*,#698,.T.) ;
#3371=ORIENTED_EDGE('',*,*,#1020,.T.) ;
#3372=ORIENTED_EDGE('',*,*,#3367,.F.) ;
#3417=ORIENTED_EDGE('',*,*,#3384,.T.) ;
#3418=ORIENTED_EDGE('',*,*,#1565,.F.) ;
#3419=ORIENTED_EDGE('',*,*,#1610,.T.) ;
#3420=ORIENTED_EDGE('',*,*,#1681,.T.) ;
#3421=ORIENTED_EDGE('',*,*,#3389,.T.) ;
#3422=ORIENTED_EDGE('',*,*,#2093,.F.) ;
#3423=ORIENTED_EDGE('',*,*,#2138,.T.) ;
#3424=ORIENTED_EDGE('',*,*,#2209,.T.) ;
#3425=ORIENTED_EDGE('',*,*,#3396,.T.) ;
#3426=ORIENTED_EDGE('',*,*,#3403,.F.) ;
#3427=ORIENTED_EDGE('',*,*,#3410,.F.) ;
#3428=ORIENTED_EDGE('',*,*,#3415,.T.) ;
#3429=ORIENTED_EDGE('',*,*,#950,.T.) ;
#3430=ORIENTED_EDGE('',*,*,#920,.F.) ;
#3431=ORIENTED_EDGE('',*,*,#1082,.T.) ;
#3432=ORIENTED_EDGE('',*,*,#1153,.T.) ;
#3456=ORIENTED_EDGE('',*,*,#969,.T.) ;
#3457=ORIENTED_EDGE('',*,*,#3415,.F.) ;
#3458=ORIENTED_EDGE('',*,*,#3439,.F.) ;
#3459=ORIENTED_EDGE('',*,*,#3403,.T.) ;
#3460=ORIENTED_EDGE('',*,*,#3444,.T.) ;
#3461=ORIENTED_EDGE('',*,*,#2640,.F.) ;
#3462=ORIENTED_EDGE('',*,*,#2685,.T.) ;
#3463=ORIENTED_EDGE('',*,*,#2756,.T.) ;
#3464=ORIENTED_EDGE('',*,*,#3449,.T.) ;
#3465=ORIENTED_EDGE('',*,*,#3135,.F.) ;
#3466=ORIENTED_EDGE('',*,*,#3180,.T.) ;
#3467=ORIENTED_EDGE('',*,*,#3223,.T.) ;
#3468=ORIENTED_EDGE('',*,*,#3454,.T.) ;
#3469=ORIENTED_EDGE('',*,*,#3322,.F.) ;
#3470=ORIENTED_EDGE('',*,*,#3367,.T.) ;
#3471=ORIENTED_EDGE('',*,*,#1015,.T.) ;
#3480=ORIENTED_EDGE('',*,*,#1138,.T.) ;
#3481=ORIENTED_EDGE('',*,*,#1228,.T.) ;
#3482=ORIENTED_EDGE('',*,*,#1577,.F.) ;
#3483=ORIENTED_EDGE('',*,*,#3478,.F.) ;
#3487=ORIENTED_EDGE('',*,*,#1572,.T.) ;
#3488=ORIENTED_EDGE('',*,*,#3384,.F.) ;
#3489=ORIENTED_EDGE('',*,*,#1145,.F.) ;
#3490=ORIENTED_EDGE('',*,*,#3478,.T.) ;
#3499=ORIENTED_EDGE('',*,*,#3497,.F.) ;
#3500=ORIENTED_EDGE('',*,*,#1666,.T.) ;
#3501=ORIENTED_EDGE('',*,*,#1756,.T.) ;
#3502=ORIENTED_EDGE('',*,*,#2105,.F.) ;
#3506=ORIENTED_EDGE('',*,*,#3389,.F.) ;
#3507=ORIENTED_EDGE('',*,*,#1673,.F.) ;
#3508=ORIENTED_EDGE('',*,*,#3497,.T.) ;
#3509=ORIENTED_EDGE('',*,*,#2100,.T.) ;
#3525=ORIENTED_EDGE('',*,*,#2270,.T.) ;
#3526=ORIENTED_EDGE('',*,*,#2427,.T.) ;
#3527=ORIENTED_EDGE('',*,*,#2652,.F.) ;
#3528=ORIENTED_EDGE('',*,*,#3518,.F.) ;
#3529=ORIENTED_EDGE('',*,*,#3523,.F.) ;
#3530=ORIENTED_EDGE('',*,*,#2194,.T.) ;
#3539=ORIENTED_EDGE('',*,*,#3523,.T.) ;
#3540=ORIENTED_EDGE('',*,*,#3537,.F.) ;
#3541=ORIENTED_EDGE('',*,*,#3396,.F.) ;
#3542=ORIENTED_EDGE('',*,*,#2201,.F.) ;
#3546=ORIENTED_EDGE('',*,*,#3444,.F.) ;
#3547=ORIENTED_EDGE('',*,*,#3537,.T.) ;
#3548=ORIENTED_EDGE('',*,*,#3518,.T.) ;
#3549=ORIENTED_EDGE('',*,*,#2647,.T.) ;
#3558=ORIENTED_EDGE('',*,*,#2822,.T.) ;
#3559=ORIENTED_EDGE('',*,*,#3147,.F.) ;
#3560=ORIENTED_EDGE('',*,*,#3556,.F.) ;
#3561=ORIENTED_EDGE('',*,*,#2741,.T.) ;
#3565=ORIENTED_EDGE('',*,*,#3556,.T.) ;
#3566=ORIENTED_EDGE('',*,*,#3142,.T.) ;
#3567=ORIENTED_EDGE('',*,*,#3449,.F.) ;
#3568=ORIENTED_EDGE('',*,*,#2748,.F.) ;
#3582=ORIENTED_EDGE('',*,*,#3575,.F.) ;
#3583=ORIENTED_EDGE('',*,*,#3208,.T.) ;
#3584=ORIENTED_EDGE('',*,*,#3580,.T.) ;
#3585=ORIENTED_EDGE('',*,*,#3336,.F.) ;
#3589=ORIENTED_EDGE('',*,*,#3454,.F.) ;
#3590=ORIENTED_EDGE('',*,*,#3215,.F.) ;
#3591=ORIENTED_EDGE('',*,*,#3575,.T.) ;
#3592=ORIENTED_EDGE('',*,*,#3329,.T.) ;
#3601=ORIENTED_EDGE('',*,*,#3439,.T.) ;
#3602=ORIENTED_EDGE('',*,*,#3410,.T.) ;
#3621=ORIENTED_EDGE('',*,*,#3614,.F.) ;
#3622=ORIENTED_EDGE('',*,*,#3293,.T.) ;
#3623=ORIENTED_EDGE('',*,*,#3619,.T.) ;
#3624=ORIENTED_EDGE('',*,*,#1000,.F.) ;
#3652=ORIENTED_EDGE('',*,*,#3640,.F.) ;
#3653=ORIENTED_EDGE('',*,*,#3645,.T.) ;
#3654=ORIENTED_EDGE('',*,*,#3300,.T.) ;
#3655=ORIENTED_EDGE('',*,*,#3614,.T.) ;
#3656=ORIENTED_EDGE('',*,*,#993,.F.) ;
#3657=ORIENTED_EDGE('',*,*,#3650,.F.) ;
#3680=ORIENTED_EDGE('',*,*,#3619,.F.) ;
#3681=ORIENTED_EDGE('',*,*,#3286,.T.) ;
#3682=ORIENTED_EDGE('',*,*,#3666,.T.) ;
#3683=ORIENTED_EDGE('',*,*,#3673,.T.) ;
#3684=ORIENTED_EDGE('',*,*,#3678,.F.) ;
#3685=ORIENTED_EDGE('',*,*,#1005,.F.) ;
#3704=ORIENTED_EDGE('',*,*,#3673,.F.) ;
#3705=ORIENTED_EDGE('',*,*,#3697,.T.) ;
#3706=ORIENTED_EDGE('',*,*,#3640,.T.) ;
#3707=ORIENTED_EDGE('',*,*,#3702,.F.) ;
#3716=ORIENTED_EDGE('',*,*,#527,.T.) ;
#3717=ORIENTED_EDGE('',*,*,#3678,.T.) ;
#3718=ORIENTED_EDGE('',*,*,#3702,.T.) ;
#3719=ORIENTED_EDGE('',*,*,#3650,.T.) ;
#3733=ORIENTED_EDGE('',*,*,#3645,.F.) ;
#3734=ORIENTED_EDGE('',*,*,#3697,.F.) ;
#3735=ORIENTED_EDGE('',*,*,#3666,.F.) ;
#3736=ORIENTED_EDGE('',*,*,#3731,.F.) ;
#3755=ORIENTED_EDGE('',*,*,#3748,.F.) ;
#3756=ORIENTED_EDGE('',*,*,#898,.T.) ;
#3757=ORIENTED_EDGE('',*,*,#3753,.T.) ;
#3758=ORIENTED_EDGE('',*,*,#1117,.F.) ;
#3786=ORIENTED_EDGE('',*,*,#3774,.F.) ;
#3787=ORIENTED_EDGE('',*,*,#3779,.T.) ;
#3788=ORIENTED_EDGE('',*,*,#903,.T.) ;
#3789=ORIENTED_EDGE('',*,*,#3748,.T.) ;
#3790=ORIENTED_EDGE('',*,*,#1110,.F.) ;
#3791=ORIENTED_EDGE('',*,*,#3784,.F.) ;
#3814=ORIENTED_EDGE('',*,*,#3753,.F.) ;
#3815=ORIENTED_EDGE('',*,*,#891,.T.) ;
#3816=ORIENTED_EDGE('',*,*,#3800,.T.) ;
#3817=ORIENTED_EDGE('',*,*,#3807,.T.) ;
#3818=ORIENTED_EDGE('',*,*,#3812,.F.) ;
#3819=ORIENTED_EDGE('',*,*,#1124,.F.) ;
#3838=ORIENTED_EDGE('',*,*,#3807,.F.) ;
#3839=ORIENTED_EDGE('',*,*,#3831,.T.) ;
#3840=ORIENTED_EDGE('',*,*,#3774,.T.) ;
#3841=ORIENTED_EDGE('',*,*,#3836,.F.) ;
#3850=ORIENTED_EDGE('',*,*,#1233,.T.) ;
#3851=ORIENTED_EDGE('',*,*,#3812,.T.) ;
#3852=ORIENTED_EDGE('',*,*,#3836,.T.) ;
#3853=ORIENTED_EDGE('',*,*,#3784,.T.) ;
#3862=ORIENTED_EDGE('',*,*,#3779,.F.) ;
#3863=ORIENTED_EDGE('',*,*,#3831,.F.) ;
#3864=ORIENTED_EDGE('',*,*,#3800,.F.) ;
#3865=ORIENTED_EDGE('',*,*,#294,.F.) ;
#3884=ORIENTED_EDGE('',*,*,#3877,.F.) ;
#3885=ORIENTED_EDGE('',*,*,#1543,.T.) ;
#3886=ORIENTED_EDGE('',*,*,#3882,.T.) ;
#3887=ORIENTED_EDGE('',*,*,#1645,.F.) ;
#3915=ORIENTED_EDGE('',*,*,#3903,.F.) ;
#3916=ORIENTED_EDGE('',*,*,#3908,.T.) ;
#3917=ORIENTED_EDGE('',*,*,#1548,.T.) ;
#3918=ORIENTED_EDGE('',*,*,#3877,.T.) ;
#3919=ORIENTED_EDGE('',*,*,#1638,.F.) ;
#3920=ORIENTED_EDGE('',*,*,#3913,.F.) ;
#3943=ORIENTED_EDGE('',*,*,#3882,.F.) ;
#3944=ORIENTED_EDGE('',*,*,#1536,.T.) ;
#3945=ORIENTED_EDGE('',*,*,#3929,.T.) ;
#3946=ORIENTED_EDGE('',*,*,#3936,.T.) ;
#3947=ORIENTED_EDGE('',*,*,#3941,.F.) ;
#3948=ORIENTED_EDGE('',*,*,#1652,.F.) ;
#3967=ORIENTED_EDGE('',*,*,#3936,.F.) ;
#3968=ORIENTED_EDGE('',*,*,#3960,.T.) ;
#3969=ORIENTED_EDGE('',*,*,#3903,.T.) ;
#3970=ORIENTED_EDGE('',*,*,#3965,.F.) ;
#3979=ORIENTED_EDGE('',*,*,#1761,.T.) ;
#3980=ORIENTED_EDGE('',*,*,#3941,.T.) ;
#3981=ORIENTED_EDGE('',*,*,#3965,.T.) ;
#3982=ORIENTED_EDGE('',*,*,#3913,.T.) ;
#3991=ORIENTED_EDGE('',*,*,#3908,.F.) ;
#3992=ORIENTED_EDGE('',*,*,#3960,.F.) ;
#3993=ORIENTED_EDGE('',*,*,#3929,.F.) ;
#3994=ORIENTED_EDGE('',*,*,#1216,.F.) ;
#4013=ORIENTED_EDGE('',*,*,#4006,.F.) ;
#4014=ORIENTED_EDGE('',*,*,#2071,.T.) ;
#4015=ORIENTED_EDGE('',*,*,#4011,.T.) ;
#4016=ORIENTED_EDGE('',*,*,#2173,.F.) ;
#4044=ORIENTED_EDGE('',*,*,#4032,.F.) ;
#4045=ORIENTED_EDGE('',*,*,#4037,.T.) ;
#4046=ORIENTED_EDGE('',*,*,#2076,.T.) ;
#4047=ORIENTED_EDGE('',*,*,#4006,.T.) ;
#4048=ORIENTED_EDGE('',*,*,#2166,.F.) ;
#4049=ORIENTED_EDGE('',*,*,#4042,.F.) ;
#4072=ORIENTED_EDGE('',*,*,#4011,.F.) ;
#4073=ORIENTED_EDGE('',*,*,#2064,.T.) ;
#4074=ORIENTED_EDGE('',*,*,#4058,.T.) ;
#4075=ORIENTED_EDGE('',*,*,#4065,.T.) ;
#4076=ORIENTED_EDGE('',*,*,#4070,.F.) ;
#4077=ORIENTED_EDGE('',*,*,#2180,.F.) ;
#4096=ORIENTED_EDGE('',*,*,#4065,.F.) ;
#4097=ORIENTED_EDGE('',*,*,#4089,.T.) ;
#4098=ORIENTED_EDGE('',*,*,#4032,.T.) ;
#4099=ORIENTED_EDGE('',*,*,#4094,.F.) ;
#4108=ORIENTED_EDGE('',*,*,#2275,.T.) ;
#4109=ORIENTED_EDGE('',*,*,#4070,.T.) ;
#4110=ORIENTED_EDGE('',*,*,#4094,.T.) ;
#4111=ORIENTED_EDGE('',*,*,#4042,.T.) ;
#4120=ORIENTED_EDGE('',*,*,#4037,.F.) ;
#4121=ORIENTED_EDGE('',*,*,#4089,.F.) ;
#4122=ORIENTED_EDGE('',*,*,#4058,.F.) ;
#4123=ORIENTED_EDGE('',*,*,#1744,.F.) ;
#4142=ORIENTED_EDGE('',*,*,#4135,.F.) ;
#4143=ORIENTED_EDGE('',*,*,#2618,.T.) ;
#4144=ORIENTED_EDGE('',*,*,#4140,.T.) ;
#4145=ORIENTED_EDGE('',*,*,#2720,.F.) ;
#4173=ORIENTED_EDGE('',*,*,#4161,.F.) ;
#4174=ORIENTED_EDGE('',*,*,#4166,.T.) ;
#4175=ORIENTED_EDGE('',*,*,#2623,.T.) ;
#4176=ORIENTED_EDGE('',*,*,#4135,.T.) ;
#4177=ORIENTED_EDGE('',*,*,#2713,.F.) ;
#4178=ORIENTED_EDGE('',*,*,#4171,.F.) ;
#4201=ORIENTED_EDGE('',*,*,#4140,.F.) ;
#4202=ORIENTED_EDGE('',*,*,#2611,.T.) ;
#4203=ORIENTED_EDGE('',*,*,#4187,.T.) ;
#4204=ORIENTED_EDGE('',*,*,#4194,.T.) ;
#4205=ORIENTED_EDGE('',*,*,#4199,.F.) ;
#4206=ORIENTED_EDGE('',*,*,#2727,.F.) ;
#4225=ORIENTED_EDGE('',*,*,#4194,.F.) ;
#4226=ORIENTED_EDGE('',*,*,#4218,.T.) ;
#4227=ORIENTED_EDGE('',*,*,#4161,.T.) ;
#4228=ORIENTED_EDGE('',*,*,#4223,.F.) ;
#4237=ORIENTED_EDGE('',*,*,#2827,.T.) ;
#4238=ORIENTED_EDGE('',*,*,#4199,.T.) ;
#4239=ORIENTED_EDGE('',*,*,#4223,.T.) ;
#4240=ORIENTED_EDGE('',*,*,#4171,.T.) ;
#4249=ORIENTED_EDGE('',*,*,#4166,.F.) ;
#4250=ORIENTED_EDGE('',*,*,#4218,.F.) ;
#4251=ORIENTED_EDGE('',*,*,#4187,.F.) ;
#4252=ORIENTED_EDGE('',*,*,#2441,.F.) ;
#4292=ORIENTED_EDGE('',*,*,#3230,.F.) ;
#4293=ORIENTED_EDGE('',*,*,#712,.T.) ;
#4294=ORIENTED_EDGE('',*,*,#3305,.T.) ;
#4295=ORIENTED_EDGE('',*,*,#3731,.T.) ;
#4296=ORIENTED_EDGE('',*,*,#3341,.T.) ;
#4297=ORIENTED_EDGE('',*,*,#3580,.F.) ;
#4298=ORIENTED_EDGE('',*,*,#3201,.F.) ;
#4299=ORIENTED_EDGE('',*,*,#245,.F.) ;
#4300=ORIENTED_EDGE('',*,*,#3194,.F.) ;
#4301=ORIENTED_EDGE('',*,*,#4262,.T.) ;
#4302=ORIENTED_EDGE('',*,*,#4284,.T.) ;
#4303=ORIENTED_EDGE('',*,*,#4290,.F.) ;
#4350=ORIENTED_EDGE('',*,*,#4328,.T.) ;
#4351=ORIENTED_EDGE('',*,*,#4348,.T.) ;
#4398=ORIENTED_EDGE('',*,*,#4376,.T.) ;
#4399=ORIENTED_EDGE('',*,*,#4396,.T.) ;
#4446=ORIENTED_EDGE('',*,*,#4424,.T.) ;
#4447=ORIENTED_EDGE('',*,*,#4444,.T.) ;
#4494=ORIENTED_EDGE('',*,*,#4472,.T.) ;
#4495=ORIENTED_EDGE('',*,*,#4492,.T.) ;
#4542=ORIENTED_EDGE('',*,*,#4520,.T.) ;
#4543=ORIENTED_EDGE('',*,*,#4540,.T.) ;
#4568=ORIENTED_EDGE('',*,*,#4560,.F.) ;
#4569=ORIENTED_EDGE('',*,*,#4566,.F.) ;
#4591=ORIENTED_EDGE('',*,*,#4584,.F.) ;
#4592=ORIENTED_EDGE('',*,*,#4566,.T.) ;
#4593=ORIENTED_EDGE('',*,*,#4589,.T.) ;
#4594=ORIENTED_EDGE('',*,*,#4348,.F.) ;
#4606=ORIENTED_EDGE('',*,*,#4589,.F.) ;
#4607=ORIENTED_EDGE('',*,*,#4560,.T.) ;
#4608=ORIENTED_EDGE('',*,*,#4584,.T.) ;
#4609=ORIENTED_EDGE('',*,*,#4328,.F.) ;
#4634=ORIENTED_EDGE('',*,*,#4626,.F.) ;
#4635=ORIENTED_EDGE('',*,*,#4632,.F.) ;
#4657=ORIENTED_EDGE('',*,*,#4650,.F.) ;
#4658=ORIENTED_EDGE('',*,*,#4626,.T.) ;
#4659=ORIENTED_EDGE('',*,*,#4655,.T.) ;
#4660=ORIENTED_EDGE('',*,*,#4396,.F.) ;
#4672=ORIENTED_EDGE('',*,*,#4655,.F.) ;
#4673=ORIENTED_EDGE('',*,*,#4632,.T.) ;
#4674=ORIENTED_EDGE('',*,*,#4650,.T.) ;
#4675=ORIENTED_EDGE('',*,*,#4376,.F.) ;
#4700=ORIENTED_EDGE('',*,*,#4692,.F.) ;
#4701=ORIENTED_EDGE('',*,*,#4698,.F.) ;
#4723=ORIENTED_EDGE('',*,*,#4716,.F.) ;
#4724=ORIENTED_EDGE('',*,*,#4692,.T.) ;
#4725=ORIENTED_EDGE('',*,*,#4721,.T.) ;
#4726=ORIENTED_EDGE('',*,*,#4444,.F.) ;
#4738=ORIENTED_EDGE('',*,*,#4721,.F.) ;
#4739=ORIENTED_EDGE('',*,*,#4698,.T.) ;
#4740=ORIENTED_EDGE('',*,*,#4716,.T.) ;
#4741=ORIENTED_EDGE('',*,*,#4424,.F.) ;
#4766=ORIENTED_EDGE('',*,*,#4758,.F.) ;
#4767=ORIENTED_EDGE('',*,*,#4764,.F.) ;
#4789=ORIENTED_EDGE('',*,*,#4782,.F.) ;
#4790=ORIENTED_EDGE('',*,*,#4758,.T.) ;
#4791=ORIENTED_EDGE('',*,*,#4787,.T.) ;
#4792=ORIENTED_EDGE('',*,*,#4492,.F.) ;
#4804=ORIENTED_EDGE('',*,*,#4787,.F.) ;
#4805=ORIENTED_EDGE('',*,*,#4764,.T.) ;
#4806=ORIENTED_EDGE('',*,*,#4782,.T.) ;
#4807=ORIENTED_EDGE('',*,*,#4472,.F.) ;
#4832=ORIENTED_EDGE('',*,*,#4824,.F.) ;
#4833=ORIENTED_EDGE('',*,*,#4830,.F.) ;
#4855=ORIENTED_EDGE('',*,*,#4848,.F.) ;
#4856=ORIENTED_EDGE('',*,*,#4824,.T.) ;
#4857=ORIENTED_EDGE('',*,*,#4853,.T.) ;
#4858=ORIENTED_EDGE('',*,*,#4540,.F.) ;
#4870=ORIENTED_EDGE('',*,*,#4853,.F.) ;
#4871=ORIENTED_EDGE('',*,*,#4830,.T.) ;
#4872=ORIENTED_EDGE('',*,*,#4848,.T.) ;
#4873=ORIENTED_EDGE('',*,*,#4520,.F.) ;
#4904=ORIENTED_EDGE('',*,*,#1037,.T.) ;
#4905=ORIENTED_EDGE('',*,*,#4888,.F.) ;
#4906=ORIENTED_EDGE('',*,*,#4896,.F.) ;
#4907=ORIENTED_EDGE('',*,*,#4902,.F.) ;
#4929=ORIENTED_EDGE('',*,*,#4922,.F.) ;
#4930=ORIENTED_EDGE('',*,*,#4896,.T.) ;
#4931=ORIENTED_EDGE('',*,*,#4927,.T.) ;
#4932=ORIENTED_EDGE('',*,*,#564,.F.) ;
#4944=ORIENTED_EDGE('',*,*,#4927,.F.) ;
#4945=ORIENTED_EDGE('',*,*,#4888,.T.) ;
#4946=ORIENTED_EDGE('',*,*,#1030,.T.) ;
#4947=ORIENTED_EDGE('',*,*,#570,.T.) ;
#4959=ORIENTED_EDGE('',*,*,#4902,.T.) ;
#4960=ORIENTED_EDGE('',*,*,#4922,.T.) ;
#4961=ORIENTED_EDGE('',*,*,#542,.F.) ;
#4962=ORIENTED_EDGE('',*,*,#1045,.F.) ;
#4987=ORIENTED_EDGE('',*,*,#4979,.F.) ;
#4988=ORIENTED_EDGE('',*,*,#4985,.F.) ;
#5010=ORIENTED_EDGE('',*,*,#5003,.F.) ;
#5011=ORIENTED_EDGE('',*,*,#4979,.T.) ;
#5012=ORIENTED_EDGE('',*,*,#5008,.T.) ;
#5013=ORIENTED_EDGE('',*,*,#626,.F.) ;
#5025=ORIENTED_EDGE('',*,*,#5008,.F.) ;
#5026=ORIENTED_EDGE('',*,*,#4985,.T.) ;
#5027=ORIENTED_EDGE('',*,*,#5003,.T.) ;
#5028=ORIENTED_EDGE('',*,*,#606,.F.) ;
#5053=ORIENTED_EDGE('',*,*,#5045,.F.) ;
#5054=ORIENTED_EDGE('',*,*,#5051,.F.) ;
#5076=ORIENTED_EDGE('',*,*,#5069,.F.) ;
#5077=ORIENTED_EDGE('',*,*,#5045,.T.) ;
#5078=ORIENTED_EDGE('',*,*,#5074,.T.) ;
#5079=ORIENTED_EDGE('',*,*,#674,.F.) ;
#5091=ORIENTED_EDGE('',*,*,#5074,.F.) ;
#5092=ORIENTED_EDGE('',*,*,#5051,.T.) ;
#5093=ORIENTED_EDGE('',*,*,#5069,.T.) ;
#5094=ORIENTED_EDGE('',*,*,#654,.F.) ;
#5119=ORIENTED_EDGE('',*,*,#5111,.F.) ;
#5120=ORIENTED_EDGE('',*,*,#5117,.F.) ;
#5142=ORIENTED_EDGE('',*,*,#5135,.F.) ;
#5143=ORIENTED_EDGE('',*,*,#5111,.T.) ;
#5144=ORIENTED_EDGE('',*,*,#5140,.T.) ;
#5145=ORIENTED_EDGE('',*,*,#351,.F.) ;
#5157=ORIENTED_EDGE('',*,*,#5140,.F.) ;
#5158=ORIENTED_EDGE('',*,*,#5117,.T.) ;
#5159=ORIENTED_EDGE('',*,*,#5135,.T.) ;
#5160=ORIENTED_EDGE('',*,*,#331,.F.) ;
#5185=ORIENTED_EDGE('',*,*,#5177,.F.) ;
#5186=ORIENTED_EDGE('',*,*,#5183,.F.) ;
#5208=ORIENTED_EDGE('',*,*,#5201,.F.) ;
#5209=ORIENTED_EDGE('',*,*,#5177,.T.) ;
#5210=ORIENTED_EDGE('',*,*,#5206,.T.) ;
#5211=ORIENTED_EDGE('',*,*,#399,.F.) ;
#5223=ORIENTED_EDGE('',*,*,#5206,.F.) ;
#5224=ORIENTED_EDGE('',*,*,#5183,.T.) ;
#5225=ORIENTED_EDGE('',*,*,#5201,.T.) ;
#5226=ORIENTED_EDGE('',*,*,#379,.F.) ;
#5251=ORIENTED_EDGE('',*,*,#5243,.F.) ;
#5252=ORIENTED_EDGE('',*,*,#5249,.F.) ;
#5274=ORIENTED_EDGE('',*,*,#5267,.F.) ;
#5275=ORIENTED_EDGE('',*,*,#5243,.T.) ;
#5276=ORIENTED_EDGE('',*,*,#5272,.T.) ;
#5277=ORIENTED_EDGE('',*,*,#447,.F.) ;
#5289=ORIENTED_EDGE('',*,*,#5272,.F.) ;
#5290=ORIENTED_EDGE('',*,*,#5249,.T.) ;
#5291=ORIENTED_EDGE('',*,*,#5267,.T.) ;
#5292=ORIENTED_EDGE('',*,*,#427,.F.) ;
#5323=ORIENTED_EDGE('',*,*,#1177,.T.) ;
#5324=ORIENTED_EDGE('',*,*,#5307,.F.) ;
#5325=ORIENTED_EDGE('',*,*,#5315,.F.) ;
#5326=ORIENTED_EDGE('',*,*,#5321,.F.) ;
#5348=ORIENTED_EDGE('',*,*,#5341,.F.) ;
#5349=ORIENTED_EDGE('',*,*,#5315,.T.) ;
#5350=ORIENTED_EDGE('',*,*,#5346,.T.) ;
#5351=ORIENTED_EDGE('',*,*,#1263,.F.) ;
#5363=ORIENTED_EDGE('',*,*,#5346,.F.) ;
#5364=ORIENTED_EDGE('',*,*,#5307,.T.) ;
#5365=ORIENTED_EDGE('',*,*,#1170,.T.) ;
#5366=ORIENTED_EDGE('',*,*,#1269,.T.) ;
#5378=ORIENTED_EDGE('',*,*,#5321,.T.) ;
#5379=ORIENTED_EDGE('',*,*,#5341,.T.) ;
#5380=ORIENTED_EDGE('',*,*,#1241,.F.) ;
#5381=ORIENTED_EDGE('',*,*,#1185,.F.) ;
#5406=ORIENTED_EDGE('',*,*,#5398,.F.) ;
#5407=ORIENTED_EDGE('',*,*,#5404,.F.) ;
#5429=ORIENTED_EDGE('',*,*,#5422,.F.) ;
#5430=ORIENTED_EDGE('',*,*,#5398,.T.) ;
#5431=ORIENTED_EDGE('',*,*,#5427,.T.) ;
#5432=ORIENTED_EDGE('',*,*,#1327,.F.) ;
#5444=ORIENTED_EDGE('',*,*,#5427,.F.) ;
#5445=ORIENTED_EDGE('',*,*,#5404,.T.) ;
#5446=ORIENTED_EDGE('',*,*,#5422,.T.) ;
#5447=ORIENTED_EDGE('',*,*,#1307,.F.) ;
#5472=ORIENTED_EDGE('',*,*,#5464,.F.) ;
#5473=ORIENTED_EDGE('',*,*,#5470,.F.) ;
#5495=ORIENTED_EDGE('',*,*,#5488,.F.) ;
#5496=ORIENTED_EDGE('',*,*,#5464,.T.) ;
#5497=ORIENTED_EDGE('',*,*,#5493,.T.) ;
#5498=ORIENTED_EDGE('',*,*,#1375,.F.) ;
#5510=ORIENTED_EDGE('',*,*,#5493,.F.) ;
#5511=ORIENTED_EDGE('',*,*,#5470,.T.) ;
#5512=ORIENTED_EDGE('',*,*,#5488,.T.) ;
#5513=ORIENTED_EDGE('',*,*,#1355,.F.) ;
#5538=ORIENTED_EDGE('',*,*,#5530,.F.) ;
#5539=ORIENTED_EDGE('',*,*,#5536,.F.) ;
#5561=ORIENTED_EDGE('',*,*,#5554,.F.) ;
#5562=ORIENTED_EDGE('',*,*,#5530,.T.) ;
#5563=ORIENTED_EDGE('',*,*,#5559,.T.) ;
#5564=ORIENTED_EDGE('',*,*,#1423,.F.) ;
#5576=ORIENTED_EDGE('',*,*,#5559,.F.) ;
#5577=ORIENTED_EDGE('',*,*,#5536,.T.) ;
#5578=ORIENTED_EDGE('',*,*,#5554,.T.) ;
#5579=ORIENTED_EDGE('',*,*,#1403,.F.) ;
#5604=ORIENTED_EDGE('',*,*,#5596,.F.) ;
#5605=ORIENTED_EDGE('',*,*,#5602,.F.) ;
#5627=ORIENTED_EDGE('',*,*,#5620,.F.) ;
#5628=ORIENTED_EDGE('',*,*,#5596,.T.) ;
#5629=ORIENTED_EDGE('',*,*,#5625,.T.) ;
#5630=ORIENTED_EDGE('',*,*,#1471,.F.) ;
#5642=ORIENTED_EDGE('',*,*,#5625,.F.) ;
#5643=ORIENTED_EDGE('',*,*,#5602,.T.) ;
#5644=ORIENTED_EDGE('',*,*,#5620,.T.) ;
#5645=ORIENTED_EDGE('',*,*,#1451,.F.) ;
#5670=ORIENTED_EDGE('',*,*,#5662,.F.) ;
#5671=ORIENTED_EDGE('',*,*,#5668,.F.) ;
#5693=ORIENTED_EDGE('',*,*,#5686,.F.) ;
#5694=ORIENTED_EDGE('',*,*,#5662,.T.) ;
#5695=ORIENTED_EDGE('',*,*,#5691,.T.) ;
#5696=ORIENTED_EDGE('',*,*,#1519,.F.) ;
#5708=ORIENTED_EDGE('',*,*,#5691,.F.) ;
#5709=ORIENTED_EDGE('',*,*,#5668,.T.) ;
#5710=ORIENTED_EDGE('',*,*,#5686,.T.) ;
#5711=ORIENTED_EDGE('',*,*,#1499,.F.) ;
#5742=ORIENTED_EDGE('',*,*,#1705,.T.) ;
#5743=ORIENTED_EDGE('',*,*,#5726,.F.) ;
#5744=ORIENTED_EDGE('',*,*,#5734,.F.) ;
#5745=ORIENTED_EDGE('',*,*,#5740,.F.) ;
#5767=ORIENTED_EDGE('',*,*,#5760,.F.) ;
#5768=ORIENTED_EDGE('',*,*,#5734,.T.) ;
#5769=ORIENTED_EDGE('',*,*,#5765,.T.) ;
#5770=ORIENTED_EDGE('',*,*,#1791,.F.) ;
#5782=ORIENTED_EDGE('',*,*,#5765,.F.) ;
#5783=ORIENTED_EDGE('',*,*,#5726,.T.) ;
#5784=ORIENTED_EDGE('',*,*,#1698,.T.) ;
#5785=ORIENTED_EDGE('',*,*,#1797,.T.) ;
#5797=ORIENTED_EDGE('',*,*,#5740,.T.) ;
#5798=ORIENTED_EDGE('',*,*,#5760,.T.) ;
#5799=ORIENTED_EDGE('',*,*,#1769,.F.) ;
#5800=ORIENTED_EDGE('',*,*,#1713,.F.) ;
#5825=ORIENTED_EDGE('',*,*,#5817,.F.) ;
#5826=ORIENTED_EDGE('',*,*,#5823,.F.) ;
#5848=ORIENTED_EDGE('',*,*,#5841,.F.) ;
#5849=ORIENTED_EDGE('',*,*,#5817,.T.) ;
#5850=ORIENTED_EDGE('',*,*,#5846,.T.) ;
#5851=ORIENTED_EDGE('',*,*,#1855,.F.) ;
#5863=ORIENTED_EDGE('',*,*,#5846,.F.) ;
#5864=ORIENTED_EDGE('',*,*,#5823,.T.) ;
#5865=ORIENTED_EDGE('',*,*,#5841,.T.) ;
#5866=ORIENTED_EDGE('',*,*,#1835,.F.) ;
#5891=ORIENTED_EDGE('',*,*,#5883,.F.) ;
#5892=ORIENTED_EDGE('',*,*,#5889,.F.) ;
#5914=ORIENTED_EDGE('',*,*,#5907,.F.) ;
#5915=ORIENTED_EDGE('',*,*,#5883,.T.) ;
#5916=ORIENTED_EDGE('',*,*,#5912,.T.) ;
#5917=ORIENTED_EDGE('',*,*,#1903,.F.) ;
#5929=ORIENTED_EDGE('',*,*,#5912,.F.) ;
#5930=ORIENTED_EDGE('',*,*,#5889,.T.) ;
#5931=ORIENTED_EDGE('',*,*,#5907,.T.) ;
#5932=ORIENTED_EDGE('',*,*,#1883,.F.) ;
#5957=ORIENTED_EDGE('',*,*,#5949,.F.) ;
#5958=ORIENTED_EDGE('',*,*,#5955,.F.) ;
#5980=ORIENTED_EDGE('',*,*,#5973,.F.) ;
#5981=ORIENTED_EDGE('',*,*,#5949,.T.) ;
#5982=ORIENTED_EDGE('',*,*,#5978,.T.) ;
#5983=ORIENTED_EDGE('',*,*,#1951,.F.) ;
#5995=ORIENTED_EDGE('',*,*,#5978,.F.) ;
#5996=ORIENTED_EDGE('',*,*,#5955,.T.) ;
#5997=ORIENTED_EDGE('',*,*,#5973,.T.) ;
#5998=ORIENTED_EDGE('',*,*,#1931,.F.) ;
#6023=ORIENTED_EDGE('',*,*,#6015,.F.) ;
#6024=ORIENTED_EDGE('',*,*,#6021,.F.) ;
#6046=ORIENTED_EDGE('',*,*,#6039,.F.) ;
#6047=ORIENTED_EDGE('',*,*,#6015,.T.) ;
#6048=ORIENTED_EDGE('',*,*,#6044,.T.) ;
#6049=ORIENTED_EDGE('',*,*,#1999,.F.) ;
#6061=ORIENTED_EDGE('',*,*,#6044,.F.) ;
#6062=ORIENTED_EDGE('',*,*,#6021,.T.) ;
#6063=ORIENTED_EDGE('',*,*,#6039,.T.) ;
#6064=ORIENTED_EDGE('',*,*,#1979,.F.) ;
#6089=ORIENTED_EDGE('',*,*,#6081,.F.) ;
#6090=ORIENTED_EDGE('',*,*,#6087,.F.) ;
#6112=ORIENTED_EDGE('',*,*,#6105,.F.) ;
#6113=ORIENTED_EDGE('',*,*,#6081,.T.) ;
#6114=ORIENTED_EDGE('',*,*,#6110,.T.) ;
#6115=ORIENTED_EDGE('',*,*,#2047,.F.) ;
#6127=ORIENTED_EDGE('',*,*,#6110,.F.) ;
#6128=ORIENTED_EDGE('',*,*,#6087,.T.) ;
#6129=ORIENTED_EDGE('',*,*,#6105,.T.) ;
#6130=ORIENTED_EDGE('',*,*,#2027,.F.) ;
#6161=ORIENTED_EDGE('',*,*,#2233,.T.) ;
#6162=ORIENTED_EDGE('',*,*,#6145,.F.) ;
#6163=ORIENTED_EDGE('',*,*,#6153,.F.) ;
#6164=ORIENTED_EDGE('',*,*,#6159,.F.) ;
#6186=ORIENTED_EDGE('',*,*,#6179,.F.) ;
#6187=ORIENTED_EDGE('',*,*,#6153,.T.) ;
#6188=ORIENTED_EDGE('',*,*,#6184,.T.) ;
#6189=ORIENTED_EDGE('',*,*,#2305,.F.) ;
#6201=ORIENTED_EDGE('',*,*,#6184,.F.) ;
#6202=ORIENTED_EDGE('',*,*,#6145,.T.) ;
#6203=ORIENTED_EDGE('',*,*,#2226,.T.) ;
#6204=ORIENTED_EDGE('',*,*,#2311,.T.) ;
#6216=ORIENTED_EDGE('',*,*,#6159,.T.) ;
#6217=ORIENTED_EDGE('',*,*,#6179,.T.) ;
#6218=ORIENTED_EDGE('',*,*,#2283,.F.) ;
#6219=ORIENTED_EDGE('',*,*,#2241,.F.) ;
#6244=ORIENTED_EDGE('',*,*,#6236,.F.) ;
#6245=ORIENTED_EDGE('',*,*,#6242,.F.) ;
#6267=ORIENTED_EDGE('',*,*,#6260,.F.) ;
#6268=ORIENTED_EDGE('',*,*,#6236,.T.) ;
#6269=ORIENTED_EDGE('',*,*,#6265,.T.) ;
#6270=ORIENTED_EDGE('',*,*,#2367,.F.) ;
#6282=ORIENTED_EDGE('',*,*,#6265,.F.) ;
#6283=ORIENTED_EDGE('',*,*,#6242,.T.) ;
#6284=ORIENTED_EDGE('',*,*,#6260,.T.) ;
#6285=ORIENTED_EDGE('',*,*,#2347,.F.) ;
#6310=ORIENTED_EDGE('',*,*,#6302,.F.) ;
#6311=ORIENTED_EDGE('',*,*,#6308,.F.) ;
#6333=ORIENTED_EDGE('',*,*,#6326,.F.) ;
#6334=ORIENTED_EDGE('',*,*,#6302,.T.) ;
#6335=ORIENTED_EDGE('',*,*,#6331,.T.) ;
#6336=ORIENTED_EDGE('',*,*,#2415,.F.) ;
#6348=ORIENTED_EDGE('',*,*,#6331,.F.) ;
#6349=ORIENTED_EDGE('',*,*,#6308,.T.) ;
#6350=ORIENTED_EDGE('',*,*,#6326,.T.) ;
#6351=ORIENTED_EDGE('',*,*,#2395,.F.) ;
#6376=ORIENTED_EDGE('',*,*,#6368,.F.) ;
#6377=ORIENTED_EDGE('',*,*,#6374,.F.) ;
#6399=ORIENTED_EDGE('',*,*,#6392,.F.) ;
#6400=ORIENTED_EDGE('',*,*,#6368,.T.) ;
#6401=ORIENTED_EDGE('',*,*,#6397,.T.) ;
#6402=ORIENTED_EDGE('',*,*,#2498,.F.) ;
#6414=ORIENTED_EDGE('',*,*,#6397,.F.) ;
#6415=ORIENTED_EDGE('',*,*,#6374,.T.) ;
#6416=ORIENTED_EDGE('',*,*,#6392,.T.) ;
#6417=ORIENTED_EDGE('',*,*,#2478,.F.) ;
#6442=ORIENTED_EDGE('',*,*,#6434,.F.) ;
#6443=ORIENTED_EDGE('',*,*,#6440,.F.) ;
#6465=ORIENTED_EDGE('',*,*,#6458,.F.) ;
#6466=ORIENTED_EDGE('',*,*,#6434,.T.) ;
#6467=ORIENTED_EDGE('',*,*,#6463,.T.) ;
#6468=ORIENTED_EDGE('',*,*,#2546,.F.) ;
#6480=ORIENTED_EDGE('',*,*,#6463,.F.) ;
#6481=ORIENTED_EDGE('',*,*,#6440,.T.) ;
#6482=ORIENTED_EDGE('',*,*,#6458,.T.) ;
#6483=ORIENTED_EDGE('',*,*,#2526,.F.) ;
#6508=ORIENTED_EDGE('',*,*,#6500,.F.) ;
#6509=ORIENTED_EDGE('',*,*,#6506,.F.) ;
#6531=ORIENTED_EDGE('',*,*,#6524,.F.) ;
#6532=ORIENTED_EDGE('',*,*,#6500,.T.) ;
#6533=ORIENTED_EDGE('',*,*,#6529,.T.) ;
#6534=ORIENTED_EDGE('',*,*,#2594,.F.) ;
#6546=ORIENTED_EDGE('',*,*,#6529,.F.) ;
#6547=ORIENTED_EDGE('',*,*,#6506,.T.) ;
#6548=ORIENTED_EDGE('',*,*,#6524,.T.) ;
#6549=ORIENTED_EDGE('',*,*,#2574,.F.) ;
#6580=ORIENTED_EDGE('',*,*,#2780,.T.) ;
#6581=ORIENTED_EDGE('',*,*,#6564,.F.) ;
#6582=ORIENTED_EDGE('',*,*,#6572,.F.) ;
#6583=ORIENTED_EDGE('',*,*,#6578,.F.) ;
#6605=ORIENTED_EDGE('',*,*,#6598,.F.) ;
#6606=ORIENTED_EDGE('',*,*,#6572,.T.) ;
#6607=ORIENTED_EDGE('',*,*,#6603,.T.) ;
#6608=ORIENTED_EDGE('',*,*,#2857,.F.) ;
#6620=ORIENTED_EDGE('',*,*,#6603,.F.) ;
#6621=ORIENTED_EDGE('',*,*,#6564,.T.) ;
#6622=ORIENTED_EDGE('',*,*,#2773,.T.) ;
#6623=ORIENTED_EDGE('',*,*,#2863,.T.) ;
#6635=ORIENTED_EDGE('',*,*,#6578,.T.) ;
#6636=ORIENTED_EDGE('',*,*,#6598,.T.) ;
#6637=ORIENTED_EDGE('',*,*,#2835,.F.) ;
#6638=ORIENTED_EDGE('',*,*,#2788,.F.) ;
#6663=ORIENTED_EDGE('',*,*,#6655,.F.) ;
#6664=ORIENTED_EDGE('',*,*,#6661,.F.) ;
#6686=ORIENTED_EDGE('',*,*,#6679,.F.) ;
#6687=ORIENTED_EDGE('',*,*,#6655,.T.) ;
#6688=ORIENTED_EDGE('',*,*,#6684,.T.) ;
#6689=ORIENTED_EDGE('',*,*,#2921,.F.) ;
#6701=ORIENTED_EDGE('',*,*,#6684,.F.) ;
#6702=ORIENTED_EDGE('',*,*,#6661,.T.) ;
#6703=ORIENTED_EDGE('',*,*,#6679,.T.) ;
#6704=ORIENTED_EDGE('',*,*,#2901,.F.) ;
#6729=ORIENTED_EDGE('',*,*,#6721,.F.) ;
#6730=ORIENTED_EDGE('',*,*,#6727,.F.) ;
#6752=ORIENTED_EDGE('',*,*,#6745,.F.) ;
#6753=ORIENTED_EDGE('',*,*,#6721,.T.) ;
#6754=ORIENTED_EDGE('',*,*,#6750,.T.) ;
#6755=ORIENTED_EDGE('',*,*,#2969,.F.) ;
#6767=ORIENTED_EDGE('',*,*,#6750,.F.) ;
#6768=ORIENTED_EDGE('',*,*,#6727,.T.) ;
#6769=ORIENTED_EDGE('',*,*,#6745,.T.) ;
#6770=ORIENTED_EDGE('',*,*,#2949,.F.) ;
#6795=ORIENTED_EDGE('',*,*,#6787,.F.) ;
#6796=ORIENTED_EDGE('',*,*,#6793,.F.) ;
#6818=ORIENTED_EDGE('',*,*,#6811,.F.) ;
#6819=ORIENTED_EDGE('',*,*,#6787,.T.) ;
#6820=ORIENTED_EDGE('',*,*,#6816,.T.) ;
#6821=ORIENTED_EDGE('',*,*,#3017,.F.) ;
#6833=ORIENTED_EDGE('',*,*,#6816,.F.) ;
#6834=ORIENTED_EDGE('',*,*,#6793,.T.) ;
#6835=ORIENTED_EDGE('',*,*,#6811,.T.) ;
#6836=ORIENTED_EDGE('',*,*,#2997,.F.) ;
#6861=ORIENTED_EDGE('',*,*,#6853,.F.) ;
#6862=ORIENTED_EDGE('',*,*,#6859,.F.) ;
#6884=ORIENTED_EDGE('',*,*,#6877,.F.) ;
#6885=ORIENTED_EDGE('',*,*,#6853,.T.) ;
#6886=ORIENTED_EDGE('',*,*,#6882,.T.) ;
#6887=ORIENTED_EDGE('',*,*,#3065,.F.) ;
#6899=ORIENTED_EDGE('',*,*,#6882,.F.) ;
#6900=ORIENTED_EDGE('',*,*,#6859,.T.) ;
#6901=ORIENTED_EDGE('',*,*,#6877,.T.) ;
#6902=ORIENTED_EDGE('',*,*,#3045,.F.) ;
#6927=ORIENTED_EDGE('',*,*,#6919,.F.) ;
#6928=ORIENTED_EDGE('',*,*,#6925,.F.) ;
#6950=ORIENTED_EDGE('',*,*,#6943,.F.) ;
#6951=ORIENTED_EDGE('',*,*,#6919,.T.) ;
#6952=ORIENTED_EDGE('',*,*,#6948,.T.) ;
#6953=ORIENTED_EDGE('',*,*,#3113,.F.) ;
#6965=ORIENTED_EDGE('',*,*,#6948,.F.) ;
#6966=ORIENTED_EDGE('',*,*,#6925,.T.) ;
#6967=ORIENTED_EDGE('',*,*,#6943,.T.) ;
#6968=ORIENTED_EDGE('',*,*,#3093,.F.) ;
#6999=ORIENTED_EDGE('',*,*,#3247,.T.) ;
#7000=ORIENTED_EDGE('',*,*,#6983,.F.) ;
#7001=ORIENTED_EDGE('',*,*,#6991,.F.) ;
#7002=ORIENTED_EDGE('',*,*,#6997,.F.) ;
#7024=ORIENTED_EDGE('',*,*,#7017,.F.) ;
#7025=ORIENTED_EDGE('',*,*,#6991,.T.) ;
#7026=ORIENTED_EDGE('',*,*,#7022,.T.) ;
#7027=ORIENTED_EDGE('',*,*,#4284,.F.) ;
#7039=ORIENTED_EDGE('',*,*,#7022,.F.) ;
#7040=ORIENTED_EDGE('',*,*,#6983,.T.) ;
#7041=ORIENTED_EDGE('',*,*,#3240,.T.) ;
#7042=ORIENTED_EDGE('',*,*,#4290,.T.) ;
#7054=ORIENTED_EDGE('',*,*,#6997,.T.) ;
#7055=ORIENTED_EDGE('',*,*,#7017,.T.) ;
#7056=ORIENTED_EDGE('',*,*,#4262,.F.) ;
#7057=ORIENTED_EDGE('',*,*,#3255,.F.) ;
#7121=ORIENTED_EDGE('',*,*,#7100,.F.) ;
#7122=ORIENTED_EDGE('',*,*,#7107,.T.) ;
#7123=ORIENTED_EDGE('',*,*,#7114,.T.) ;
#7124=ORIENTED_EDGE('',*,*,#7119,.F.) ;
#7138=ORIENTED_EDGE('',*,*,#7131,.F.) ;
#7139=ORIENTED_EDGE('',*,*,#7119,.T.) ;
#7140=ORIENTED_EDGE('',*,*,#7136,.T.) ;
#7141=ORIENTED_EDGE('',*,*,#7107,.F.) ;
#7150=ORIENTED_EDGE('',*,*,#7100,.T.) ;
#7151=ORIENTED_EDGE('',*,*,#7131,.T.) ;
#7160=ORIENTED_EDGE('',*,*,#7114,.F.) ;
#7161=ORIENTED_EDGE('',*,*,#7136,.F.) ;
#7221=ORIENTED_EDGE('',*,*,#7204,.F.) ;
#7222=ORIENTED_EDGE('',*,*,#7211,.T.) ;
#7223=ORIENTED_EDGE('',*,*,#7219,.T.) ;
#7328=ORIENTED_EDGE('',*,*,#7237,.T.) ;
#7329=ORIENTED_EDGE('',*,*,#7204,.T.) ;
#7330=ORIENTED_EDGE('',*,*,#7286,.T.) ;
#7331=ORIENTED_EDGE('',*,*,#7293,.F.) ;
#7332=ORIENTED_EDGE('',*,*,#7312,.F.) ;
#7333=ORIENTED_EDGE('',*,*,#7326,.T.) ;
#7376=ORIENTED_EDGE('',*,*,#7359,.T.) ;
#7377=ORIENTED_EDGE('',*,*,#7366,.F.) ;
#7378=ORIENTED_EDGE('',*,*,#7374,.F.) ;
#7379=ORIENTED_EDGE('',*,*,#7211,.F.) ;
#7380=ORIENTED_EDGE('',*,*,#7237,.F.) ;
#7486=ORIENTED_EDGE('',*,*,#7396,.F.) ;
#7487=ORIENTED_EDGE('',*,*,#7403,.T.) ;
#7488=ORIENTED_EDGE('',*,*,#7410,.T.) ;
#7489=ORIENTED_EDGE('',*,*,#7417,.T.) ;
#7490=ORIENTED_EDGE('',*,*,#7424,.F.) ;
#7491=ORIENTED_EDGE('',*,*,#7431,.F.) ;
#7492=ORIENTED_EDGE('',*,*,#7438,.F.) ;
#7493=ORIENTED_EDGE('',*,*,#7445,.T.) ;
#7494=ORIENTED_EDGE('',*,*,#7452,.F.) ;
#7495=ORIENTED_EDGE('',*,*,#7459,.F.) ;
#7496=ORIENTED_EDGE('',*,*,#7466,.T.) ;
#7497=ORIENTED_EDGE('',*,*,#7473,.F.) ;
#7498=ORIENTED_EDGE('',*,*,#7479,.F.) ;
#7499=ORIENTED_EDGE('',*,*,#7286,.F.) ;
#7500=ORIENTED_EDGE('',*,*,#7219,.F.) ;
#7501=ORIENTED_EDGE('',*,*,#7374,.T.) ;
#7502=ORIENTED_EDGE('',*,*,#7484,.F.) ;
#7516=ORIENTED_EDGE('',*,*,#7514,.F.) ;
#7517=ORIENTED_EDGE('',*,*,#7293,.T.) ;
#7518=ORIENTED_EDGE('',*,*,#7479,.T.) ;
#7668=ORIENTED_EDGE('',*,*,#7529,.F.) ;
#7669=ORIENTED_EDGE('',*,*,#7536,.F.) ;
#7670=ORIENTED_EDGE('',*,*,#7541,.F.) ;
#7671=ORIENTED_EDGE('',*,*,#7452,.T.) ;
#7672=ORIENTED_EDGE('',*,*,#7548,.T.) ;
#7673=ORIENTED_EDGE('',*,*,#7555,.T.) ;
#7674=ORIENTED_EDGE('',*,*,#7562,.F.) ;
#7675=ORIENTED_EDGE('',*,*,#7569,.F.) ;
#7676=ORIENTED_EDGE('',*,*,#7576,.F.) ;
#7677=ORIENTED_EDGE('',*,*,#7581,.T.) ;
#7678=ORIENTED_EDGE('',*,*,#7403,.F.) ;
#7679=ORIENTED_EDGE('',*,*,#7588,.F.) ;
#7680=ORIENTED_EDGE('',*,*,#7595,.T.) ;
#7681=ORIENTED_EDGE('',*,*,#7603,.F.) ;
#7682=ORIENTED_EDGE('',*,*,#7611,.T.) ;
#7683=ORIENTED_EDGE('',*,*,#7660,.T.) ;
#7684=ORIENTED_EDGE('',*,*,#7666,.T.) ;
#7731=ORIENTED_EDGE('',*,*,#7698,.T.) ;
#7732=ORIENTED_EDGE('',*,*,#7705,.T.) ;
#7733=ORIENTED_EDGE('',*,*,#7710,.T.) ;
#7734=ORIENTED_EDGE('',*,*,#7410,.F.) ;
#7735=ORIENTED_EDGE('',*,*,#7581,.F.) ;
#7736=ORIENTED_EDGE('',*,*,#7717,.F.) ;
#7737=ORIENTED_EDGE('',*,*,#7724,.F.) ;
#7738=ORIENTED_EDGE('',*,*,#7729,.F.) ;
#7739=ORIENTED_EDGE('',*,*,#7548,.F.) ;
#7740=ORIENTED_EDGE('',*,*,#7445,.F.) ;
#7761=ORIENTED_EDGE('',*,*,#7710,.F.) ;
#7762=ORIENTED_EDGE('',*,*,#7754,.T.) ;
#7763=ORIENTED_EDGE('',*,*,#7759,.T.) ;
#7764=ORIENTED_EDGE('',*,*,#7417,.F.) ;
#7785=ORIENTED_EDGE('',*,*,#7759,.F.) ;
#7786=ORIENTED_EDGE('',*,*,#7778,.F.) ;
#7787=ORIENTED_EDGE('',*,*,#7783,.F.) ;
#7788=ORIENTED_EDGE('',*,*,#7431,.T.) ;
#7789=ORIENTED_EDGE('',*,*,#7424,.T.) ;
#7803=ORIENTED_EDGE('',*,*,#7783,.T.) ;
#7804=ORIENTED_EDGE('',*,*,#7801,.F.) ;
#7805=ORIENTED_EDGE('',*,*,#7698,.F.) ;
#7806=ORIENTED_EDGE('',*,*,#7438,.T.) ;
#7834=ORIENTED_EDGE('',*,*,#7536,.T.) ;
#7835=ORIENTED_EDGE('',*,*,#7820,.T.) ;
#7836=ORIENTED_EDGE('',*,*,#7827,.F.) ;
#7837=ORIENTED_EDGE('',*,*,#7832,.F.) ;
#7890=ORIENTED_EDGE('',*,*,#7853,.F.) ;
#7891=ORIENTED_EDGE('',*,*,#7858,.F.) ;
#7892=ORIENTED_EDGE('',*,*,#7827,.T.) ;
#7893=ORIENTED_EDGE('',*,*,#7865,.T.) ;
#7894=ORIENTED_EDGE('',*,*,#7881,.T.) ;
#7895=ORIENTED_EDGE('',*,*,#7888,.T.) ;
#7914=ORIENTED_EDGE('',*,*,#7907,.T.) ;
#7915=ORIENTED_EDGE('',*,*,#7595,.F.) ;
#7916=ORIENTED_EDGE('',*,*,#7912,.F.) ;
#7917=ORIENTED_EDGE('',*,*,#7853,.T.) ;
#7959=ORIENTED_EDGE('',*,*,#7931,.T.) ;
#7960=ORIENTED_EDGE('',*,*,#7957,.F.) ;
#7961=ORIENTED_EDGE('',*,*,#7865,.F.) ;
#7962=ORIENTED_EDGE('',*,*,#7820,.F.) ;
#7963=ORIENTED_EDGE('',*,*,#7529,.T.) ;
#7979=ORIENTED_EDGE('',*,*,#7729,.T.) ;
#7980=ORIENTED_EDGE('',*,*,#7972,.T.) ;
#7981=ORIENTED_EDGE('',*,*,#7977,.F.) ;
#7982=ORIENTED_EDGE('',*,*,#7555,.F.) ;
#7998=ORIENTED_EDGE('',*,*,#7562,.T.) ;
#7999=ORIENTED_EDGE('',*,*,#7977,.T.) ;
#8000=ORIENTED_EDGE('',*,*,#7991,.T.) ;
#8001=ORIENTED_EDGE('',*,*,#7996,.T.) ;
#8002=ORIENTED_EDGE('',*,*,#7569,.T.) ;
#8011=ORIENTED_EDGE('',*,*,#7996,.F.) ;
#8012=ORIENTED_EDGE('',*,*,#8009,.F.) ;
#8013=ORIENTED_EDGE('',*,*,#7717,.T.) ;
#8014=ORIENTED_EDGE('',*,*,#7576,.T.) ;
#8035=ORIENTED_EDGE('',*,*,#8028,.T.) ;
#8036=ORIENTED_EDGE('',*,*,#8033,.T.) ;
#8037=ORIENTED_EDGE('',*,*,#7603,.T.) ;
#8038=ORIENTED_EDGE('',*,*,#7907,.F.) ;
#8039=ORIENTED_EDGE('',*,*,#7888,.F.) ;
#8048=ORIENTED_EDGE('',*,*,#8033,.F.) ;
#8049=ORIENTED_EDGE('',*,*,#8046,.T.) ;
#8050=ORIENTED_EDGE('',*,*,#7611,.F.) ;
#8064=ORIENTED_EDGE('',*,*,#7881,.F.) ;
#8065=ORIENTED_EDGE('',*,*,#7957,.T.) ;
#8066=ORIENTED_EDGE('',*,*,#8062,.T.) ;
#8067=ORIENTED_EDGE('',*,*,#7660,.F.) ;
#8068=ORIENTED_EDGE('',*,*,#8046,.F.) ;
#8069=ORIENTED_EDGE('',*,*,#8028,.F.) ;
#8073=ORIENTED_EDGE('',*,*,#7931,.F.) ;
#8074=ORIENTED_EDGE('',*,*,#7666,.F.) ;
#8075=ORIENTED_EDGE('',*,*,#8062,.F.) ;
#8084=ORIENTED_EDGE('',*,*,#7972,.F.) ;
#8085=ORIENTED_EDGE('',*,*,#7724,.T.) ;
#8086=ORIENTED_EDGE('',*,*,#8009,.T.) ;
#8087=ORIENTED_EDGE('',*,*,#7991,.F.) ;
#8096=ORIENTED_EDGE('',*,*,#7778,.T.) ;
#8097=ORIENTED_EDGE('',*,*,#7754,.F.) ;
#8098=ORIENTED_EDGE('',*,*,#7705,.F.) ;
#8099=ORIENTED_EDGE('',*,*,#7801,.T.) ;
#8115=ORIENTED_EDGE('',*,*,#7312,.T.) ;
#8116=ORIENTED_EDGE('',*,*,#7514,.T.) ;
#8117=ORIENTED_EDGE('',*,*,#7473,.T.) ;
#8118=ORIENTED_EDGE('',*,*,#8108,.T.) ;
#8119=ORIENTED_EDGE('',*,*,#8113,.T.) ;
#8147=ORIENTED_EDGE('',*,*,#8113,.F.) ;
#8148=ORIENTED_EDGE('',*,*,#8133,.F.) ;
#8149=ORIENTED_EDGE('',*,*,#8140,.T.) ;
#8150=ORIENTED_EDGE('',*,*,#8145,.T.) ;
#8151=ORIENTED_EDGE('',*,*,#7359,.F.) ;
#8152=ORIENTED_EDGE('',*,*,#7326,.F.) ;
#8161=ORIENTED_EDGE('',*,*,#7466,.F.) ;
#8162=ORIENTED_EDGE('',*,*,#8159,.T.) ;
#8163=ORIENTED_EDGE('',*,*,#8133,.T.) ;
#8164=ORIENTED_EDGE('',*,*,#8108,.F.) ;
#8178=ORIENTED_EDGE('',*,*,#8145,.F.) ;
#8179=ORIENTED_EDGE('',*,*,#8176,.T.) ;
#8180=ORIENTED_EDGE('',*,*,#7484,.T.) ;
#8181=ORIENTED_EDGE('',*,*,#7366,.T.) ;
#8190=ORIENTED_EDGE('',*,*,#7459,.T.) ;
#8191=ORIENTED_EDGE('',*,*,#7541,.T.) ;
#8192=ORIENTED_EDGE('',*,*,#7832,.T.) ;
#8193=ORIENTED_EDGE('',*,*,#7858,.T.) ;
#8194=ORIENTED_EDGE('',*,*,#7912,.T.) ;
#8195=ORIENTED_EDGE('',*,*,#7588,.T.) ;
#8196=ORIENTED_EDGE('',*,*,#7396,.T.) ;
#8197=ORIENTED_EDGE('',*,*,#8176,.F.) ;
#8198=ORIENTED_EDGE('',*,*,#8140,.F.) ;
#8199=ORIENTED_EDGE('',*,*,#8159,.F.) ;
#8263=ORIENTED_EDGE('',*,*,#8242,.F.) ;
#8264=ORIENTED_EDGE('',*,*,#8249,.T.) ;
#8265=ORIENTED_EDGE('',*,*,#8256,.T.) ;
#8266=ORIENTED_EDGE('',*,*,#8261,.F.) ;
#8280=ORIENTED_EDGE('',*,*,#8273,.F.) ;
#8281=ORIENTED_EDGE('',*,*,#8261,.T.) ;
#8282=ORIENTED_EDGE('',*,*,#8278,.T.) ;
#8283=ORIENTED_EDGE('',*,*,#8249,.F.) ;
#8292=ORIENTED_EDGE('',*,*,#8256,.F.) ;
#8293=ORIENTED_EDGE('',*,*,#8278,.F.) ;
#8360=ORIENTED_EDGE('',*,*,#8309,.F.) ;
#8361=ORIENTED_EDGE('',*,*,#8314,.T.) ;
#8362=ORIENTED_EDGE('',*,*,#8242,.T.) ;
#8363=ORIENTED_EDGE('',*,*,#8321,.F.) ;
#8364=ORIENTED_EDGE('',*,*,#8328,.F.) ;
#8365=ORIENTED_EDGE('',*,*,#8336,.F.) ;
#8366=ORIENTED_EDGE('',*,*,#8352,.F.) ;
#8367=ORIENTED_EDGE('',*,*,#8358,.T.) ;
#8395=ORIENTED_EDGE('',*,*,#8383,.F.) ;
#8396=ORIENTED_EDGE('',*,*,#8388,.T.) ;
#8397=ORIENTED_EDGE('',*,*,#8309,.T.) ;
#8398=ORIENTED_EDGE('',*,*,#8393,.T.) ;
#8421=ORIENTED_EDGE('',*,*,#8328,.T.) ;
#8422=ORIENTED_EDGE('',*,*,#8407,.F.) ;
#8423=ORIENTED_EDGE('',*,*,#8414,.F.) ;
#8424=ORIENTED_EDGE('',*,*,#8419,.F.) ;
#8445=ORIENTED_EDGE('',*,*,#8393,.F.) ;
#8446=ORIENTED_EDGE('',*,*,#8358,.F.) ;
#8447=ORIENTED_EDGE('',*,*,#8438,.F.) ;
#8448=ORIENTED_EDGE('',*,*,#8443,.T.) ;
#8469=ORIENTED_EDGE('',*,*,#8352,.T.) ;
#8470=ORIENTED_EDGE('',*,*,#8462,.F.) ;
#8471=ORIENTED_EDGE('',*,*,#8467,.T.) ;
#8472=ORIENTED_EDGE('',*,*,#8438,.T.) ;
#8486=ORIENTED_EDGE('',*,*,#8484,.T.) ;
#8487=ORIENTED_EDGE('',*,*,#8462,.T.) ;
#8488=ORIENTED_EDGE('',*,*,#8336,.T.) ;
#8489=ORIENTED_EDGE('',*,*,#8419,.T.) ;
#8531=ORIENTED_EDGE('',*,*,#8503,.T.) ;
#8532=ORIENTED_EDGE('',*,*,#8383,.T.) ;
#8533=ORIENTED_EDGE('',*,*,#8443,.F.) ;
#8534=ORIENTED_EDGE('',*,*,#8467,.F.) ;
#8535=ORIENTED_EDGE('',*,*,#8484,.F.) ;
#8536=ORIENTED_EDGE('',*,*,#8414,.T.) ;
#8537=ORIENTED_EDGE('',*,*,#8510,.T.) ;
#8538=ORIENTED_EDGE('',*,*,#8517,.T.) ;
#8539=ORIENTED_EDGE('',*,*,#8524,.T.) ;
#8540=ORIENTED_EDGE('',*,*,#8529,.T.) ;
#8588=ORIENTED_EDGE('',*,*,#8549,.F.) ;
#8589=ORIENTED_EDGE('',*,*,#8321,.T.) ;
#8590=ORIENTED_EDGE('',*,*,#8273,.T.) ;
#8591=ORIENTED_EDGE('',*,*,#8314,.F.) ;
#8592=ORIENTED_EDGE('',*,*,#8556,.F.) ;
#8593=ORIENTED_EDGE('',*,*,#8564,.F.) ;
#8594=ORIENTED_EDGE('',*,*,#8580,.T.) ;
#8595=ORIENTED_EDGE('',*,*,#8586,.T.) ;
#8604=ORIENTED_EDGE('',*,*,#8510,.F.) ;
#8605=ORIENTED_EDGE('',*,*,#8407,.T.) ;
#8606=ORIENTED_EDGE('',*,*,#8549,.T.) ;
#8607=ORIENTED_EDGE('',*,*,#8602,.T.) ;
#8616=ORIENTED_EDGE('',*,*,#8556,.T.) ;
#8617=ORIENTED_EDGE('',*,*,#8388,.F.) ;
#8618=ORIENTED_EDGE('',*,*,#8503,.F.) ;
#8619=ORIENTED_EDGE('',*,*,#8614,.F.) ;
#8628=ORIENTED_EDGE('',*,*,#8564,.T.) ;
#8629=ORIENTED_EDGE('',*,*,#8614,.T.) ;
#8630=ORIENTED_EDGE('',*,*,#8529,.F.) ;
#8631=ORIENTED_EDGE('',*,*,#8626,.T.) ;
#8645=ORIENTED_EDGE('',*,*,#8626,.F.) ;
#8646=ORIENTED_EDGE('',*,*,#8524,.F.) ;
#8647=ORIENTED_EDGE('',*,*,#8643,.T.) ;
#8648=ORIENTED_EDGE('',*,*,#8580,.F.) ;
#8652=ORIENTED_EDGE('',*,*,#8643,.F.) ;
#8653=ORIENTED_EDGE('',*,*,#8517,.F.) ;
#8654=ORIENTED_EDGE('',*,*,#8602,.F.) ;
#8655=ORIENTED_EDGE('',*,*,#8586,.F.) ;
#8719=ORIENTED_EDGE('',*,*,#8698,.F.) ;
#8720=ORIENTED_EDGE('',*,*,#8705,.T.) ;
#8721=ORIENTED_EDGE('',*,*,#8712,.T.) ;
#8722=ORIENTED_EDGE('',*,*,#8717,.F.) ;
#8736=ORIENTED_EDGE('',*,*,#8729,.F.) ;
#8737=ORIENTED_EDGE('',*,*,#8717,.T.) ;
#8738=ORIENTED_EDGE('',*,*,#8734,.T.) ;
#8739=ORIENTED_EDGE('',*,*,#8705,.F.) ;
#8748=ORIENTED_EDGE('',*,*,#8698,.T.) ;
#8749=ORIENTED_EDGE('',*,*,#8729,.T.) ;
#8758=ORIENTED_EDGE('',*,*,#8712,.F.) ;
#8759=ORIENTED_EDGE('',*,*,#8734,.F.) ;
#8823=ORIENTED_EDGE('',*,*,#8802,.F.) ;
#8824=ORIENTED_EDGE('',*,*,#8809,.T.) ;
#8825=ORIENTED_EDGE('',*,*,#8816,.T.) ;
#8826=ORIENTED_EDGE('',*,*,#8821,.F.) ;
#8840=ORIENTED_EDGE('',*,*,#8833,.F.) ;
#8841=ORIENTED_EDGE('',*,*,#8821,.T.) ;
#8842=ORIENTED_EDGE('',*,*,#8838,.T.) ;
#8843=ORIENTED_EDGE('',*,*,#8809,.F.) ;
#8852=ORIENTED_EDGE('',*,*,#8802,.T.) ;
#8853=ORIENTED_EDGE('',*,*,#8833,.T.) ;
#8862=ORIENTED_EDGE('',*,*,#8816,.F.) ;
#8863=ORIENTED_EDGE('',*,*,#8838,.F.) ;
#8927=ORIENTED_EDGE('',*,*,#8906,.F.) ;
#8928=ORIENTED_EDGE('',*,*,#8913,.T.) ;
#8929=ORIENTED_EDGE('',*,*,#8920,.T.) ;
#8930=ORIENTED_EDGE('',*,*,#8925,.F.) ;
#8944=ORIENTED_EDGE('',*,*,#8937,.F.) ;
#8945=ORIENTED_EDGE('',*,*,#8925,.T.) ;
#8946=ORIENTED_EDGE('',*,*,#8942,.T.) ;
#8947=ORIENTED_EDGE('',*,*,#8913,.F.) ;
#8956=ORIENTED_EDGE('',*,*,#8906,.T.) ;
#8957=ORIENTED_EDGE('',*,*,#8937,.T.) ;
#8966=ORIENTED_EDGE('',*,*,#8920,.F.) ;
#8967=ORIENTED_EDGE('',*,*,#8942,.F.) ;
#9024=ORIENTED_EDGE('',*,*,#9010,.T.) ;
#9025=ORIENTED_EDGE('',*,*,#9017,.T.) ;
#9026=ORIENTED_EDGE('',*,*,#9022,.F.) ;
#9035=ORIENTED_EDGE('',*,*,#9022,.T.) ;
#9036=ORIENTED_EDGE('',*,*,#9033,.T.) ;
#9037=ORIENTED_EDGE('',*,*,#9010,.F.) ;
#9046=ORIENTED_EDGE('',*,*,#9017,.F.) ;
#9047=ORIENTED_EDGE('',*,*,#9033,.F.) ;
#9104=ORIENTED_EDGE('',*,*,#9090,.T.) ;
#9105=ORIENTED_EDGE('',*,*,#9097,.F.) ;
#9106=ORIENTED_EDGE('',*,*,#9102,.F.) ;
#9115=ORIENTED_EDGE('',*,*,#9102,.T.) ;
#9116=ORIENTED_EDGE('',*,*,#9113,.F.) ;
#9117=ORIENTED_EDGE('',*,*,#9090,.F.) ;
#9145=ORIENTED_EDGE('',*,*,#9131,.T.) ;
#9146=ORIENTED_EDGE('',*,*,#9138,.F.) ;
#9147=ORIENTED_EDGE('',*,*,#9143,.F.) ;
#9148=ORIENTED_EDGE('',*,*,#9097,.T.) ;
#9157=ORIENTED_EDGE('',*,*,#9143,.T.) ;
#9158=ORIENTED_EDGE('',*,*,#9155,.F.) ;
#9159=ORIENTED_EDGE('',*,*,#9131,.F.) ;
#9160=ORIENTED_EDGE('',*,*,#9113,.T.) ;
#9181=ORIENTED_EDGE('',*,*,#9174,.T.) ;
#9182=ORIENTED_EDGE('',*,*,#9179,.F.) ;
#9183=ORIENTED_EDGE('',*,*,#9138,.T.) ;
#9187=ORIENTED_EDGE('',*,*,#9179,.T.) ;
#9188=ORIENTED_EDGE('',*,*,#9174,.F.) ;
#9189=ORIENTED_EDGE('',*,*,#9155,.T.) ;
#355=FACE_BOUND('',#352,.T.) ;
#403=FACE_BOUND('',#400,.T.) ;
#451=FACE_BOUND('',#448,.T.) ;
#630=FACE_BOUND('',#627,.T.) ;
#678=FACE_BOUND('',#675,.T.) ;
#1331=FACE_BOUND('',#1328,.T.) ;
#1379=FACE_BOUND('',#1376,.T.) ;
#1427=FACE_BOUND('',#1424,.T.) ;
#1475=FACE_BOUND('',#1472,.T.) ;
#1523=FACE_BOUND('',#1520,.T.) ;
#1859=FACE_BOUND('',#1856,.T.) ;
#1907=FACE_BOUND('',#1904,.T.) ;
#1955=FACE_BOUND('',#1952,.T.) ;
#2003=FACE_BOUND('',#2000,.T.) ;
#2051=FACE_BOUND('',#2048,.T.) ;
#2371=FACE_BOUND('',#2368,.T.) ;
#2419=FACE_BOUND('',#2416,.T.) ;
#2502=FACE_BOUND('',#2499,.T.) ;
#2550=FACE_BOUND('',#2547,.T.) ;
#2598=FACE_BOUND('',#2595,.T.) ;
#2925=FACE_BOUND('',#2922,.T.) ;
#2973=FACE_BOUND('',#2970,.T.) ;
#3021=FACE_BOUND('',#3018,.T.) ;
#3069=FACE_BOUND('',#3066,.T.) ;
#3117=FACE_BOUND('',#3114,.T.) ;
#4352=FACE_BOUND('',#4349,.T.) ;
#4400=FACE_BOUND('',#4397,.T.) ;
#4448=FACE_BOUND('',#4445,.T.) ;
#4496=FACE_BOUND('',#4493,.T.) ;
#4544=FACE_BOUND('',#4541,.T.) ;
#62=CLOSED_SHELL('Closed Shell',(#102,#149,#196,#218,#235,#252,#452,#499,#679,#879,#938,#962,#981,#1062,#1089,#1202,#1524,#1590,#1617,#1730,#2052,#2118,#2145,#2258,#2420,#2599,#2665,#2692,#2805,#3118,#3160,#3187,#3272,#3354,#3374,#3434,#3473,#3485,#3492,#3504,#3511,#3532,#3544,#3551,#3563,#3570,#3587,#3594,#3604,#3626,#3659,#3687,#3709,#3721,#3738,#3760,#3793,#3821,#3843,#3855,#3867,#3889,#3922,#3950,#3972,#3984,#3996,#4018,#4051,#4079,#4101,#4113,#4125,#4147,#4180,#4208,#4230,#4242,#4254,#4545,#4571,#4596,#4611,#4637,#4662,#4677,#4703,#4728,#4743,#4769,#4794,#4809,#4835,#4860,#4875,#4909,#4934,#4949,#4964,#4990,#5015,#5030,#5056,#5081,#5096,#5122,#5147,#5162,#5188,#5213,#5228,#5254,#5279,#5294,#5328,#5353,#5368,#5383,#5409,#5434,#5449,#5475,#5500,#5515,#5541,#5566,#5581,#5607,#5632,#5647,#5673,#5698,#5713,#5747,#5772,#5787,#5802,#5828,#5853,#5868,#5894,#5919,#5934,#5960,#5985,#6000,#6026,#6051,#6066,#6092,#6117,#6132,#6166,#6191,#6206,#6221,#6247,#6272,#6287,#6313,#6338,#6353,#6379,#6404,#6419,#6445,#6470,#6485,#6511,#6536,#6551,#6585,#6610,#6625,#6640,#6666,#6691,#6706,#6732,#6757,#6772,#6798,#6823,#6838,#6864,#6889,#6904,#6930,#6955,#6970,#7004,#7029,#7044,#7059)) ;
#7086=CLOSED_SHELL('Closed Shell',(#7126,#7143,#7153,#7163)) ;
#7190=CLOSED_SHELL('Closed Shell',(#7225,#7335,#7382,#7504,#7520,#7686,#7742,#7766,#7791,#7808,#7839,#7897,#7919,#7965,#7984,#8004,#8016,#8041,#8052,#8071,#8077,#8089,#8101,#8121,#8154,#8166,#8183,#8201)) ;
#8228=CLOSED_SHELL('Closed Shell',(#8268,#8285,#8295,#8369,#8400,#8426,#8450,#8474,#8491,#8542,#8597,#8609,#8621,#8633,#8650,#8657)) ;
#8684=CLOSED_SHELL('Closed Shell',(#8724,#8741,#8751,#8761)) ;
#8788=CLOSED_SHELL('Closed Shell',(#8828,#8845,#8855,#8865)) ;
#8892=CLOSED_SHELL('Closed Shell',(#8932,#8949,#8959,#8969)) ;
#8996=CLOSED_SHELL('Closed Shell',(#9028,#9039,#9049)) ;
#9076=CLOSED_SHELL('Closed Shell',(#9108,#9119,#9150,#9162,#9185,#9191)) ;
#7067=ITEM_DEFINED_TRANSFORMATION(' ',' ',#7069,#7068) ;
#7171=ITEM_DEFINED_TRANSFORMATION(' ',' ',#7173,#7172) ;
#8209=ITEM_DEFINED_TRANSFORMATION(' ',' ',#8211,#8210) ;
#8665=ITEM_DEFINED_TRANSFORMATION(' ',' ',#8667,#8666) ;
#8769=ITEM_DEFINED_TRANSFORMATION(' ',' ',#8771,#8770) ;
#8873=ITEM_DEFINED_TRANSFORMATION(' ',' ',#8875,#8874) ;
#8977=ITEM_DEFINED_TRANSFORMATION(' ',' ',#8979,#8978) ;
#9057=ITEM_DEFINED_TRANSFORMATION(' ',' ',#9059,#9058) ;
#9199=ITEM_DEFINED_TRANSFORMATION(' ',' ',#9201,#9200) ;
#70=VECTOR('Line Direction',#69,1.) ;
#79=VECTOR('Line Direction',#78,1.) ;
#86=VECTOR('Line Direction',#85,1.) ;
#93=VECTOR('Line Direction',#92,1.) ;
#110=VECTOR('Line Direction',#109,1.) ;
#119=VECTOR('Line Direction',#118,1.) ;
#126=VECTOR('Line Direction',#125,1.) ;
#131=VECTOR('Line Direction',#130,1.) ;
#138=VECTOR('Line Direction',#137,1.) ;
#157=VECTOR('Line Direction',#156,1.) ;
#164=VECTOR('Line Direction',#163,1.) ;
#171=VECTOR('Line Direction',#170,1.) ;
#178=VECTOR('Line Direction',#177,1.) ;
#185=VECTOR('Line Direction',#184,1.) ;
#204=VECTOR('Line Direction',#203,1.) ;
#209=VECTOR('Line Direction',#208,1.) ;
#226=VECTOR('Line Direction',#225,1.) ;
#243=VECTOR('Line Direction',#242,1.) ;
#269=VECTOR('Line Direction',#268,1.) ;
#283=VECTOR('Line Direction',#282,1.) ;
#290=VECTOR('Line Direction',#289,1.) ;
#297=VECTOR('Line Direction',#296,1.) ;
#467=VECTOR('Line Direction',#466,1.) ;
#488=VECTOR('Line Direction',#487,1.) ;
#502=VECTOR('Line Direction',#501,1.) ;
#516=VECTOR('Line Direction',#515,1.) ;
#523=VECTOR('Line Direction',#522,1.) ;
#530=VECTOR('Line Direction',#529,1.) ;
#687=VECTOR('Line Direction',#686,1.) ;
#694=VECTOR('Line Direction',#693,1.) ;
#701=VECTOR('Line Direction',#700,1.) ;
#715=VECTOR('Line Direction',#714,1.) ;
#722=VECTOR('Line Direction',#721,1.) ;
#729=VECTOR('Line Direction',#728,1.) ;
#743=VECTOR('Line Direction',#742,1.) ;
#750=VECTOR('Line Direction',#749,1.) ;
#757=VECTOR('Line Direction',#756,1.) ;
#778=VECTOR('Line Direction',#777,1.) ;
#785=VECTOR('Line Direction',#784,1.) ;
#792=VECTOR('Line Direction',#791,1.) ;
#806=VECTOR('Line Direction',#805,1.) ;
#813=VECTOR('Line Direction',#812,1.) ;
#820=VECTOR('Line Direction',#819,1.) ;
#834=VECTOR('Line Direction',#833,1.) ;
#841=VECTOR('Line Direction',#840,1.) ;
#848=VECTOR('Line Direction',#847,1.) ;
#887=VECTOR('Line Direction',#886,1.) ;
#894=VECTOR('Line Direction',#893,1.) ;
#901=VECTOR('Line Direction',#900,1.) ;
#906=VECTOR('Line Direction',#905,1.) ;
#923=VECTOR('Line Direction',#922,1.) ;
#953=VECTOR('Line Direction',#952,1.) ;
#972=VECTOR('Line Direction',#971,1.) ;
#989=VECTOR('Line Direction',#988,1.) ;
#996=VECTOR('Line Direction',#995,1.) ;
#1003=VECTOR('Line Direction',#1002,1.) ;
#1018=VECTOR('Line Direction',#1017,1.) ;
#1033=VECTOR('Line Direction',#1032,1.) ;
#1070=VECTOR('Line Direction',#1069,1.) ;
#1097=VECTOR('Line Direction',#1096,1.) ;
#1106=VECTOR('Line Direction',#1105,1.) ;
#1113=VECTOR('Line Direction',#1112,1.) ;
#1120=VECTOR('Line Direction',#1119,1.) ;
#1127=VECTOR('Line Direction',#1126,1.) ;
#1134=VECTOR('Line Direction',#1133,1.) ;
#1141=VECTOR('Line Direction',#1140,1.) ;
#1156=VECTOR('Line Direction',#1155,1.) ;
#1173=VECTOR('Line Direction',#1172,1.) ;
#1205=VECTOR('Line Direction',#1204,1.) ;
#1212=VECTOR('Line Direction',#1211,1.) ;
#1219=VECTOR('Line Direction',#1218,1.) ;
#1231=VECTOR('Line Direction',#1230,1.) ;
#1532=VECTOR('Line Direction',#1531,1.) ;
#1539=VECTOR('Line Direction',#1538,1.) ;
#1546=VECTOR('Line Direction',#1545,1.) ;
#1551=VECTOR('Line Direction',#1550,1.) ;
#1568=VECTOR('Line Direction',#1567,1.) ;
#1575=VECTOR('Line Direction',#1574,1.) ;
#1598=VECTOR('Line Direction',#1597,1.) ;
#1625=VECTOR('Line Direction',#1624,1.) ;
#1634=VECTOR('Line Direction',#1633,1.) ;
#1641=VECTOR('Line Direction',#1640,1.) ;
#1648=VECTOR('Line Direction',#1647,1.) ;
#1655=VECTOR('Line Direction',#1654,1.) ;
#1662=VECTOR('Line Direction',#1661,1.) ;
#1669=VECTOR('Line Direction',#1668,1.) ;
#1684=VECTOR('Line Direction',#1683,1.) ;
#1701=VECTOR('Line Direction',#1700,1.) ;
#1733=VECTOR('Line Direction',#1732,1.) ;
#1740=VECTOR('Line Direction',#1739,1.) ;
#1747=VECTOR('Line Direction',#1746,1.) ;
#1759=VECTOR('Line Direction',#1758,1.) ;
#2060=VECTOR('Line Direction',#2059,1.) ;
#2067=VECTOR('Line Direction',#2066,1.) ;
#2074=VECTOR('Line Direction',#2073,1.) ;
#2079=VECTOR('Line Direction',#2078,1.) ;
#2096=VECTOR('Line Direction',#2095,1.) ;
#2103=VECTOR('Line Direction',#2102,1.) ;
#2126=VECTOR('Line Direction',#2125,1.) ;
#2153=VECTOR('Line Direction',#2152,1.) ;
#2162=VECTOR('Line Direction',#2161,1.) ;
#2169=VECTOR('Line Direction',#2168,1.) ;
#2176=VECTOR('Line Direction',#2175,1.) ;
#2183=VECTOR('Line Direction',#2182,1.) ;
#2190=VECTOR('Line Direction',#2189,1.) ;
#2197=VECTOR('Line Direction',#2196,1.) ;
#2212=VECTOR('Line Direction',#2211,1.) ;
#2229=VECTOR('Line Direction',#2228,1.) ;
#2261=VECTOR('Line Direction',#2260,1.) ;
#2273=VECTOR('Line Direction',#2272,1.) ;
#2430=VECTOR('Line Direction',#2429,1.) ;
#2437=VECTOR('Line Direction',#2436,1.) ;
#2444=VECTOR('Line Direction',#2443,1.) ;
#2607=VECTOR('Line Direction',#2606,1.) ;
#2614=VECTOR('Line Direction',#2613,1.) ;
#2621=VECTOR('Line Direction',#2620,1.) ;
#2626=VECTOR('Line Direction',#2625,1.) ;
#2643=VECTOR('Line Direction',#2642,1.) ;
#2650=VECTOR('Line Direction',#2649,1.) ;
#2673=VECTOR('Line Direction',#2672,1.) ;
#2700=VECTOR('Line Direction',#2699,1.) ;
#2709=VECTOR('Line Direction',#2708,1.) ;
#2716=VECTOR('Line Direction',#2715,1.) ;
#2723=VECTOR('Line Direction',#2722,1.) ;
#2730=VECTOR('Line Direction',#2729,1.) ;
#2737=VECTOR('Line Direction',#2736,1.) ;
#2744=VECTOR('Line Direction',#2743,1.) ;
#2759=VECTOR('Line Direction',#2758,1.) ;
#2776=VECTOR('Line Direction',#2775,1.) ;
#2808=VECTOR('Line Direction',#2807,1.) ;
#2813=VECTOR('Line Direction',#2812,1.) ;
#2825=VECTOR('Line Direction',#2824,1.) ;
#3121=VECTOR('Line Direction',#3120,1.) ;
#3138=VECTOR('Line Direction',#3137,1.) ;
#3145=VECTOR('Line Direction',#3144,1.) ;
#3168=VECTOR('Line Direction',#3167,1.) ;
#3190=VECTOR('Line Direction',#3189,1.) ;
#3197=VECTOR('Line Direction',#3196,1.) ;
#3204=VECTOR('Line Direction',#3203,1.) ;
#3211=VECTOR('Line Direction',#3210,1.) ;
#3226=VECTOR('Line Direction',#3225,1.) ;
#3243=VECTOR('Line Direction',#3242,1.) ;
#3280=VECTOR('Line Direction',#3279,1.) ;
#3289=VECTOR('Line Direction',#3288,1.) ;
#3296=VECTOR('Line Direction',#3295,1.) ;
#3303=VECTOR('Line Direction',#3302,1.) ;
#3308=VECTOR('Line Direction',#3307,1.) ;
#3325=VECTOR('Line Direction',#3324,1.) ;
#3332=VECTOR('Line Direction',#3331,1.) ;
#3339=VECTOR('Line Direction',#3338,1.) ;
#3399=VECTOR('Line Direction',#3398,1.) ;
#3413=VECTOR('Line Direction',#3412,1.) ;
#3535=VECTOR('Line Direction',#3534,1.) ;
#3612=VECTOR('Line Direction',#3611,1.) ;
#3617=VECTOR('Line Direction',#3616,1.) ;
#3634=VECTOR('Line Direction',#3633,1.) ;
#3643=VECTOR('Line Direction',#3642,1.) ;
#3648=VECTOR('Line Direction',#3647,1.) ;
#3662=VECTOR('Line Direction',#3661,1.) ;
#3669=VECTOR('Line Direction',#3668,1.) ;
#3676=VECTOR('Line Direction',#3675,1.) ;
#3695=VECTOR('Line Direction',#3694,1.) ;
#3700=VECTOR('Line Direction',#3699,1.) ;
#3729=VECTOR('Line Direction',#3728,1.) ;
#3746=VECTOR('Line Direction',#3745,1.) ;
#3751=VECTOR('Line Direction',#3750,1.) ;
#3768=VECTOR('Line Direction',#3767,1.) ;
#3777=VECTOR('Line Direction',#3776,1.) ;
#3782=VECTOR('Line Direction',#3781,1.) ;
#3796=VECTOR('Line Direction',#3795,1.) ;
#3803=VECTOR('Line Direction',#3802,1.) ;
#3810=VECTOR('Line Direction',#3809,1.) ;
#3829=VECTOR('Line Direction',#3828,1.) ;
#3834=VECTOR('Line Direction',#3833,1.) ;
#3875=VECTOR('Line Direction',#3874,1.) ;
#3880=VECTOR('Line Direction',#3879,1.) ;
#3897=VECTOR('Line Direction',#3896,1.) ;
#3906=VECTOR('Line Direction',#3905,1.) ;
#3911=VECTOR('Line Direction',#3910,1.) ;
#3925=VECTOR('Line Direction',#3924,1.) ;
#3932=VECTOR('Line Direction',#3931,1.) ;
#3939=VECTOR('Line Direction',#3938,1.) ;
#3958=VECTOR('Line Direction',#3957,1.) ;
#3963=VECTOR('Line Direction',#3962,1.) ;
#4004=VECTOR('Line Direction',#4003,1.) ;
#4009=VECTOR('Line Direction',#4008,1.) ;
#4026=VECTOR('Line Direction',#4025,1.) ;
#4035=VECTOR('Line Direction',#4034,1.) ;
#4040=VECTOR('Line Direction',#4039,1.) ;
#4054=VECTOR('Line Direction',#4053,1.) ;
#4061=VECTOR('Line Direction',#4060,1.) ;
#4068=VECTOR('Line Direction',#4067,1.) ;
#4087=VECTOR('Line Direction',#4086,1.) ;
#4092=VECTOR('Line Direction',#4091,1.) ;
#4133=VECTOR('Line Direction',#4132,1.) ;
#4138=VECTOR('Line Direction',#4137,1.) ;
#4155=VECTOR('Line Direction',#4154,1.) ;
#4164=VECTOR('Line Direction',#4163,1.) ;
#4169=VECTOR('Line Direction',#4168,1.) ;
#4183=VECTOR('Line Direction',#4182,1.) ;
#4190=VECTOR('Line Direction',#4189,1.) ;
#4197=VECTOR('Line Direction',#4196,1.) ;
#4216=VECTOR('Line Direction',#4215,1.) ;
#4221=VECTOR('Line Direction',#4220,1.) ;
#4578=VECTOR('Extrusion Surface Vector',#4577,1.) ;
#4582=VECTOR('Line Direction',#4581,1.) ;
#4587=VECTOR('Line Direction',#4586,1.) ;
#4603=VECTOR('Extrusion Surface Vector',#4602,1.) ;
#4644=VECTOR('Extrusion Surface Vector',#4643,1.) ;
#4648=VECTOR('Line Direction',#4647,1.) ;
#4653=VECTOR('Line Direction',#4652,1.) ;
#4669=VECTOR('Extrusion Surface Vector',#4668,1.) ;
#4710=VECTOR('Extrusion Surface Vector',#4709,1.) ;
#4714=VECTOR('Line Direction',#4713,1.) ;
#4719=VECTOR('Line Direction',#4718,1.) ;
#4735=VECTOR('Extrusion Surface Vector',#4734,1.) ;
#4776=VECTOR('Extrusion Surface Vector',#4775,1.) ;
#4780=VECTOR('Line Direction',#4779,1.) ;
#4785=VECTOR('Line Direction',#4784,1.) ;
#4801=VECTOR('Extrusion Surface Vector',#4800,1.) ;
#4842=VECTOR('Extrusion Surface Vector',#4841,1.) ;
#4846=VECTOR('Line Direction',#4845,1.) ;
#4851=VECTOR('Line Direction',#4850,1.) ;
#4867=VECTOR('Extrusion Surface Vector',#4866,1.) ;
#4916=VECTOR('Extrusion Surface Vector',#4915,1.) ;
#4920=VECTOR('Line Direction',#4919,1.) ;
#4925=VECTOR('Line Direction',#4924,1.) ;
#4941=VECTOR('Extrusion Surface Vector',#4940,1.) ;
#4956=VECTOR('Extrusion Surface Vector',#4955,1.) ;
#4997=VECTOR('Extrusion Surface Vector',#4996,1.) ;
#5001=VECTOR('Line Direction',#5000,1.) ;
#5006=VECTOR('Line Direction',#5005,1.) ;
#5022=VECTOR('Extrusion Surface Vector',#5021,1.) ;
#5063=VECTOR('Extrusion Surface Vector',#5062,1.) ;
#5067=VECTOR('Line Direction',#5066,1.) ;
#5072=VECTOR('Line Direction',#5071,1.) ;
#5088=VECTOR('Extrusion Surface Vector',#5087,1.) ;
#5129=VECTOR('Extrusion Surface Vector',#5128,1.) ;
#5133=VECTOR('Line Direction',#5132,1.) ;
#5138=VECTOR('Line Direction',#5137,1.) ;
#5154=VECTOR('Extrusion Surface Vector',#5153,1.) ;
#5195=VECTOR('Extrusion Surface Vector',#5194,1.) ;
#5199=VECTOR('Line Direction',#5198,1.) ;
#5204=VECTOR('Line Direction',#5203,1.) ;
#5220=VECTOR('Extrusion Surface Vector',#5219,1.) ;
#5261=VECTOR('Extrusion Surface Vector',#5260,1.) ;
#5265=VECTOR('Line Direction',#5264,1.) ;
#5270=VECTOR('Line Direction',#5269,1.) ;
#5286=VECTOR('Extrusion Surface Vector',#5285,1.) ;
#5335=VECTOR('Extrusion Surface Vector',#5334,1.) ;
#5339=VECTOR('Line Direction',#5338,1.) ;
#5344=VECTOR('Line Direction',#5343,1.) ;
#5360=VECTOR('Extrusion Surface Vector',#5359,1.) ;
#5375=VECTOR('Extrusion Surface Vector',#5374,1.) ;
#5416=VECTOR('Extrusion Surface Vector',#5415,1.) ;
#5420=VECTOR('Line Direction',#5419,1.) ;
#5425=VECTOR('Line Direction',#5424,1.) ;
#5441=VECTOR('Extrusion Surface Vector',#5440,1.) ;
#5482=VECTOR('Extrusion Surface Vector',#5481,1.) ;
#5486=VECTOR('Line Direction',#5485,1.) ;
#5491=VECTOR('Line Direction',#5490,1.) ;
#5507=VECTOR('Extrusion Surface Vector',#5506,1.) ;
#5548=VECTOR('Extrusion Surface Vector',#5547,1.) ;
#5552=VECTOR('Line Direction',#5551,1.) ;
#5557=VECTOR('Line Direction',#5556,1.) ;
#5573=VECTOR('Extrusion Surface Vector',#5572,1.) ;
#5614=VECTOR('Extrusion Surface Vector',#5613,1.) ;
#5618=VECTOR('Line Direction',#5617,1.) ;
#5623=VECTOR('Line Direction',#5622,1.) ;
#5639=VECTOR('Extrusion Surface Vector',#5638,1.) ;
#5680=VECTOR('Extrusion Surface Vector',#5679,1.) ;
#5684=VECTOR('Line Direction',#5683,1.) ;
#5689=VECTOR('Line Direction',#5688,1.) ;
#5705=VECTOR('Extrusion Surface Vector',#5704,1.) ;
#5754=VECTOR('Extrusion Surface Vector',#5753,1.) ;
#5758=VECTOR('Line Direction',#5757,1.) ;
#5763=VECTOR('Line Direction',#5762,1.) ;
#5779=VECTOR('Extrusion Surface Vector',#5778,1.) ;
#5794=VECTOR('Extrusion Surface Vector',#5793,1.) ;
#5835=VECTOR('Extrusion Surface Vector',#5834,1.) ;
#5839=VECTOR('Line Direction',#5838,1.) ;
#5844=VECTOR('Line Direction',#5843,1.) ;
#5860=VECTOR('Extrusion Surface Vector',#5859,1.) ;
#5901=VECTOR('Extrusion Surface Vector',#5900,1.) ;
#5905=VECTOR('Line Direction',#5904,1.) ;
#5910=VECTOR('Line Direction',#5909,1.) ;
#5926=VECTOR('Extrusion Surface Vector',#5925,1.) ;
#5967=VECTOR('Extrusion Surface Vector',#5966,1.) ;
#5971=VECTOR('Line Direction',#5970,1.) ;
#5976=VECTOR('Line Direction',#5975,1.) ;
#5992=VECTOR('Extrusion Surface Vector',#5991,1.) ;
#6033=VECTOR('Extrusion Surface Vector',#6032,1.) ;
#6037=VECTOR('Line Direction',#6036,1.) ;
#6042=VECTOR('Line Direction',#6041,1.) ;
#6058=VECTOR('Extrusion Surface Vector',#6057,1.) ;
#6099=VECTOR('Extrusion Surface Vector',#6098,1.) ;
#6103=VECTOR('Line Direction',#6102,1.) ;
#6108=VECTOR('Line Direction',#6107,1.) ;
#6124=VECTOR('Extrusion Surface Vector',#6123,1.) ;
#6173=VECTOR('Extrusion Surface Vector',#6172,1.) ;
#6177=VECTOR('Line Direction',#6176,1.) ;
#6182=VECTOR('Line Direction',#6181,1.) ;
#6198=VECTOR('Extrusion Surface Vector',#6197,1.) ;
#6213=VECTOR('Extrusion Surface Vector',#6212,1.) ;
#6254=VECTOR('Extrusion Surface Vector',#6253,1.) ;
#6258=VECTOR('Line Direction',#6257,1.) ;
#6263=VECTOR('Line Direction',#6262,1.) ;
#6279=VECTOR('Extrusion Surface Vector',#6278,1.) ;
#6320=VECTOR('Extrusion Surface Vector',#6319,1.) ;
#6324=VECTOR('Line Direction',#6323,1.) ;
#6329=VECTOR('Line Direction',#6328,1.) ;
#6345=VECTOR('Extrusion Surface Vector',#6344,1.) ;
#6386=VECTOR('Extrusion Surface Vector',#6385,1.) ;
#6390=VECTOR('Line Direction',#6389,1.) ;
#6395=VECTOR('Line Direction',#6394,1.) ;
#6411=VECTOR('Extrusion Surface Vector',#6410,1.) ;
#6452=VECTOR('Extrusion Surface Vector',#6451,1.) ;
#6456=VECTOR('Line Direction',#6455,1.) ;
#6461=VECTOR('Line Direction',#6460,1.) ;
#6477=VECTOR('Extrusion Surface Vector',#6476,1.) ;
#6518=VECTOR('Extrusion Surface Vector',#6517,1.) ;
#6522=VECTOR('Line Direction',#6521,1.) ;
#6527=VECTOR('Line Direction',#6526,1.) ;
#6543=VECTOR('Extrusion Surface Vector',#6542,1.) ;
#6592=VECTOR('Extrusion Surface Vector',#6591,1.) ;
#6596=VECTOR('Line Direction',#6595,1.) ;
#6601=VECTOR('Line Direction',#6600,1.) ;
#6617=VECTOR('Extrusion Surface Vector',#6616,1.) ;
#6632=VECTOR('Extrusion Surface Vector',#6631,1.) ;
#6673=VECTOR('Extrusion Surface Vector',#6672,1.) ;
#6677=VECTOR('Line Direction',#6676,1.) ;
#6682=VECTOR('Line Direction',#6681,1.) ;
#6698=VECTOR('Extrusion Surface Vector',#6697,1.) ;
#6739=VECTOR('Extrusion Surface Vector',#6738,1.) ;
#6743=VECTOR('Line Direction',#6742,1.) ;
#6748=VECTOR('Line Direction',#6747,1.) ;
#6764=VECTOR('Extrusion Surface Vector',#6763,1.) ;
#6805=VECTOR('Extrusion Surface Vector',#6804,1.) ;
#6809=VECTOR('Line Direction',#6808,1.) ;
#6814=VECTOR('Line Direction',#6813,1.) ;
#6830=VECTOR('Extrusion Surface Vector',#6829,1.) ;
#6871=VECTOR('Extrusion Surface Vector',#6870,1.) ;
#6875=VECTOR('Line Direction',#6874,1.) ;
#6880=VECTOR('Line Direction',#6879,1.) ;
#6896=VECTOR('Extrusion Surface Vector',#6895,1.) ;
#6937=VECTOR('Extrusion Surface Vector',#6936,1.) ;
#6941=VECTOR('Line Direction',#6940,1.) ;
#6946=VECTOR('Line Direction',#6945,1.) ;
#6962=VECTOR('Extrusion Surface Vector',#6961,1.) ;
#7011=VECTOR('Extrusion Surface Vector',#7010,1.) ;
#7015=VECTOR('Line Direction',#7014,1.) ;
#7020=VECTOR('Line Direction',#7019,1.) ;
#7036=VECTOR('Extrusion Surface Vector',#7035,1.) ;
#7051=VECTOR('Extrusion Surface Vector',#7050,1.) ;
#7103=VECTOR('Line Direction',#7102,1.) ;
#7117=VECTOR('Line Direction',#7116,1.) ;
#7198=VECTOR('Line Direction',#7197,1.) ;
#7207=VECTOR('Line Direction',#7206,1.) ;
#7289=VECTOR('Line Direction',#7288,1.) ;
#7362=VECTOR('Line Direction',#7361,1.) ;
#7399=VECTOR('Line Direction',#7398,1.) ;
#7413=VECTOR('Line Direction',#7412,1.) ;
#7434=VECTOR('Line Direction',#7433,1.) ;
#7448=VECTOR('Line Direction',#7447,1.) ;
#7462=VECTOR('Line Direction',#7461,1.) ;
#7482=VECTOR('Line Direction',#7481,1.) ;
#7512=VECTOR('Line Direction',#7511,1.) ;
#7532=VECTOR('Line Direction',#7531,1.) ;
#7551=VECTOR('Line Direction',#7550,1.) ;
#7572=VECTOR('Line Direction',#7571,1.) ;
#7591=VECTOR('Line Direction',#7590,1.) ;
#7694=VECTOR('Line Direction',#7693,1.) ;
#7701=VECTOR('Line Direction',#7700,1.) ;
#7708=VECTOR('Line Direction',#7707,1.) ;
#7713=VECTOR('Line Direction',#7712,1.) ;
#7720=VECTOR('Line Direction',#7719,1.) ;
#7727=VECTOR('Line Direction',#7726,1.) ;
#7750=VECTOR('Line Direction',#7749,1.) ;
#7757=VECTOR('Line Direction',#7756,1.) ;
#7774=VECTOR('Line Direction',#7773,1.) ;
#7781=VECTOR('Line Direction',#7780,1.) ;
#7799=VECTOR('Line Direction',#7798,1.) ;
#7816=VECTOR('Line Direction',#7815,1.) ;
#7823=VECTOR('Line Direction',#7822,1.) ;
#7830=VECTOR('Line Direction',#7829,1.) ;
#7847=VECTOR('Line Direction',#7846,1.) ;
#7905=VECTOR('Line Direction',#7904,1.) ;
#7910=VECTOR('Line Direction',#7909,1.) ;
#7927=VECTOR('Line Direction',#7926,1.) ;
#7968=VECTOR('Line Direction',#7967,1.) ;
#7975=VECTOR('Line Direction',#7974,1.) ;
#7987=VECTOR('Line Direction',#7986,1.) ;
#7994=VECTOR('Line Direction',#7993,1.) ;
#8007=VECTOR('Line Direction',#8006,1.) ;
#8031=VECTOR('Line Direction',#8030,1.) ;
#8044=VECTOR('Line Direction',#8043,1.) ;
#8060=VECTOR('Line Direction',#8059,1.) ;
#8104=VECTOR('Line Direction',#8103,1.) ;
#8129=VECTOR('Line Direction',#8128,1.) ;
#8143=VECTOR('Line Direction',#8142,1.) ;
#8157=VECTOR('Line Direction',#8156,1.) ;
#8174=VECTOR('Line Direction',#8173,1.) ;
#8245=VECTOR('Line Direction',#8244,1.) ;
#8259=VECTOR('Line Direction',#8258,1.) ;
#8312=VECTOR('Line Direction',#8311,1.) ;
#8317=VECTOR('Line Direction',#8316,1.) ;
#8386=VECTOR('Line Direction',#8385,1.) ;
#8391=VECTOR('Line Direction',#8390,1.) ;
#8403=VECTOR('Line Direction',#8402,1.) ;
#8417=VECTOR('Line Direction',#8416,1.) ;
#8434=VECTOR('Line Direction',#8433,1.) ;
#8441=VECTOR('Line Direction',#8440,1.) ;
#8458=VECTOR('Line Direction',#8457,1.) ;
#8465=VECTOR('Line Direction',#8464,1.) ;
#8482=VECTOR('Line Direction',#8481,1.) ;
#8513=VECTOR('Line Direction',#8512,1.) ;
#8520=VECTOR('Line Direction',#8519,1.) ;
#8527=VECTOR('Line Direction',#8526,1.) ;
#8600=VECTOR('Line Direction',#8599,1.) ;
#8612=VECTOR('Line Direction',#8611,1.) ;
#8624=VECTOR('Line Direction',#8623,1.) ;
#8641=VECTOR('Line Direction',#8640,1.) ;
#8701=VECTOR('Line Direction',#8700,1.) ;
#8715=VECTOR('Line Direction',#8714,1.) ;
#8805=VECTOR('Line Direction',#8804,1.) ;
#8819=VECTOR('Line Direction',#8818,1.) ;
#8909=VECTOR('Line Direction',#8908,1.) ;
#8923=VECTOR('Line Direction',#8922,1.) ;
#9004=VECTOR('Line Direction',#9003,1.) ;
#9020=VECTOR('Line Direction',#9019,1.) ;
#9084=VECTOR('Line Direction',#9083,1.) ;
#9100=VECTOR('Line Direction',#9099,1.) ;
#9127=VECTOR('Line Direction',#9126,1.) ;
#9141=VECTOR('Line Direction',#9140,1.) ;
#9170=VECTOR('Line Direction',#9169,1.) ;
#9177=VECTOR('Line Direction',#9176,1.) ;
#7061=ADVANCED_BREP_SHAPE_REPRESENTATION('NONE',(#7060),#53) ;
#7165=ADVANCED_BREP_SHAPE_REPRESENTATION('NONE',(#7164),#7077) ;
#8203=ADVANCED_BREP_SHAPE_REPRESENTATION('NONE',(#8202),#7181) ;
#8659=ADVANCED_BREP_SHAPE_REPRESENTATION('NONE',(#8658),#8219) ;
#8763=ADVANCED_BREP_SHAPE_REPRESENTATION('NONE',(#8762),#8675) ;
#8867=ADVANCED_BREP_SHAPE_REPRESENTATION('NONE',(#8866),#8779) ;
#8971=ADVANCED_BREP_SHAPE_REPRESENTATION('NONE',(#8970),#8883) ;
#9051=ADVANCED_BREP_SHAPE_REPRESENTATION('NONE',(#9050),#8987) ;
#9193=ADVANCED_BREP_SHAPE_REPRESENTATION('NONE',(#9192),#9067) ;
#44=SHAPE_REPRESENTATION(' ',(#7068,#7172,#8210,#8666,#8770,#8874,#8978,#9058,#9200),#51) ;
#54=SHAPE_REPRESENTATION(' ',(#7069),#53) ;
#7078=SHAPE_REPRESENTATION(' ',(#7173),#7077) ;
#7182=SHAPE_REPRESENTATION(' ',(#8211),#7181) ;
#8220=SHAPE_REPRESENTATION(' ',(#8667),#8219) ;
#8676=SHAPE_REPRESENTATION(' ',(#8771),#8675) ;
#8780=SHAPE_REPRESENTATION(' ',(#8875),#8779) ;
#8884=SHAPE_REPRESENTATION(' ',(#8979),#8883) ;
#8988=SHAPE_REPRESENTATION(' ',(#9059),#8987) ;
#9068=SHAPE_REPRESENTATION(' ',(#9201),#9067) ;
#102=ADVANCED_FACE('PartBody',(#101),#67,.T.) ;
#149=ADVANCED_FACE('PartBody',(#148),#107,.T.) ;
#196=ADVANCED_FACE('PartBody',(#195),#154,.T.) ;
#218=ADVANCED_FACE('PartBody',(#217),#201,.T.) ;
#235=ADVANCED_FACE('PartBody',(#234),#223,.T.) ;
#252=ADVANCED_FACE('PartBody',(#251),#240,.F.) ;
#452=ADVANCED_FACE('PartBody',(#307,#355,#403,#451),#257,.T.) ;
#499=ADVANCED_FACE('PartBody',(#498),#457,.T.) ;
#679=ADVANCED_FACE('PartBody',(#582,#630,#678),#257,.T.) ;
#879=ADVANCED_FACE('PartBody',(#878),#684,.F.) ;
#938=ADVANCED_FACE('PartBody',(#937),#884,.F.) ;
#962=ADVANCED_FACE('PartBody',(#961),#943,.T.) ;
#981=ADVANCED_FACE('PartBody',(#980),#943,.T.) ;
#1062=ADVANCED_FACE('PartBody',(#1061),#986,.T.) ;
#1089=ADVANCED_FACE('PartBody',(#1088),#1067,.T.) ;
#1202=ADVANCED_FACE('PartBody',(#1201),#1094,.T.) ;
#1524=ADVANCED_FACE('PartBody',(#1283,#1331,#1379,#1427,#1475,#1523),#257,.T.) ;
#1590=ADVANCED_FACE('PartBody',(#1589),#1529,.F.) ;
#1617=ADVANCED_FACE('PartBody',(#1616),#1595,.T.) ;
#1730=ADVANCED_FACE('PartBody',(#1729),#1622,.T.) ;
#2052=ADVANCED_FACE('PartBody',(#1811,#1859,#1907,#1955,#2003,#2051),#257,.T.) ;
#2118=ADVANCED_FACE('PartBody',(#2117),#2057,.F.) ;
#2145=ADVANCED_FACE('PartBody',(#2144),#2123,.T.) ;
#2258=ADVANCED_FACE('PartBody',(#2257),#2150,.T.) ;
#2420=ADVANCED_FACE('PartBody',(#2323,#2371,#2419),#257,.T.) ;
#2599=ADVANCED_FACE('PartBody',(#2454,#2502,#2550,#2598),#257,.T.) ;
#2665=ADVANCED_FACE('PartBody',(#2664),#2604,.F.) ;
#2692=ADVANCED_FACE('PartBody',(#2691),#2670,.T.) ;
#2805=ADVANCED_FACE('PartBody',(#2804),#2697,.T.) ;
#3118=ADVANCED_FACE('PartBody',(#2877,#2925,#2973,#3021,#3069,#3117),#257,.T.) ;
#3160=ADVANCED_FACE('PartBody',(#3159),#223,.F.) ;
#3187=ADVANCED_FACE('PartBody',(#3186),#3165,.T.) ;
#3272=ADVANCED_FACE('PartBody',(#3271),#240,.T.) ;
#3354=ADVANCED_FACE('PartBody',(#3353),#3277,.F.) ;
#3374=ADVANCED_FACE('PartBody',(#3373),#3359,.T.) ;
#3434=ADVANCED_FACE('PartBody',(#3433),#3379,.T.) ;
#3473=ADVANCED_FACE('PartBody',(#3472),#3379,.T.) ;
#3485=ADVANCED_FACE('PartBody',(#3484),#457,.T.) ;
#3492=ADVANCED_FACE('PartBody',(#3491),#943,.T.) ;
#3504=ADVANCED_FACE('PartBody',(#3503),#457,.T.) ;
#3511=ADVANCED_FACE('PartBody',(#3510),#943,.T.) ;
#3532=ADVANCED_FACE('PartBody',(#3531),#457,.T.) ;
#3544=ADVANCED_FACE('PartBody',(#3543),#943,.T.) ;
#3551=ADVANCED_FACE('PartBody',(#3550),#943,.T.) ;
#3563=ADVANCED_FACE('PartBody',(#3562),#457,.T.) ;
#3570=ADVANCED_FACE('PartBody',(#3569),#943,.T.) ;
#3587=ADVANCED_FACE('PartBody',(#3586),#457,.T.) ;
#3594=ADVANCED_FACE('PartBody',(#3593),#943,.T.) ;
#3604=ADVANCED_FACE('PartBody',(#3603),#3599,.T.) ;
#3626=ADVANCED_FACE('PartBody',(#3625),#3609,.T.) ;
#3659=ADVANCED_FACE('PartBody',(#3658),#3631,.T.) ;
#3687=ADVANCED_FACE('PartBody',(#3686),#154,.T.) ;
#3709=ADVANCED_FACE('PartBody',(#3708),#3692,.T.) ;
#3721=ADVANCED_FACE('PartBody',(#3720),#3714,.F.) ;
#3738=ADVANCED_FACE('PartBody',(#3737),#3726,.T.) ;
#3760=ADVANCED_FACE('PartBody',(#3759),#3743,.T.) ;
#3793=ADVANCED_FACE('PartBody',(#3792),#3765,.T.) ;
#3821=ADVANCED_FACE('PartBody',(#3820),#154,.T.) ;
#3843=ADVANCED_FACE('PartBody',(#3842),#3826,.T.) ;
#3855=ADVANCED_FACE('PartBody',(#3854),#3848,.F.) ;
#3867=ADVANCED_FACE('PartBody',(#3866),#3860,.T.) ;
#3889=ADVANCED_FACE('PartBody',(#3888),#3872,.T.) ;
#3922=ADVANCED_FACE('PartBody',(#3921),#3894,.T.) ;
#3950=ADVANCED_FACE('PartBody',(#3949),#154,.T.) ;
#3972=ADVANCED_FACE('PartBody',(#3971),#3955,.T.) ;
#3984=ADVANCED_FACE('PartBody',(#3983),#3977,.F.) ;
#3996=ADVANCED_FACE('PartBody',(#3995),#3989,.T.) ;
#4018=ADVANCED_FACE('PartBody',(#4017),#4001,.T.) ;
#4051=ADVANCED_FACE('PartBody',(#4050),#4023,.T.) ;
#4079=ADVANCED_FACE('PartBody',(#4078),#154,.T.) ;
#4101=ADVANCED_FACE('PartBody',(#4100),#4084,.T.) ;
#4113=ADVANCED_FACE('PartBody',(#4112),#4106,.F.) ;
#4125=ADVANCED_FACE('PartBody',(#4124),#4118,.T.) ;
#4147=ADVANCED_FACE('PartBody',(#4146),#4130,.T.) ;
#4180=ADVANCED_FACE('PartBody',(#4179),#4152,.T.) ;
#4208=ADVANCED_FACE('PartBody',(#4207),#154,.T.) ;
#4230=ADVANCED_FACE('PartBody',(#4229),#4213,.T.) ;
#4242=ADVANCED_FACE('PartBody',(#4241),#4235,.F.) ;
#4254=ADVANCED_FACE('PartBody',(#4253),#4247,.T.) ;
#4545=ADVANCED_FACE('PartBody',(#4304,#4352,#4400,#4448,#4496,#4544),#257,.T.) ;
#4571=ADVANCED_FACE('PartBody',(#4570),#4550,.F.) ;
#4596=ADVANCED_FACE('PartBody',(#4595),#4579,.T.) ;
#4611=ADVANCED_FACE('PartBody',(#4610),#4604,.T.) ;
#4637=ADVANCED_FACE('PartBody',(#4636),#4616,.F.) ;
#4662=ADVANCED_FACE('PartBody',(#4661),#4645,.T.) ;
#4677=ADVANCED_FACE('PartBody',(#4676),#4670,.T.) ;
#4703=ADVANCED_FACE('PartBody',(#4702),#4682,.F.) ;
#4728=ADVANCED_FACE('PartBody',(#4727),#4711,.T.) ;
#4743=ADVANCED_FACE('PartBody',(#4742),#4736,.T.) ;
#4769=ADVANCED_FACE('PartBody',(#4768),#4748,.F.) ;
#4794=ADVANCED_FACE('PartBody',(#4793),#4777,.T.) ;
#4809=ADVANCED_FACE('PartBody',(#4808),#4802,.T.) ;
#4835=ADVANCED_FACE('PartBody',(#4834),#4814,.F.) ;
#4860=ADVANCED_FACE('PartBody',(#4859),#4843,.T.) ;
#4875=ADVANCED_FACE('PartBody',(#4874),#4868,.T.) ;
#4909=ADVANCED_FACE('PartBody',(#4908),#4880,.F.) ;
#4934=ADVANCED_FACE('PartBody',(#4933),#4917,.T.) ;
#4949=ADVANCED_FACE('PartBody',(#4948),#4942,.T.) ;
#4964=ADVANCED_FACE('PartBody',(#4963),#4957,.T.) ;
#4990=ADVANCED_FACE('PartBody',(#4989),#4969,.F.) ;
#5015=ADVANCED_FACE('PartBody',(#5014),#4998,.T.) ;
#5030=ADVANCED_FACE('PartBody',(#5029),#5023,.T.) ;
#5056=ADVANCED_FACE('PartBody',(#5055),#5035,.F.) ;
#5081=ADVANCED_FACE('PartBody',(#5080),#5064,.T.) ;
#5096=ADVANCED_FACE('PartBody',(#5095),#5089,.T.) ;
#5122=ADVANCED_FACE('PartBody',(#5121),#5101,.F.) ;
#5147=ADVANCED_FACE('PartBody',(#5146),#5130,.T.) ;
#5162=ADVANCED_FACE('PartBody',(#5161),#5155,.T.) ;
#5188=ADVANCED_FACE('PartBody',(#5187),#5167,.F.) ;
#5213=ADVANCED_FACE('PartBody',(#5212),#5196,.T.) ;
#5228=ADVANCED_FACE('PartBody',(#5227),#5221,.T.) ;
#5254=ADVANCED_FACE('PartBody',(#5253),#5233,.F.) ;
#5279=ADVANCED_FACE('PartBody',(#5278),#5262,.T.) ;
#5294=ADVANCED_FACE('PartBody',(#5293),#5287,.T.) ;
#5328=ADVANCED_FACE('PartBody',(#5327),#5299,.F.) ;
#5353=ADVANCED_FACE('PartBody',(#5352),#5336,.T.) ;
#5368=ADVANCED_FACE('PartBody',(#5367),#5361,.T.) ;
#5383=ADVANCED_FACE('PartBody',(#5382),#5376,.T.) ;
#5409=ADVANCED_FACE('PartBody',(#5408),#5388,.F.) ;
#5434=ADVANCED_FACE('PartBody',(#5433),#5417,.T.) ;
#5449=ADVANCED_FACE('PartBody',(#5448),#5442,.T.) ;
#5475=ADVANCED_FACE('PartBody',(#5474),#5454,.F.) ;
#5500=ADVANCED_FACE('PartBody',(#5499),#5483,.T.) ;
#5515=ADVANCED_FACE('PartBody',(#5514),#5508,.T.) ;
#5541=ADVANCED_FACE('PartBody',(#5540),#5520,.F.) ;
#5566=ADVANCED_FACE('PartBody',(#5565),#5549,.T.) ;
#5581=ADVANCED_FACE('PartBody',(#5580),#5574,.T.) ;
#5607=ADVANCED_FACE('PartBody',(#5606),#5586,.F.) ;
#5632=ADVANCED_FACE('PartBody',(#5631),#5615,.T.) ;
#5647=ADVANCED_FACE('PartBody',(#5646),#5640,.T.) ;
#5673=ADVANCED_FACE('PartBody',(#5672),#5652,.F.) ;
#5698=ADVANCED_FACE('PartBody',(#5697),#5681,.T.) ;
#5713=ADVANCED_FACE('PartBody',(#5712),#5706,.T.) ;
#5747=ADVANCED_FACE('PartBody',(#5746),#5718,.F.) ;
#5772=ADVANCED_FACE('PartBody',(#5771),#5755,.T.) ;
#5787=ADVANCED_FACE('PartBody',(#5786),#5780,.T.) ;
#5802=ADVANCED_FACE('PartBody',(#5801),#5795,.T.) ;
#5828=ADVANCED_FACE('PartBody',(#5827),#5807,.F.) ;
#5853=ADVANCED_FACE('PartBody',(#5852),#5836,.T.) ;
#5868=ADVANCED_FACE('PartBody',(#5867),#5861,.T.) ;
#5894=ADVANCED_FACE('PartBody',(#5893),#5873,.F.) ;
#5919=ADVANCED_FACE('PartBody',(#5918),#5902,.T.) ;
#5934=ADVANCED_FACE('PartBody',(#5933),#5927,.T.) ;
#5960=ADVANCED_FACE('PartBody',(#5959),#5939,.F.) ;
#5985=ADVANCED_FACE('PartBody',(#5984),#5968,.T.) ;
#6000=ADVANCED_FACE('PartBody',(#5999),#5993,.T.) ;
#6026=ADVANCED_FACE('PartBody',(#6025),#6005,.F.) ;
#6051=ADVANCED_FACE('PartBody',(#6050),#6034,.T.) ;
#6066=ADVANCED_FACE('PartBody',(#6065),#6059,.T.) ;
#6092=ADVANCED_FACE('PartBody',(#6091),#6071,.F.) ;
#6117=ADVANCED_FACE('PartBody',(#6116),#6100,.T.) ;
#6132=ADVANCED_FACE('PartBody',(#6131),#6125,.T.) ;
#6166=ADVANCED_FACE('PartBody',(#6165),#6137,.F.) ;
#6191=ADVANCED_FACE('PartBody',(#6190),#6174,.T.) ;
#6206=ADVANCED_FACE('PartBody',(#6205),#6199,.T.) ;
#6221=ADVANCED_FACE('PartBody',(#6220),#6214,.T.) ;
#6247=ADVANCED_FACE('PartBody',(#6246),#6226,.F.) ;
#6272=ADVANCED_FACE('PartBody',(#6271),#6255,.T.) ;
#6287=ADVANCED_FACE('PartBody',(#6286),#6280,.T.) ;
#6313=ADVANCED_FACE('PartBody',(#6312),#6292,.F.) ;
#6338=ADVANCED_FACE('PartBody',(#6337),#6321,.T.) ;
#6353=ADVANCED_FACE('PartBody',(#6352),#6346,.T.) ;
#6379=ADVANCED_FACE('PartBody',(#6378),#6358,.F.) ;
#6404=ADVANCED_FACE('PartBody',(#6403),#6387,.T.) ;
#6419=ADVANCED_FACE('PartBody',(#6418),#6412,.T.) ;
#6445=ADVANCED_FACE('PartBody',(#6444),#6424,.F.) ;
#6470=ADVANCED_FACE('PartBody',(#6469),#6453,.T.) ;
#6485=ADVANCED_FACE('PartBody',(#6484),#6478,.T.) ;
#6511=ADVANCED_FACE('PartBody',(#6510),#6490,.F.) ;
#6536=ADVANCED_FACE('PartBody',(#6535),#6519,.T.) ;
#6551=ADVANCED_FACE('PartBody',(#6550),#6544,.T.) ;
#6585=ADVANCED_FACE('PartBody',(#6584),#6556,.F.) ;
#6610=ADVANCED_FACE('PartBody',(#6609),#6593,.T.) ;
#6625=ADVANCED_FACE('PartBody',(#6624),#6618,.T.) ;
#6640=ADVANCED_FACE('PartBody',(#6639),#6633,.T.) ;
#6666=ADVANCED_FACE('PartBody',(#6665),#6645,.F.) ;
#6691=ADVANCED_FACE('PartBody',(#6690),#6674,.T.) ;
#6706=ADVANCED_FACE('PartBody',(#6705),#6699,.T.) ;
#6732=ADVANCED_FACE('PartBody',(#6731),#6711,.F.) ;
#6757=ADVANCED_FACE('PartBody',(#6756),#6740,.T.) ;
#6772=ADVANCED_FACE('PartBody',(#6771),#6765,.T.) ;
#6798=ADVANCED_FACE('PartBody',(#6797),#6777,.F.) ;
#6823=ADVANCED_FACE('PartBody',(#6822),#6806,.T.) ;
#6838=ADVANCED_FACE('PartBody',(#6837),#6831,.T.) ;
#6864=ADVANCED_FACE('PartBody',(#6863),#6843,.F.) ;
#6889=ADVANCED_FACE('PartBody',(#6888),#6872,.T.) ;
#6904=ADVANCED_FACE('PartBody',(#6903),#6897,.T.) ;
#6930=ADVANCED_FACE('PartBody',(#6929),#6909,.F.) ;
#6955=ADVANCED_FACE('PartBody',(#6954),#6938,.T.) ;
#6970=ADVANCED_FACE('PartBody',(#6969),#6963,.T.) ;
#7004=ADVANCED_FACE('PartBody',(#7003),#6975,.F.) ;
#7029=ADVANCED_FACE('PartBody',(#7028),#7012,.T.) ;
#7044=ADVANCED_FACE('PartBody',(#7043),#7037,.T.) ;
#7059=ADVANCED_FACE('PartBody',(#7058),#7052,.T.) ;
#7126=ADVANCED_FACE('PartBody',(#7125),#7091,.T.) ;
#7143=ADVANCED_FACE('PartBody',(#7142),#7091,.T.) ;
#7153=ADVANCED_FACE('PartBody',(#7152),#7148,.T.) ;
#7163=ADVANCED_FACE('PartBody',(#7162),#7158,.F.) ;
#7225=ADVANCED_FACE('PartBody',(#7224),#7195,.T.) ;
#7335=ADVANCED_FACE('PartBody',(#7334),#7230,.T.) ;
#7382=ADVANCED_FACE('PartBody',(#7381),#7340,.F.) ;
#7504=ADVANCED_FACE('PartBody',(#7503),#7387,.T.) ;
#7520=ADVANCED_FACE('PartBody',(#7519),#7509,.F.) ;
#7686=ADVANCED_FACE('PartBody',(#7685),#7387,.T.) ;
#7742=ADVANCED_FACE('PartBody',(#7741),#7691,.F.) ;
#7766=ADVANCED_FACE('PartBody',(#7765),#7747,.T.) ;
#7791=ADVANCED_FACE('PartBody',(#7790),#7771,.T.) ;
#7808=ADVANCED_FACE('PartBody',(#7807),#7796,.T.) ;
#7839=ADVANCED_FACE('PartBody',(#7838),#7813,.F.) ;
#7897=ADVANCED_FACE('PartBody',(#7896),#7844,.T.) ;
#7919=ADVANCED_FACE('PartBody',(#7918),#7902,.F.) ;
#7965=ADVANCED_FACE('PartBody',(#7964),#7924,.F.) ;
#7984=ADVANCED_FACE('PartBody',(#7983),#7796,.T.) ;
#8004=ADVANCED_FACE('PartBody',(#8003),#7771,.T.) ;
#8016=ADVANCED_FACE('PartBody',(#8015),#7747,.T.) ;
#8041=ADVANCED_FACE('PartBody',(#8040),#8021,.T.) ;
#8052=ADVANCED_FACE('PartBody',(#8051),#7195,.T.) ;
#8071=ADVANCED_FACE('PartBody',(#8070),#8057,.T.) ;
#8077=ADVANCED_FACE('PartBody',(#8076),#7509,.F.) ;
#8089=ADVANCED_FACE('PartBody',(#8088),#8082,.T.) ;
#8101=ADVANCED_FACE('PartBody',(#8100),#8094,.F.) ;
#8121=ADVANCED_FACE('PartBody',(#8120),#7924,.F.) ;
#8154=ADVANCED_FACE('PartBody',(#8153),#8126,.T.) ;
#8166=ADVANCED_FACE('PartBody',(#8165),#7813,.F.) ;
#8183=ADVANCED_FACE('PartBody',(#8182),#8171,.T.) ;
#8201=ADVANCED_FACE('PartBody',(#8200),#8188,.T.) ;
#8268=ADVANCED_FACE('PartBody',(#8267),#8233,.T.) ;
#8285=ADVANCED_FACE('PartBody',(#8284),#8233,.T.) ;
#8295=ADVANCED_FACE('PartBody',(#8294),#8290,.F.) ;
#8369=ADVANCED_FACE('PartBody',(#8368),#8300,.T.) ;
#8400=ADVANCED_FACE('PartBody',(#8399),#8374,.T.) ;
#8426=ADVANCED_FACE('PartBody',(#8425),#8374,.T.) ;
#8450=ADVANCED_FACE('PartBody',(#8449),#8431,.F.) ;
#8474=ADVANCED_FACE('PartBody',(#8473),#8455,.F.) ;
#8491=ADVANCED_FACE('PartBody',(#8490),#8479,.T.) ;
#8542=ADVANCED_FACE('PartBody',(#8541),#8496,.T.) ;
#8597=ADVANCED_FACE('PartBody',(#8596),#8300,.T.) ;
#8609=ADVANCED_FACE('PartBody',(#8608),#8374,.T.) ;
#8621=ADVANCED_FACE('PartBody',(#8620),#8374,.T.) ;
#8633=ADVANCED_FACE('PartBody',(#8632),#8431,.F.) ;
#8650=ADVANCED_FACE('PartBody',(#8649),#8638,.T.) ;
#8657=ADVANCED_FACE('PartBody',(#8656),#8479,.T.) ;
#8724=ADVANCED_FACE('PartBody',(#8723),#8689,.T.) ;
#8741=ADVANCED_FACE('PartBody',(#8740),#8689,.T.) ;
#8751=ADVANCED_FACE('PartBody',(#8750),#8746,.T.) ;
#8761=ADVANCED_FACE('PartBody',(#8760),#8756,.F.) ;
#8828=ADVANCED_FACE('PartBody',(#8827),#8793,.T.) ;
#8845=ADVANCED_FACE('PartBody',(#8844),#8793,.T.) ;
#8855=ADVANCED_FACE('PartBody',(#8854),#8850,.T.) ;
#8865=ADVANCED_FACE('PartBody',(#8864),#8860,.F.) ;
#8932=ADVANCED_FACE('PartBody',(#8931),#8897,.T.) ;
#8949=ADVANCED_FACE('PartBody',(#8948),#8897,.T.) ;
#8959=ADVANCED_FACE('PartBody',(#8958),#8954,.T.) ;
#8969=ADVANCED_FACE('PartBody',(#8968),#8964,.F.) ;
#9028=ADVANCED_FACE('PartBody',(#9027),#9001,.T.) ;
#9039=ADVANCED_FACE('PartBody',(#9038),#9001,.T.) ;
#9049=ADVANCED_FACE('PartBody',(#9048),#9044,.F.) ;
#9108=ADVANCED_FACE('PartBody',(#9107),#9081,.F.) ;
#9119=ADVANCED_FACE('PartBody',(#9118),#9081,.F.) ;
#9150=ADVANCED_FACE('PartBody',(#9149),#9124,.T.) ;
#9162=ADVANCED_FACE('PartBody',(#9161),#9124,.T.) ;
#9185=ADVANCED_FACE('PartBody',(#9184),#9167,.F.) ;
#9191=ADVANCED_FACE('PartBody',(#9190),#9167,.F.) ;
#4=APPLICATION_PROTOCOL_DEFINITION('international standard','config_control_design',1994,#1) ;
#35=APPROVAL_DATE_TIME(#13,#24) ;
#308=B_SPLINE_CURVE_WITH_KNOTS('',5,(#309,#310,#311,#312,#313,#314,#315,#316,#317,#318,#319,#320,#321,#322,#323,#324,#325,#326),.UNSPECIFIED.,.F.,.U.,(6,3,3,3,3,6),(0.,5.57072017445,9.37219843441,16.1735205564,21.1970878823,26.9607353881),.UNSPECIFIED.) ;
#332=B_SPLINE_CURVE_WITH_KNOTS('',5,(#333,#334,#335,#336,#337,#338,#339,#340,#341,#342,#343,#344,#345,#346,#347,#348,#349,#350),.UNSPECIFIED.,.F.,.U.,(6,3,3,3,3,6),(0.,5.57369948616,9.377147621,16.1526496796,21.16626384,26.9687500179),.UNSPECIFIED.) ;
#356=B_SPLINE_CURVE_WITH_KNOTS('',5,(#357,#358,#359,#360,#361,#362,#363,#364,#365,#366,#367,#368,#369,#370,#371,#372,#373,#374),.UNSPECIFIED.,.F.,.U.,(6,3,3,3,3,6),(0.,5.57072017436,9.37219843425,16.1735205563,21.197087882,26.9607353883),.UNSPECIFIED.) ;
#380=B_SPLINE_CURVE_WITH_KNOTS('',5,(#381,#382,#383,#384,#385,#386,#387,#388,#389,#390,#391,#392,#393,#394,#395,#396,#397,#398),.UNSPECIFIED.,.F.,.U.,(6,3,3,3,3,6),(0.,5.57369948622,9.37714762102,16.1526496794,21.1662638399,26.9687500174),.UNSPECIFIED.) ;
#404=B_SPLINE_CURVE_WITH_KNOTS('',5,(#405,#406,#407,#408,#409,#410,#411,#412,#413,#414,#415,#416,#417,#418,#419,#420,#421,#422),.UNSPECIFIED.,.F.,.U.,(6,3,3,3,3,6),(0.,5.57072017441,9.37219843446,16.1735205566,21.1970878823,26.9607353888),.UNSPECIFIED.) ;
#428=B_SPLINE_CURVE_WITH_KNOTS('',5,(#429,#430,#431,#432,#433,#434,#435,#436,#437,#438,#439,#440,#441,#442,#443,#444,#445,#446),.UNSPECIFIED.,.F.,.U.,(6,3,3,3,3,6),(0.,5.57369948644,9.3771476212,16.1526496802,21.1662638405,26.968750018),.UNSPECIFIED.) ;
#535=B_SPLINE_CURVE_WITH_KNOTS('',3,(#536,#537,#538,#539),.UNSPECIFIED.,.F.,.U.,(4,4),(0.,0.61723757134),.UNSPECIFIED.) ;
#543=B_SPLINE_CURVE_WITH_KNOTS('',5,(#544,#545,#546,#547,#548,#549,#550,#551,#552,#553,#554,#555,#556,#557,#558,#559,#560,#561),.UNSPECIFIED.,.F.,.U.,(6,3,3,3,3,6),(0.,5.57369948628,9.37714762099,16.1526496797,21.1662638399,26.9687500178),.UNSPECIFIED.) ;
#565=B_SPLINE_CURVE_WITH_KNOTS('',3,(#566,#567,#568,#569),.UNSPECIFIED.,.F.,.U.,(4,4),(0.,0.61723757134),.UNSPECIFIED.) ;
#583=B_SPLINE_CURVE_WITH_KNOTS('',5,(#584,#585,#586,#587,#588,#589,#590,#591,#592,#593,#594,#595,#596,#597,#598,#599,#600,#601),.UNSPECIFIED.,.F.,.U.,(6,3,3,3,3,6),(0.,5.57072017456,9.37219843448,16.1735205567,21.1970878826,26.9607353888),.UNSPECIFIED.) ;
#607=B_SPLINE_CURVE_WITH_KNOTS('',5,(#608,#609,#610,#611,#612,#613,#614,#615,#616,#617,#618,#619,#620,#621,#622,#623,#624,#625),.UNSPECIFIED.,.F.,.U.,(6,3,3,3,3,6),(0.,5.57369948629,9.37714762102,16.1526496797,21.1662638404,26.9687500182),.UNSPECIFIED.) ;
#631=B_SPLINE_CURVE_WITH_KNOTS('',5,(#632,#633,#634,#635,#636,#637,#638,#639,#640,#641,#642,#643,#644,#645,#646,#647,#648,#649),.UNSPECIFIED.,.F.,.U.,(6,3,3,3,3,6),(0.,5.57072017448,9.37219843447,16.1735205573,21.1970878831,26.9607353894),.UNSPECIFIED.) ;
#655=B_SPLINE_CURVE_WITH_KNOTS('',5,(#656,#657,#658,#659,#660,#661,#662,#663,#664,#665,#666,#667,#668,#669,#670,#671,#672,#673),.UNSPECIFIED.,.F.,.U.,(6,3,3,3,3,6),(0.,5.57369948646,9.37714762122,16.1526496795,21.1662638396,26.9687500173),.UNSPECIFIED.) ;
#911=B_SPLINE_CURVE_WITH_KNOTS('',5,(#912,#913,#914,#915,#916,#917),.UNSPECIFIED.,.F.,.U.,(6,6),(0.,2.24079189735),.UNSPECIFIED.) ;
#1006=B_SPLINE_CURVE_WITH_KNOTS('',5,(#1007,#1008,#1009,#1010,#1011,#1012),.UNSPECIFIED.,.F.,.U.,(6,6),(0.,2.24079189736),.UNSPECIFIED.) ;
#1021=B_SPLINE_CURVE_WITH_KNOTS('',5,(#1022,#1023,#1024,#1025,#1026,#1027),.UNSPECIFIED.,.F.,.U.,(6,6),(0.,1.62406500482),.UNSPECIFIED.) ;
#1038=B_SPLINE_CURVE_WITH_KNOTS('',5,(#1039,#1040,#1041,#1042,#1043,#1044),.UNSPECIFIED.,.F.,.U.,(6,6),(0.,1.62406500482),.UNSPECIFIED.) ;
#1075=B_SPLINE_CURVE_WITH_KNOTS('',5,(#1076,#1077,#1078,#1079,#1080,#1081),.UNSPECIFIED.,.F.,.U.,(6,6),(0.,14.1021657139),.UNSPECIFIED.) ;
#1146=B_SPLINE_CURVE_WITH_KNOTS('',5,(#1147,#1148,#1149,#1150,#1151,#1152),.UNSPECIFIED.,.F.,.U.,(6,6),(0.,2.24079189735),.UNSPECIFIED.) ;
#1161=B_SPLINE_CURVE_WITH_KNOTS('',5,(#1162,#1163,#1164,#1165,#1166,#1167),.UNSPECIFIED.,.F.,.U.,(6,6),(0.,1.62406500482),.UNSPECIFIED.) ;
#1178=B_SPLINE_CURVE_WITH_KNOTS('',5,(#1179,#1180,#1181,#1182,#1183,#1184),.UNSPECIFIED.,.F.,.U.,(6,6),(0.,1.62406500482),.UNSPECIFIED.) ;
#1234=B_SPLINE_CURVE_WITH_KNOTS('',3,(#1235,#1236,#1237,#1238),.UNSPECIFIED.,.F.,.U.,(4,4),(0.,0.61723757134),.UNSPECIFIED.) ;
#1242=B_SPLINE_CURVE_WITH_KNOTS('',5,(#1243,#1244,#1245,#1246,#1247,#1248,#1249,#1250,#1251,#1252,#1253,#1254,#1255,#1256,#1257,#1258,#1259,#1260),.UNSPECIFIED.,.F.,.U.,(6,3,3,3,3,6),(0.,5.57369948641,9.37714762134,16.1526496795,21.1662638398,26.9687500177),.UNSPECIFIED.) ;
#1264=B_SPLINE_CURVE_WITH_KNOTS('',3,(#1265,#1266,#1267,#1268),.UNSPECIFIED.,.F.,.U.,(4,4),(0.,0.61723757134),.UNSPECIFIED.) ;
#1284=B_SPLINE_CURVE_WITH_KNOTS('',5,(#1285,#1286,#1287,#1288,#1289,#1290,#1291,#1292,#1293,#1294,#1295,#1296,#1297,#1298,#1299,#1300,#1301,#1302),.UNSPECIFIED.,.F.,.U.,(6,3,3,3,3,6),(0.,5.57072017466,9.37219843471,16.1735205576,21.1970878831,26.9607353894),.UNSPECIFIED.) ;
#1308=B_SPLINE_CURVE_WITH_KNOTS('',5,(#1309,#1310,#1311,#1312,#1313,#1314,#1315,#1316,#1317,#1318,#1319,#1320,#1321,#1322,#1323,#1324,#1325,#1326),.UNSPECIFIED.,.F.,.U.,(6,3,3,3,3,6),(0.,5.57369948656,9.37714762132,16.1526496799,21.1662638402,26.9687500178),.UNSPECIFIED.) ;
#1332=B_SPLINE_CURVE_WITH_KNOTS('',5,(#1333,#1334,#1335,#1336,#1337,#1338,#1339,#1340,#1341,#1342,#1343,#1344,#1345,#1346,#1347,#1348,#1349,#1350),.UNSPECIFIED.,.F.,.U.,(6,3,3,3,3,6),(0.,5.57072017449,9.37219843448,16.1735205565,21.1970878821,26.9607353883),.UNSPECIFIED.) ;
#1356=B_SPLINE_CURVE_WITH_KNOTS('',5,(#1357,#1358,#1359,#1360,#1361,#1362,#1363,#1364,#1365,#1366,#1367,#1368,#1369,#1370,#1371,#1372,#1373,#1374),.UNSPECIFIED.,.F.,.U.,(6,3,3,3,3,6),(0.,5.57369948638,9.37714762125,16.1526496794,21.1662638399,26.9687500176),.UNSPECIFIED.) ;
#1380=B_SPLINE_CURVE_WITH_KNOTS('',5,(#1381,#1382,#1383,#1384,#1385,#1386,#1387,#1388,#1389,#1390,#1391,#1392,#1393,#1394,#1395,#1396,#1397,#1398),.UNSPECIFIED.,.F.,.U.,(6,3,3,3,3,6),(0.,5.5707201747,9.3721984346,16.1735205574,21.197087883,26.9607353891),.UNSPECIFIED.) ;
#1404=B_SPLINE_CURVE_WITH_KNOTS('',5,(#1405,#1406,#1407,#1408,#1409,#1410,#1411,#1412,#1413,#1414,#1415,#1416,#1417,#1418,#1419,#1420,#1421,#1422),.UNSPECIFIED.,.F.,.U.,(6,3,3,3,3,6),(0.,5.57369948656,9.37714762139,16.1526496796,21.1662638396,26.9687500176),.UNSPECIFIED.) ;
#1428=B_SPLINE_CURVE_WITH_KNOTS('',5,(#1429,#1430,#1431,#1432,#1433,#1434,#1435,#1436,#1437,#1438,#1439,#1440,#1441,#1442,#1443,#1444,#1445,#1446),.UNSPECIFIED.,.F.,.U.,(6,3,3,3,3,6),(0.,5.5707201745,9.3721984343,16.1735205564,21.1970878825,26.9607353888),.UNSPECIFIED.) ;
#1452=B_SPLINE_CURVE_WITH_KNOTS('',5,(#1453,#1454,#1455,#1456,#1457,#1458,#1459,#1460,#1461,#1462,#1463,#1464,#1465,#1466,#1467,#1468,#1469,#1470),.UNSPECIFIED.,.F.,.U.,(6,3,3,3,3,6),(0.,5.57369948621,9.37714762098,16.1526496791,21.1662638396,26.9687500171),.UNSPECIFIED.) ;
#1476=B_SPLINE_CURVE_WITH_KNOTS('',5,(#1477,#1478,#1479,#1480,#1481,#1482,#1483,#1484,#1485,#1486,#1487,#1488,#1489,#1490,#1491,#1492,#1493,#1494),.UNSPECIFIED.,.F.,.U.,(6,3,3,3,3,6),(0.,5.57072017456,9.37219843463,16.1735205571,21.1970878829,26.960735389),.UNSPECIFIED.) ;
#1500=B_SPLINE_CURVE_WITH_KNOTS('',5,(#1501,#1502,#1503,#1504,#1505,#1506,#1507,#1508,#1509,#1510,#1511,#1512,#1513,#1514,#1515,#1516,#1517,#1518),.UNSPECIFIED.,.F.,.U.,(6,3,3,3,3,6),(0.,5.57369948618,9.37714762089,16.1526496791,21.1662638391,26.9687500166),.UNSPECIFIED.) ;
#1556=B_SPLINE_CURVE_WITH_KNOTS('',5,(#1557,#1558,#1559,#1560,#1561,#1562),.UNSPECIFIED.,.F.,.U.,(6,6),(0.,2.24079189735),.UNSPECIFIED.) ;
#1603=B_SPLINE_CURVE_WITH_KNOTS('',5,(#1604,#1605,#1606,#1607,#1608,#1609),.UNSPECIFIED.,.F.,.U.,(6,6),(0.,14.1021657183),.UNSPECIFIED.) ;
#1674=B_SPLINE_CURVE_WITH_KNOTS('',5,(#1675,#1676,#1677,#1678,#1679,#1680),.UNSPECIFIED.,.F.,.U.,(6,6),(0.,2.24079189735),.UNSPECIFIED.) ;
#1689=B_SPLINE_CURVE_WITH_KNOTS('',5,(#1690,#1691,#1692,#1693,#1694,#1695),.UNSPECIFIED.,.F.,.U.,(6,6),(0.,1.62406500482),.UNSPECIFIED.) ;
#1706=B_SPLINE_CURVE_WITH_KNOTS('',5,(#1707,#1708,#1709,#1710,#1711,#1712),.UNSPECIFIED.,.F.,.U.,(6,6),(0.,1.62406500482),.UNSPECIFIED.) ;
#1762=B_SPLINE_CURVE_WITH_KNOTS('',3,(#1763,#1764,#1765,#1766),.UNSPECIFIED.,.F.,.U.,(4,4),(0.,0.61723757134),.UNSPECIFIED.) ;
#1770=B_SPLINE_CURVE_WITH_KNOTS('',5,(#1771,#1772,#1773,#1774,#1775,#1776,#1777,#1778,#1779,#1780,#1781,#1782,#1783,#1784,#1785,#1786,#1787,#1788),.UNSPECIFIED.,.F.,.U.,(6,3,3,3,3,6),(0.,5.57369948633,9.37714762112,16.1526496797,21.1662638402,26.9687500178),.UNSPECIFIED.) ;
#1792=B_SPLINE_CURVE_WITH_KNOTS('',3,(#1793,#1794,#1795,#1796),.UNSPECIFIED.,.F.,.U.,(4,4),(0.,0.61723757134),.UNSPECIFIED.) ;
#1812=B_SPLINE_CURVE_WITH_KNOTS('',5,(#1813,#1814,#1815,#1816,#1817,#1818,#1819,#1820,#1821,#1822,#1823,#1824,#1825,#1826,#1827,#1828,#1829,#1830),.UNSPECIFIED.,.F.,.U.,(6,3,3,3,3,6),(0.,5.57072017439,9.37219843443,16.1735205564,21.1970878819,26.9607353881),.UNSPECIFIED.) ;
#1836=B_SPLINE_CURVE_WITH_KNOTS('',5,(#1837,#1838,#1839,#1840,#1841,#1842,#1843,#1844,#1845,#1846,#1847,#1848,#1849,#1850,#1851,#1852,#1853,#1854),.UNSPECIFIED.,.F.,.U.,(6,3,3,3,3,6),(0.,5.57369948651,9.37714762142,16.15264968,21.1662638408,26.9687500186),.UNSPECIFIED.) ;
#1860=B_SPLINE_CURVE_WITH_KNOTS('',5,(#1861,#1862,#1863,#1864,#1865,#1866,#1867,#1868,#1869,#1870,#1871,#1872,#1873,#1874,#1875,#1876,#1877,#1878),.UNSPECIFIED.,.F.,.U.,(6,3,3,3,3,6),(0.,5.57072017464,9.37219843444,16.1735205571,21.1970878831,26.9607353891),.UNSPECIFIED.) ;
#1884=B_SPLINE_CURVE_WITH_KNOTS('',5,(#1885,#1886,#1887,#1888,#1889,#1890,#1891,#1892,#1893,#1894,#1895,#1896,#1897,#1898,#1899,#1900,#1901,#1902),.UNSPECIFIED.,.F.,.U.,(6,3,3,3,3,6),(0.,5.5736994864,9.3771476213,16.1526496799,21.1662638406,26.9687500182),.UNSPECIFIED.) ;
#1908=B_SPLINE_CURVE_WITH_KNOTS('',5,(#1909,#1910,#1911,#1912,#1913,#1914,#1915,#1916,#1917,#1918,#1919,#1920,#1921,#1922,#1923,#1924,#1925,#1926),.UNSPECIFIED.,.F.,.U.,(6,3,3,3,3,6),(0.,5.57072017469,9.37219843477,16.1735205575,21.1970878833,26.9607353896),.UNSPECIFIED.) ;
#1932=B_SPLINE_CURVE_WITH_KNOTS('',5,(#1933,#1934,#1935,#1936,#1937,#1938,#1939,#1940,#1941,#1942,#1943,#1944,#1945,#1946,#1947,#1948,#1949,#1950),.UNSPECIFIED.,.F.,.U.,(6,3,3,3,3,6),(0.,5.57369948628,9.37714762103,16.1526496792,21.1662638389,26.9687500164),.UNSPECIFIED.) ;
#1956=B_SPLINE_CURVE_WITH_KNOTS('',5,(#1957,#1958,#1959,#1960,#1961,#1962,#1963,#1964,#1965,#1966,#1967,#1968,#1969,#1970,#1971,#1972,#1973,#1974),.UNSPECIFIED.,.F.,.U.,(6,3,3,3,3,6),(0.,5.57072017436,9.37219843414,16.173520557,21.1970878826,26.9607353888),.UNSPECIFIED.) ;
#1980=B_SPLINE_CURVE_WITH_KNOTS('',5,(#1981,#1982,#1983,#1984,#1985,#1986,#1987,#1988,#1989,#1990,#1991,#1992,#1993,#1994,#1995,#1996,#1997,#1998),.UNSPECIFIED.,.F.,.U.,(6,3,3,3,3,6),(0.,5.57369948652,9.37714762131,16.1526496798,21.1662638397,26.9687500176),.UNSPECIFIED.) ;
#2004=B_SPLINE_CURVE_WITH_KNOTS('',5,(#2005,#2006,#2007,#2008,#2009,#2010,#2011,#2012,#2013,#2014,#2015,#2016,#2017,#2018,#2019,#2020,#2021,#2022),.UNSPECIFIED.,.F.,.U.,(6,3,3,3,3,6),(0.,5.57072017449,9.37219843449,16.1735205568,21.1970878829,26.960735389),.UNSPECIFIED.) ;
#2028=B_SPLINE_CURVE_WITH_KNOTS('',5,(#2029,#2030,#2031,#2032,#2033,#2034,#2035,#2036,#2037,#2038,#2039,#2040,#2041,#2042,#2043,#2044,#2045,#2046),.UNSPECIFIED.,.F.,.U.,(6,3,3,3,3,6),(0.,5.57369948638,9.37714762116,16.1526496792,21.1662638398,26.9687500177),.UNSPECIFIED.) ;
#2084=B_SPLINE_CURVE_WITH_KNOTS('',5,(#2085,#2086,#2087,#2088,#2089,#2090),.UNSPECIFIED.,.F.,.U.,(6,6),(0.,2.24079189735),.UNSPECIFIED.) ;
#2131=B_SPLINE_CURVE_WITH_KNOTS('',5,(#2132,#2133,#2134,#2135,#2136,#2137),.UNSPECIFIED.,.F.,.U.,(6,6),(0.,14.1021657155),.UNSPECIFIED.) ;
#2202=B_SPLINE_CURVE_WITH_KNOTS('',5,(#2203,#2204,#2205,#2206,#2207,#2208),.UNSPECIFIED.,.F.,.U.,(6,6),(0.,2.24079189735),.UNSPECIFIED.) ;
#2217=B_SPLINE_CURVE_WITH_KNOTS('',5,(#2218,#2219,#2220,#2221,#2222,#2223),.UNSPECIFIED.,.F.,.U.,(6,6),(0.,1.62406500482),.UNSPECIFIED.) ;
#2234=B_SPLINE_CURVE_WITH_KNOTS('',5,(#2235,#2236,#2237,#2238,#2239,#2240),.UNSPECIFIED.,.F.,.U.,(6,6),(0.,1.62406500482),.UNSPECIFIED.) ;
#2276=B_SPLINE_CURVE_WITH_KNOTS('',3,(#2277,#2278,#2279,#2280),.UNSPECIFIED.,.F.,.U.,(4,4),(0.,0.61723757134),.UNSPECIFIED.) ;
#2284=B_SPLINE_CURVE_WITH_KNOTS('',5,(#2285,#2286,#2287,#2288,#2289,#2290,#2291,#2292,#2293,#2294,#2295,#2296,#2297,#2298,#2299,#2300,#2301,#2302),.UNSPECIFIED.,.F.,.U.,(6,3,3,3,3,6),(0.,5.57369948624,9.37714762118,16.1526496801,21.16626384,26.9687500176),.UNSPECIFIED.) ;
#2306=B_SPLINE_CURVE_WITH_KNOTS('',3,(#2307,#2308,#2309,#2310),.UNSPECIFIED.,.F.,.U.,(4,4),(0.,0.61723757134),.UNSPECIFIED.) ;
#2324=B_SPLINE_CURVE_WITH_KNOTS('',5,(#2325,#2326,#2327,#2328,#2329,#2330,#2331,#2332,#2333,#2334,#2335,#2336,#2337,#2338,#2339,#2340,#2341,#2342),.UNSPECIFIED.,.F.,.U.,(6,3,3,3,3,6),(0.,5.57072017478,9.37219843446,16.1735205576,21.1970878828,26.9607353884),.UNSPECIFIED.) ;
#2348=B_SPLINE_CURVE_WITH_KNOTS('',5,(#2349,#2350,#2351,#2352,#2353,#2354,#2355,#2356,#2357,#2358,#2359,#2360,#2361,#2362,#2363,#2364,#2365,#2366),.UNSPECIFIED.,.F.,.U.,(6,3,3,3,3,6),(0.,5.57369948651,9.37714762136,16.1526496804,21.1662638407,26.9687500188),.UNSPECIFIED.) ;
#2372=B_SPLINE_CURVE_WITH_KNOTS('',5,(#2373,#2374,#2375,#2376,#2377,#2378,#2379,#2380,#2381,#2382,#2383,#2384,#2385,#2386,#2387,#2388,#2389,#2390),.UNSPECIFIED.,.F.,.U.,(6,3,3,3,3,6),(0.,5.5707201745,9.37219843463,16.1735205567,21.1970878821,26.9607353882),.UNSPECIFIED.) ;
#2396=B_SPLINE_CURVE_WITH_KNOTS('',5,(#2397,#2398,#2399,#2400,#2401,#2402,#2403,#2404,#2405,#2406,#2407,#2408,#2409,#2410,#2411,#2412,#2413,#2414),.UNSPECIFIED.,.F.,.U.,(6,3,3,3,3,6),(0.,5.57369948651,9.37714762118,16.152649679,21.1662638392,26.9687500173),.UNSPECIFIED.) ;
#2455=B_SPLINE_CURVE_WITH_KNOTS('',5,(#2456,#2457,#2458,#2459,#2460,#2461,#2462,#2463,#2464,#2465,#2466,#2467,#2468,#2469,#2470,#2471,#2472,#2473),.UNSPECIFIED.,.F.,.U.,(6,3,3,3,3,6),(0.,5.57072017476,9.37219843484,16.1735205574,21.1970878832,26.960735389),.UNSPECIFIED.) ;
#2479=B_SPLINE_CURVE_WITH_KNOTS('',5,(#2480,#2481,#2482,#2483,#2484,#2485,#2486,#2487,#2488,#2489,#2490,#2491,#2492,#2493,#2494,#2495,#2496,#2497),.UNSPECIFIED.,.F.,.U.,(6,3,3,3,3,6),(0.,5.57369948675,9.37714762163,16.1526496802,21.1662638403,26.9687500176),.UNSPECIFIED.) ;
#2503=B_SPLINE_CURVE_WITH_KNOTS('',5,(#2504,#2505,#2506,#2507,#2508,#2509,#2510,#2511,#2512,#2513,#2514,#2515,#2516,#2517,#2518,#2519,#2520,#2521),.UNSPECIFIED.,.F.,.U.,(6,3,3,3,3,6),(0.,5.57072017472,9.37219843471,16.1735205572,21.1970878829,26.9607353886),.UNSPECIFIED.) ;
#2527=B_SPLINE_CURVE_WITH_KNOTS('',5,(#2528,#2529,#2530,#2531,#2532,#2533,#2534,#2535,#2536,#2537,#2538,#2539,#2540,#2541,#2542,#2543,#2544,#2545),.UNSPECIFIED.,.F.,.U.,(6,3,3,3,3,6),(0.,5.57369948651,9.37714762138,16.15264968,21.1662638402,26.9687500174),.UNSPECIFIED.) ;
#2551=B_SPLINE_CURVE_WITH_KNOTS('',5,(#2552,#2553,#2554,#2555,#2556,#2557,#2558,#2559,#2560,#2561,#2562,#2563,#2564,#2565,#2566,#2567,#2568,#2569),.UNSPECIFIED.,.F.,.U.,(6,3,3,3,3,6),(0.,5.57072017511,9.3721984352,16.1735205578,21.1970878834,26.9607353888),.UNSPECIFIED.) ;
#2575=B_SPLINE_CURVE_WITH_KNOTS('',5,(#2576,#2577,#2578,#2579,#2580,#2581,#2582,#2583,#2584,#2585,#2586,#2587,#2588,#2589,#2590,#2591,#2592,#2593),.UNSPECIFIED.,.F.,.U.,(6,3,3,3,3,6),(0.,5.57369948685,9.37714762178,16.1526496805,21.1662638404,26.9687500174),.UNSPECIFIED.) ;
#2631=B_SPLINE_CURVE_WITH_KNOTS('',5,(#2632,#2633,#2634,#2635,#2636,#2637),.UNSPECIFIED.,.F.,.U.,(6,6),(0.,2.24079189736),.UNSPECIFIED.) ;
#2678=B_SPLINE_CURVE_WITH_KNOTS('',5,(#2679,#2680,#2681,#2682,#2683,#2684),.UNSPECIFIED.,.F.,.U.,(6,6),(0.,14.1021657167),.UNSPECIFIED.) ;
#2749=B_SPLINE_CURVE_WITH_KNOTS('',5,(#2750,#2751,#2752,#2753,#2754,#2755),.UNSPECIFIED.,.F.,.U.,(6,6),(0.,2.24079189736),.UNSPECIFIED.) ;
#2764=B_SPLINE_CURVE_WITH_KNOTS('',5,(#2765,#2766,#2767,#2768,#2769,#2770),.UNSPECIFIED.,.F.,.U.,(6,6),(0.,1.62406500482),.UNSPECIFIED.) ;
#2781=B_SPLINE_CURVE_WITH_KNOTS('',5,(#2782,#2783,#2784,#2785,#2786,#2787),.UNSPECIFIED.,.F.,.U.,(6,6),(0.,1.62406500482),.UNSPECIFIED.) ;
#2828=B_SPLINE_CURVE_WITH_KNOTS('',3,(#2829,#2830,#2831,#2832),.UNSPECIFIED.,.F.,.U.,(4,4),(0.,0.61723757134),.UNSPECIFIED.) ;
#2836=B_SPLINE_CURVE_WITH_KNOTS('',5,(#2837,#2838,#2839,#2840,#2841,#2842,#2843,#2844,#2845,#2846,#2847,#2848,#2849,#2850,#2851,#2852,#2853,#2854),.UNSPECIFIED.,.F.,.U.,(6,3,3,3,3,6),(0.,5.5736994869,9.37714762183,16.1526496807,21.1662638405,26.9687500174),.UNSPECIFIED.) ;
#2858=B_SPLINE_CURVE_WITH_KNOTS('',3,(#2859,#2860,#2861,#2862),.UNSPECIFIED.,.F.,.U.,(4,4),(0.,0.61723757134),.UNSPECIFIED.) ;
#2878=B_SPLINE_CURVE_WITH_KNOTS('',5,(#2879,#2880,#2881,#2882,#2883,#2884,#2885,#2886,#2887,#2888,#2889,#2890,#2891,#2892,#2893,#2894,#2895,#2896),.UNSPECIFIED.,.F.,.U.,(6,3,3,3,3,6),(0.,5.570720175,9.37219843511,16.1735205576,21.1970878833,26.9607353887),.UNSPECIFIED.) ;
#2902=B_SPLINE_CURVE_WITH_KNOTS('',5,(#2903,#2904,#2905,#2906,#2907,#2908,#2909,#2910,#2911,#2912,#2913,#2914,#2915,#2916,#2917,#2918,#2919,#2920),.UNSPECIFIED.,.F.,.U.,(6,3,3,3,3,6),(0.,5.57369948696,9.37714762183,16.1526496805,21.1662638406,26.9687500175),.UNSPECIFIED.) ;
#2926=B_SPLINE_CURVE_WITH_KNOTS('',5,(#2927,#2928,#2929,#2930,#2931,#2932,#2933,#2934,#2935,#2936,#2937,#2938,#2939,#2940,#2941,#2942,#2943,#2944),.UNSPECIFIED.,.F.,.U.,(6,3,3,3,3,6),(0.,5.57072017498,9.37219843507,16.1735205577,21.1970878834,26.9607353888),.UNSPECIFIED.) ;
#2950=B_SPLINE_CURVE_WITH_KNOTS('',5,(#2951,#2952,#2953,#2954,#2955,#2956,#2957,#2958,#2959,#2960,#2961,#2962,#2963,#2964,#2965,#2966,#2967,#2968),.UNSPECIFIED.,.F.,.U.,(6,3,3,3,3,6),(0.,5.573699487,9.37714762201,16.1526496809,21.166263841,26.968750018),.UNSPECIFIED.) ;
#2974=B_SPLINE_CURVE_WITH_KNOTS('',5,(#2975,#2976,#2977,#2978,#2979,#2980,#2981,#2982,#2983,#2984,#2985,#2986,#2987,#2988,#2989,#2990,#2991,#2992),.UNSPECIFIED.,.F.,.U.,(6,3,3,3,3,6),(0.,5.5707201745,9.37219843449,16.1735205569,21.1970878827,26.9607353889),.UNSPECIFIED.) ;
#2998=B_SPLINE_CURVE_WITH_KNOTS('',5,(#2999,#3000,#3001,#3002,#3003,#3004,#3005,#3006,#3007,#3008,#3009,#3010,#3011,#3012,#3013,#3014,#3015,#3016),.UNSPECIFIED.,.F.,.U.,(6,3,3,3,3,6),(0.,5.57369948651,9.37714762129,16.1526496799,21.1662638401,26.9687500179),.UNSPECIFIED.) ;
#3022=B_SPLINE_CURVE_WITH_KNOTS('',5,(#3023,#3024,#3025,#3026,#3027,#3028,#3029,#3030,#3031,#3032,#3033,#3034,#3035,#3036,#3037,#3038,#3039,#3040),.UNSPECIFIED.,.F.,.U.,(6,3,3,3,3,6),(0.,5.57072017436,9.37219843425,16.1735205568,21.1970878826,26.9607353887),.UNSPECIFIED.) ;
#3046=B_SPLINE_CURVE_WITH_KNOTS('',5,(#3047,#3048,#3049,#3050,#3051,#3052,#3053,#3054,#3055,#3056,#3057,#3058,#3059,#3060,#3061,#3062,#3063,#3064),.UNSPECIFIED.,.F.,.U.,(6,3,3,3,3,6),(0.,5.57369948632,9.37714762113,16.1526496798,21.1662638402,26.9687500179),.UNSPECIFIED.) ;
#3070=B_SPLINE_CURVE_WITH_KNOTS('',5,(#3071,#3072,#3073,#3074,#3075,#3076,#3077,#3078,#3079,#3080,#3081,#3082,#3083,#3084,#3085,#3086,#3087,#3088),.UNSPECIFIED.,.F.,.U.,(6,3,3,3,3,6),(0.,5.57072017446,9.37219843443,16.173520557,21.1970878827,26.9607353889),.UNSPECIFIED.) ;
#3094=B_SPLINE_CURVE_WITH_KNOTS('',5,(#3095,#3096,#3097,#3098,#3099,#3100,#3101,#3102,#3103,#3104,#3105,#3106,#3107,#3108,#3109,#3110,#3111,#3112),.UNSPECIFIED.,.F.,.U.,(6,3,3,3,3,6),(0.,5.57369948638,9.37714762115,16.15264968,21.1662638403,26.9687500181),.UNSPECIFIED.) ;
#3126=B_SPLINE_CURVE_WITH_KNOTS('',5,(#3127,#3128,#3129,#3130,#3131,#3132),.UNSPECIFIED.,.F.,.U.,(6,6),(0.,2.24079189735),.UNSPECIFIED.) ;
#3173=B_SPLINE_CURVE_WITH_KNOTS('',5,(#3174,#3175,#3176,#3177,#3178,#3179),.UNSPECIFIED.,.F.,.U.,(6,6),(0.,14.1021657115),.UNSPECIFIED.) ;
#3216=B_SPLINE_CURVE_WITH_KNOTS('',5,(#3217,#3218,#3219,#3220,#3221,#3222),.UNSPECIFIED.,.F.,.U.,(6,6),(0.,2.24079189735),.UNSPECIFIED.) ;
#3231=B_SPLINE_CURVE_WITH_KNOTS('',5,(#3232,#3233,#3234,#3235,#3236,#3237),.UNSPECIFIED.,.F.,.U.,(6,6),(0.,1.62406500482),.UNSPECIFIED.) ;
#3248=B_SPLINE_CURVE_WITH_KNOTS('',5,(#3249,#3250,#3251,#3252,#3253,#3254),.UNSPECIFIED.,.F.,.U.,(6,6),(0.,1.62406500482),.UNSPECIFIED.) ;
#3313=B_SPLINE_CURVE_WITH_KNOTS('',5,(#3314,#3315,#3316,#3317,#3318,#3319),.UNSPECIFIED.,.F.,.U.,(6,6),(0.,2.24079189736),.UNSPECIFIED.) ;
#3360=B_SPLINE_CURVE_WITH_KNOTS('',5,(#3361,#3362,#3363,#3364,#3365,#3366),.UNSPECIFIED.,.F.,.U.,(6,6),(0.,14.1021657141),.UNSPECIFIED.) ;
#4255=B_SPLINE_CURVE_WITH_KNOTS('',3,(#4256,#4257,#4258,#4259),.UNSPECIFIED.,.F.,.U.,(4,4),(0.,0.61723757134),.UNSPECIFIED.) ;
#4263=B_SPLINE_CURVE_WITH_KNOTS('',5,(#4264,#4265,#4266,#4267,#4268,#4269,#4270,#4271,#4272,#4273,#4274,#4275,#4276,#4277,#4278,#4279,#4280,#4281),.UNSPECIFIED.,.F.,.U.,(6,3,3,3,3,6),(0.,5.57369948625,9.37714762103,16.1526496798,21.1662638399,26.9687500176),.UNSPECIFIED.) ;
#4285=B_SPLINE_CURVE_WITH_KNOTS('',3,(#4286,#4287,#4288,#4289),.UNSPECIFIED.,.F.,.U.,(4,4),(0.,0.61723757134),.UNSPECIFIED.) ;
#4305=B_SPLINE_CURVE_WITH_KNOTS('',5,(#4306,#4307,#4308,#4309,#4310,#4311,#4312,#4313,#4314,#4315,#4316,#4317,#4318,#4319,#4320,#4321,#4322,#4323),.UNSPECIFIED.,.F.,.U.,(6,3,3,3,3,6),(0.,5.57369948635,9.37714762118,16.1526496793,21.1662638397,26.9687500174),.UNSPECIFIED.) ;
#4329=B_SPLINE_CURVE_WITH_KNOTS('',5,(#4330,#4331,#4332,#4333,#4334,#4335,#4336,#4337,#4338,#4339,#4340,#4341,#4342,#4343,#4344,#4345,#4346,#4347),.UNSPECIFIED.,.F.,.U.,(6,3,3,3,3,6),(0.,5.57072017449,9.37219843444,16.1735205568,21.1970878826,26.9607353888),.UNSPECIFIED.) ;
#4353=B_SPLINE_CURVE_WITH_KNOTS('',5,(#4354,#4355,#4356,#4357,#4358,#4359,#4360,#4361,#4362,#4363,#4364,#4365,#4366,#4367,#4368,#4369,#4370,#4371),.UNSPECIFIED.,.F.,.U.,(6,3,3,3,3,6),(0.,5.57072017458,9.37219843446,16.1735205567,21.1970878827,26.960735389),.UNSPECIFIED.) ;
#4377=B_SPLINE_CURVE_WITH_KNOTS('',5,(#4378,#4379,#4380,#4381,#4382,#4383,#4384,#4385,#4386,#4387,#4388,#4389,#4390,#4391,#4392,#4393,#4394,#4395),.UNSPECIFIED.,.F.,.U.,(6,3,3,3,3,6),(0.,5.57369948648,9.3771476213,16.1526496797,21.1662638397,26.9687500172),.UNSPECIFIED.) ;
#4401=B_SPLINE_CURVE_WITH_KNOTS('',5,(#4402,#4403,#4404,#4405,#4406,#4407,#4408,#4409,#4410,#4411,#4412,#4413,#4414,#4415,#4416,#4417,#4418,#4419),.UNSPECIFIED.,.F.,.U.,(6,3,3,3,3,6),(0.,5.57072017434,9.37219843422,16.1735205567,21.1970878826,26.9607353886),.UNSPECIFIED.) ;
#4425=B_SPLINE_CURVE_WITH_KNOTS('',5,(#4426,#4427,#4428,#4429,#4430,#4431,#4432,#4433,#4434,#4435,#4436,#4437,#4438,#4439,#4440,#4441,#4442,#4443),.UNSPECIFIED.,.F.,.U.,(6,3,3,3,3,6),(0.,5.57369948627,9.37714762112,16.1526496794,21.1662638396,26.9687500172),.UNSPECIFIED.) ;
#4449=B_SPLINE_CURVE_WITH_KNOTS('',5,(#4450,#4451,#4452,#4453,#4454,#4455,#4456,#4457,#4458,#4459,#4460,#4461,#4462,#4463,#4464,#4465,#4466,#4467),.UNSPECIFIED.,.F.,.U.,(6,3,3,3,3,6),(0.,5.57072017442,9.37219843429,16.1735205571,21.1970878829,26.9607353891),.UNSPECIFIED.) ;
#4473=B_SPLINE_CURVE_WITH_KNOTS('',5,(#4474,#4475,#4476,#4477,#4478,#4479,#4480,#4481,#4482,#4483,#4484,#4485,#4486,#4487,#4488,#4489,#4490,#4491),.UNSPECIFIED.,.F.,.U.,(6,3,3,3,3,6),(0.,5.57369948636,9.3771476211,16.1526496794,21.1662638397,26.9687500174),.UNSPECIFIED.) ;
#4497=B_SPLINE_CURVE_WITH_KNOTS('',5,(#4498,#4499,#4500,#4501,#4502,#4503,#4504,#4505,#4506,#4507,#4508,#4509,#4510,#4511,#4512,#4513,#4514,#4515),.UNSPECIFIED.,.F.,.U.,(6,3,3,3,3,6),(0.,5.57072017447,9.37219843443,16.1735205568,21.1970878825,26.9607353887),.UNSPECIFIED.) ;
#4521=B_SPLINE_CURVE_WITH_KNOTS('',5,(#4522,#4523,#4524,#4525,#4526,#4527,#4528,#4529,#4530,#4531,#4532,#4533,#4534,#4535,#4536,#4537,#4538,#4539),.UNSPECIFIED.,.F.,.U.,(6,3,3,3,3,6),(0.,5.57369948632,9.37714762115,16.1526496799,21.1662638401,26.968750018),.UNSPECIFIED.) ;
#7212=B_SPLINE_CURVE_WITH_KNOTS('',5,(#7213,#7214,#7215,#7216,#7217,#7218),.UNSPECIFIED.,.F.,.U.,(6,6),(7.00423602197,73.437009843),.UNSPECIFIED.) ;
#7238=B_SPLINE_CURVE_WITH_KNOTS('',5,(#7239,#7240,#7241,#7242,#7243,#7244,#7245,#7246,#7247,#7248,#7249,#7250,#7251,#7252,#7253,#7254,#7255,#7256,#7257,#7258,#7259,#7260,#7261,#7262,#7263,#7264,#7265,#7266,#7267,#7268,#7269,#7270,#7271,#7272,#7273,#7274,#7275,#7276,#7277,#7278,#7279,#7280,#7281,#7282,#7283),.UNSPECIFIED.,.F.,.U.,(6,3,3,3,3,3,3,3,3,3,3,3,3,3,6),(0.,8.94687108113,24.4051249313,30.0817984186,34.3494905007,37.4133838344,40.3990280009,41.8010475864,43.3960074274,45.5604517839,48.5136014042,52.7794679397,58.8866373387,67.3152053933,84.0180150486),.UNSPECIFIED.) ;
#7294=B_SPLINE_CURVE_WITH_KNOTS('',5,(#7295,#7296,#7297,#7298,#7299,#7300,#7301,#7302,#7303,#7304,#7305,#7306,#7307,#7308,#7309),.UNSPECIFIED.,.F.,.U.,(6,3,3,3,6),(1.84522288805,10.769018792,20.345494695,30.2210673523,34.9461608819),.UNSPECIFIED.) ;
#7313=B_SPLINE_CURVE_WITH_KNOTS('',5,(#7314,#7315,#7316,#7317,#7318,#7319,#7320,#7321,#7322,#7323,#7324,#7325),.UNSPECIFIED.,.F.,.U.,(6,3,3,6),(0.,2.42908078718,4.04143452655,9.00706846312),.UNSPECIFIED.) ;
#7341=B_SPLINE_CURVE_WITH_KNOTS('',5,(#7342,#7343,#7344,#7345,#7346,#7347,#7348,#7349,#7350,#7351,#7352,#7353,#7354,#7355,#7356),.UNSPECIFIED.,.F.,.U.,(6,3,3,3,6),(4.13674110349,5.08487468601,8.9854860966,15.0390929526,16.5190020832),.UNSPECIFIED.) ;
#7367=B_SPLINE_CURVE_WITH_KNOTS('',5,(#7368,#7369,#7370,#7371,#7372,#7373),.UNSPECIFIED.,.F.,.U.,(6,6),(0.,0.319998437183),.UNSPECIFIED.) ;
#7474=B_SPLINE_CURVE_WITH_KNOTS('',3,(#7475,#7476,#7477,#7478),.UNSPECIFIED.,.F.,.U.,(4,4),(37.2579320488,93.6167402149),.UNSPECIFIED.) ;
#7596=B_SPLINE_CURVE_WITH_KNOTS('',3,(#7597,#7598,#7599,#7600),.UNSPECIFIED.,.F.,.U.,(4,4),(0.,0.319998437135),.UNSPECIFIED.) ;
#7604=B_SPLINE_CURVE_WITH_KNOTS('',3,(#7605,#7606,#7607,#7608),.UNSPECIFIED.,.F.,.U.,(4,4),(0.,66.4327738359),.UNSPECIFIED.) ;
#7612=B_SPLINE_CURVE_WITH_KNOTS('',5,(#7613,#7614,#7615,#7616,#7617,#7618,#7619,#7620,#7621,#7622,#7623,#7624,#7625,#7626,#7627,#7628,#7629,#7630,#7631,#7632,#7633,#7634,#7635,#7636,#7637,#7638,#7639,#7640,#7641,#7642,#7643,#7644,#7645,#7646,#7647,#7648,#7649,#7650,#7651,#7652,#7653,#7654,#7655,#7656,#7657),.UNSPECIFIED.,.F.,.U.,(6,3,3,3,3,3,3,3,3,3,3,3,3,3,6),(0.,8.94687108125,24.4051249318,30.0817984191,34.3494905011,37.4133838341,40.3990279955,41.8010475819,43.3960074188,45.5604517761,48.5136013958,52.7794679312,58.8866373303,67.3152053846,84.0180150398),.UNSPECIFIED.) ;
#7661=B_SPLINE_CURVE_WITH_KNOTS('',3,(#7662,#7663,#7664,#7665),.UNSPECIFIED.,.F.,.U.,(4,4),(0.,56.3588081789),.UNSPECIFIED.) ;
#7866=B_SPLINE_CURVE_WITH_KNOTS('',5,(#7867,#7868,#7869,#7870,#7871,#7872,#7873,#7874,#7875,#7876,#7877,#7878),.UNSPECIFIED.,.F.,.U.,(6,3,3,6),(0.,2.42908078633,4.04143452577,9.00706846205),.UNSPECIFIED.) ;
#7882=B_SPLINE_CURVE_WITH_KNOTS('',4,(#7883,#7884,#7885,#7886,#7887),.UNSPECIFIED.,.F.,.U.,(5,5),(4.13674110347,16.5190020837),.UNSPECIFIED.) ;
#7932=B_SPLINE_CURVE_WITH_KNOTS('',5,(#7933,#7934,#7935,#7936,#7937,#7938,#7939,#7940,#7941,#7942,#7943,#7944,#7945,#7946,#7947,#7948,#7949,#7950,#7951,#7952,#7953,#7954,#7955,#7956),.UNSPECIFIED.,.F.,.U.,(6,3,3,3,3,3,3,6),(1.84389724274,5.47215134837,10.7689377418,15.8950928706,20.3453918653,24.2200008936,30.2210420131,34.9448352525),.UNSPECIFIED.) ;
#8329=B_SPLINE_CURVE_WITH_KNOTS('',3,(#8330,#8331,#8332,#8333),.UNSPECIFIED.,.F.,.U.,(4,4),(0.,80.6991803868),.UNSPECIFIED.) ;
#8337=B_SPLINE_CURVE_WITH_KNOTS('',5,(#8338,#8339,#8340,#8341,#8342,#8343,#8344,#8345,#8346,#8347,#8348,#8349),.UNSPECIFIED.,.F.,.U.,(6,3,3,6),(0.,50.6295085537,78.5561870639,124.59250417),.UNSPECIFIED.) ;
#8353=B_SPLINE_CURVE_WITH_KNOTS('',3,(#8354,#8355,#8356,#8357),.UNSPECIFIED.,.F.,.U.,(4,4),(0.,80.6991804032),.UNSPECIFIED.) ;
#8557=B_SPLINE_CURVE_WITH_KNOTS('',3,(#8558,#8559,#8560,#8561),.UNSPECIFIED.,.F.,.U.,(4,4),(0.,80.6980423063),.UNSPECIFIED.) ;
#8565=B_SPLINE_CURVE_WITH_KNOTS('',5,(#8566,#8567,#8568,#8569,#8570,#8571,#8572,#8573,#8574,#8575,#8576,#8577),.UNSPECIFIED.,.F.,.U.,(6,3,3,6),(0.,50.6294923992,78.5561665274,124.592314606),.UNSPECIFIED.) ;
#8581=B_SPLINE_CURVE_WITH_KNOTS('',3,(#8582,#8583,#8584,#8585),.UNSPECIFIED.,.F.,.U.,(4,4),(0.,80.6980423172),.UNSPECIFIED.) ;
#7060=MANIFOLD_SOLID_BREP('PartBody',#62) ;
#7164=MANIFOLD_SOLID_BREP('PartBody',#7086) ;
#8202=MANIFOLD_SOLID_BREP('PartBody',#7190) ;
#8658=MANIFOLD_SOLID_BREP('PartBody',#8228) ;
#8762=MANIFOLD_SOLID_BREP('PartBody',#8684) ;
#8866=MANIFOLD_SOLID_BREP('PartBody',#8788) ;
#8970=MANIFOLD_SOLID_BREP('PartBody',#8892) ;
#9050=MANIFOLD_SOLID_BREP('PartBody',#8996) ;
#9192=MANIFOLD_SOLID_BREP('PartBody',#9076) ;
#11=CALENDAR_DATE(2022,18,1) ;
#33=CC_DESIGN_APPROVAL(#24,(#19,#6,#17)) ;
#21=CC_DESIGN_DATE_AND_TIME_ASSIGNMENT(#13,#20,(#19)) ;
#32=CC_DESIGN_DATE_AND_TIME_ASSIGNMENT(#13,#31,(#17)) ;
#20=DATE_TIME_ROLE('classification_date') ;
#31=DATE_TIME_ROLE('creation_date') ;
#30=CC_DESIGN_PERSON_AND_ORGANIZATION_ASSIGNMENT(#28,#29,(#19)) ;
#36=CC_DESIGN_PERSON_AND_ORGANIZATION_ASSIGNMENT(#28,#37,(#6)) ;
#38=CC_DESIGN_PERSON_AND_ORGANIZATION_ASSIGNMENT(#28,#39,(#6,#17)) ;
#40=CC_DESIGN_PERSON_AND_ORGANIZATION_ASSIGNMENT(#28,#41,(#5)) ;
#29=PERSON_AND_ORGANIZATION_ROLE('classification_officer') ;
#37=PERSON_AND_ORGANIZATION_ROLE('design_supplier') ;
#39=PERSON_AND_ORGANIZATION_ROLE('creator') ;
#41=PERSON_AND_ORGANIZATION_ROLE('design_owner') ;
#42=CC_DESIGN_SECURITY_CLASSIFICATION(#19,(#6,#7063,#7167,#8205,#8661,#8765,#8869,#8973,#9053,#9195)) ;
#60=DOCUMENT('1','9. Telemetry ring.CATPart','CATPart document',#59) ;
#7084=DOCUMENT('2','8. post payload support mod.CATPart','CATPart document',#7083) ;
#7188=DOCUMENT('3','7. Payload support module.CATPart','CATPart document',#7187) ;
#8226=DOCUMENT('4','6. Flare.CATPart','CATPart document',#8225) ;
#8682=DOCUMENT('5','5. cylinder.CATPart','CATPart document',#8681) ;
#8786=DOCUMENT('6','4. Cone.CATPart','CATPart document',#8785) ;
#8890=DOCUMENT('7','3. nose_isolator to cone.CATPart','CATPart document',#8889) ;
#8994=DOCUMENT('8','1. Nosetip.CATPart','CATPart document',#8993) ;
#9074=DOCUMENT('9','2. Nosetip isolator.CATPart','CATPart document',#9073) ;
#59=DOCUMENT_TYPE('') ;
#7083=DOCUMENT_TYPE('') ;
#7187=DOCUMENT_TYPE('') ;
#8225=DOCUMENT_TYPE('') ;
#8681=DOCUMENT_TYPE('') ;
#8785=DOCUMENT_TYPE('') ;
#8889=DOCUMENT_TYPE('') ;
#8993=DOCUMENT_TYPE('') ;
#9073=DOCUMENT_TYPE('') ;
#261=CIRCLE('generated circle',#260,166.179) ;
#277=CIRCLE('generated circle',#276,166.179) ;
#461=CIRCLE('generated circle',#460,166.179) ;
#475=CIRCLE('generated circle',#474,158.69934082) ;
#482=CIRCLE('generated circle',#481,158.69934082) ;
#512=CIRCLE('generated circle',#511,166.179) ;
#709=CIRCLE('generated circle',#708,166.179) ;
#737=CIRCLE('generated circle',#736,166.179) ;
#765=CIRCLE('generated circle',#764,166.179) ;
#772=CIRCLE('generated circle',#771,166.179) ;
#800=CIRCLE('generated circle',#799,166.179) ;
#828=CIRCLE('generated circle',#827,166.179) ;
#947=CIRCLE('generated circle',#946,158.69934082) ;
#966=CIRCLE('generated circle',#965,158.69934082) ;
#1227=CIRCLE('generated circle',#1226,166.179) ;
#1755=CIRCLE('generated circle',#1754,166.179) ;
#2269=CIRCLE('generated circle',#2268,166.179) ;
#2424=CIRCLE('generated circle',#2423,166.179) ;
#2821=CIRCLE('generated circle',#2820,166.179) ;
#3383=CIRCLE('generated circle',#3382,158.69934082) ;
#3388=CIRCLE('generated circle',#3387,158.69934082) ;
#3393=CIRCLE('generated circle',#3392,158.69934082) ;
#3407=CIRCLE('generated circle',#3406,154.833343506) ;
#3438=CIRCLE('generated circle',#3437,154.833343506) ;
#3443=CIRCLE('generated circle',#3442,158.69934082) ;
#3448=CIRCLE('generated circle',#3447,158.69934082) ;
#3453=CIRCLE('generated circle',#3452,158.69934082) ;
#3477=CIRCLE('generated circle',#3476,158.69934082) ;
#3496=CIRCLE('generated circle',#3495,158.69934082) ;
#3515=CIRCLE('generated circle',#3514,158.69934082) ;
#3522=CIRCLE('generated circle',#3521,158.69934082) ;
#3555=CIRCLE('generated circle',#3554,158.69934082) ;
#3574=CIRCLE('generated circle',#3573,158.69934082) ;
#3579=CIRCLE('generated circle',#3578,166.179) ;
#7095=CIRCLE('generated circle',#7094,166.179) ;
#7111=CIRCLE('generated circle',#7110,166.179) ;
#7130=CIRCLE('generated circle',#7129,166.179) ;
#7135=CIRCLE('generated circle',#7134,166.179) ;
#7234=CIRCLE('generated circle',#7233,8.16169093714) ;
#7391=CIRCLE('generated circle',#7390,166.179) ;
#7407=CIRCLE('generated circle',#7406,166.179) ;
#7421=CIRCLE('generated circle',#7420,166.179) ;
#7428=CIRCLE('generated circle',#7427,166.179) ;
#7442=CIRCLE('generated circle',#7441,166.179) ;
#7456=CIRCLE('generated circle',#7455,166.179) ;
#7470=CIRCLE('generated circle',#7469,166.179) ;
#7524=CIRCLE('generated circle',#7523,166.179) ;
#7540=CIRCLE('generated circle',#7539,166.179) ;
#7545=CIRCLE('generated circle',#7544,166.179) ;
#7559=CIRCLE('generated circle',#7558,166.179) ;
#7566=CIRCLE('generated circle',#7565,166.179) ;
#7580=CIRCLE('generated circle',#7579,166.179) ;
#7585=CIRCLE('generated circle',#7584,166.179) ;
#7857=CIRCLE('generated circle',#7856,8.09141290188) ;
#7862=CIRCLE('generated circle',#7861,8.09141290188) ;
#8025=CIRCLE('generated circle',#8024,8.16169093714) ;
#8112=CIRCLE('generated circle',#8111,8.09141290188) ;
#8137=CIRCLE('generated circle',#8136,8.09141290188) ;
#8237=CIRCLE('generated circle',#8236,135.216) ;
#8253=CIRCLE('generated circle',#8252,135.216) ;
#8272=CIRCLE('generated circle',#8271,135.216) ;
#8277=CIRCLE('generated circle',#8276,135.216) ;
#8304=CIRCLE('generated circle',#8303,166.179024882) ;
#8325=CIRCLE('generated circle',#8324,166.179024882) ;
#8378=CIRCLE('generated circle',#8377,166.179024882) ;
#8411=CIRCLE('generated circle',#8410,166.179024882) ;
#8500=CIRCLE('generated circle',#8499,166.179024882) ;
#8507=CIRCLE('generated circle',#8506,166.179024882) ;
#8546=CIRCLE('generated circle',#8545,166.179024882) ;
#8553=CIRCLE('generated circle',#8552,166.179024882) ;
#8693=CIRCLE('generated circle',#8692,135.216497694) ;
#8709=CIRCLE('generated circle',#8708,135.216497694) ;
#8728=CIRCLE('generated circle',#8727,135.216497694) ;
#8733=CIRCLE('generated circle',#8732,135.216497694) ;
#8797=CIRCLE('generated circle',#8796,27.1722233278) ;
#8813=CIRCLE('generated circle',#8812,135.216497694) ;
#8832=CIRCLE('generated circle',#8831,27.1722233278) ;
#8837=CIRCLE('generated circle',#8836,135.216497694) ;
#8901=CIRCLE('generated circle',#8900,24.7165321098) ;
#8917=CIRCLE('generated circle',#8916,27.1722233278) ;
#8936=CIRCLE('generated circle',#8935,24.7165321098) ;
#8941=CIRCLE('generated circle',#8940,27.1722233278) ;
#9014=CIRCLE('generated circle',#9013,12.4380760195) ;
#9032=CIRCLE('generated circle',#9031,12.4380760195) ;
#9094=CIRCLE('generated circle',#9093,12.3873910291) ;
#9112=CIRCLE('generated circle',#9111,12.3873910291) ;
#9135=CIRCLE('generated circle',#9134,24.7747820582) ;
#9154=CIRCLE('generated circle',#9153,24.7747820582) ;
#3379=CONICAL_SURFACE('Cone',#3378,154.833343506,0.572380986935) ;
#8300=CONICAL_SURFACE('Cone',#8299,135.216,0.46022229602) ;
#8793=CONICAL_SURFACE('Cone',#8792,27.1722233278,0.12217304764) ;
#8897=CONICAL_SURFACE('Cone',#8896,24.7165321098,0.12217304764) ;
#9001=CONICAL_SURFACE('Cone',#9000,0.,0.12217304764) ;
#9081=CONICAL_SURFACE('Cone',#9080,0.,1.5374847586) ;
#9124=CONICAL_SURFACE('Cone',#9123,12.3873910291,0.12217304764) ;
#9167=CONICAL_SURFACE('Cone',#9166,0.,1.55164985009) ;
#7065=CONTEXT_DEPENDENT_SHAPE_REPRESENTATION(#7066,#7064) ;
#7169=CONTEXT_DEPENDENT_SHAPE_REPRESENTATION(#7170,#7168) ;
#8207=CONTEXT_DEPENDENT_SHAPE_REPRESENTATION(#8208,#8206) ;
#8663=CONTEXT_DEPENDENT_SHAPE_REPRESENTATION(#8664,#8662) ;
#8767=CONTEXT_DEPENDENT_SHAPE_REPRESENTATION(#8768,#8766) ;
#8871=CONTEXT_DEPENDENT_SHAPE_REPRESENTATION(#8872,#8870) ;
#8975=CONTEXT_DEPENDENT_SHAPE_REPRESENTATION(#8976,#8974) ;
#9055=CONTEXT_DEPENDENT_SHAPE_REPRESENTATION(#9056,#9054) ;
#9197=CONTEXT_DEPENDENT_SHAPE_REPRESENTATION(#9198,#9196) ;
#7062=SHAPE_REPRESENTATION_RELATIONSHIP(' ',' ',#54,#7061) ;
#7166=SHAPE_REPRESENTATION_RELATIONSHIP(' ',' ',#7078,#7165) ;
#8204=SHAPE_REPRESENTATION_RELATIONSHIP(' ',' ',#7182,#8203) ;
#8660=SHAPE_REPRESENTATION_RELATIONSHIP(' ',' ',#8220,#8659) ;
#8764=SHAPE_REPRESENTATION_RELATIONSHIP(' ',' ',#8676,#8763) ;
#8868=SHAPE_REPRESENTATION_RELATIONSHIP(' ',' ',#8780,#8867) ;
#8972=SHAPE_REPRESENTATION_RELATIONSHIP(' ',' ',#8884,#8971) ;
#9052=SHAPE_REPRESENTATION_RELATIONSHIP(' ',' ',#8988,#9051) ;
#9194=SHAPE_REPRESENTATION_RELATIONSHIP(' ',' ',#9068,#9193) ;
#257=CYLINDRICAL_SURFACE('generated cylinder',#256,166.179) ;
#943=CYLINDRICAL_SURFACE('generated cylinder',#942,158.69934082) ;
#7091=CYLINDRICAL_SURFACE('generated cylinder',#7090,166.179) ;
#7230=CYLINDRICAL_SURFACE('generated cylinder',#7229,8.16169093714) ;
#7387=CYLINDRICAL_SURFACE('generated cylinder',#7386,166.179) ;
#7844=CYLINDRICAL_SURFACE('generated cylinder',#7843,8.09141290188) ;
#8057=CYLINDRICAL_SURFACE('generated cylinder',#8056,8.16169093714) ;
#8126=CYLINDRICAL_SURFACE('generated cylinder',#8125,8.09141290188) ;
#8233=CYLINDRICAL_SURFACE('generated cylinder',#8232,135.216) ;
#8374=CYLINDRICAL_SURFACE('generated cylinder',#8373,166.179024882) ;
#8689=CYLINDRICAL_SURFACE('generated cylinder',#8688,135.216497694) ;
#3=DESIGN_CONTEXT(' ',#1,'design') ;
#76=EDGE_CURVE('',#73,#75,#71,.T.) ;
#83=EDGE_CURVE('',#73,#82,#80,.T.) ;
#90=EDGE_CURVE('',#82,#89,#87,.T.) ;
#95=EDGE_CURVE('',#75,#89,#94,.T.) ;
#116=EDGE_CURVE('',#113,#115,#111,.T.) ;
#123=EDGE_CURVE('',#113,#122,#120,.T.) ;
#128=EDGE_CURVE('',#122,#73,#127,.T.) ;
#135=EDGE_CURVE('',#134,#75,#132,.T.) ;
#140=EDGE_CURVE('',#115,#134,#139,.T.) ;
#161=EDGE_CURVE('',#82,#160,#158,.T.) ;
#168=EDGE_CURVE('',#160,#167,#165,.T.) ;
#175=EDGE_CURVE('',#167,#174,#172,.T.) ;
#182=EDGE_CURVE('',#181,#174,#179,.T.) ;
#187=EDGE_CURVE('',#89,#181,#186,.T.) ;
#206=EDGE_CURVE('',#167,#113,#205,.T.) ;
#211=EDGE_CURVE('',#174,#115,#210,.T.) ;
#228=EDGE_CURVE('',#122,#160,#227,.T.) ;
#245=EDGE_CURVE('',#134,#181,#244,.T.) ;
#266=EDGE_CURVE('',#263,#265,#261,.T.) ;
#273=EDGE_CURVE('',#263,#272,#270,.F.) ;
#280=EDGE_CURVE('',#272,#279,#277,.T.) ;
#287=EDGE_CURVE('',#279,#286,#284,.T.) ;
#294=EDGE_CURVE('',#286,#293,#291,.T.) ;
#299=EDGE_CURVE('',#293,#265,#298,.T.) ;
#331=EDGE_CURVE('',#328,#330,#308,.T.) ;
#351=EDGE_CURVE('',#330,#328,#332,.T.) ;
#379=EDGE_CURVE('',#376,#378,#356,.T.) ;
#399=EDGE_CURVE('',#378,#376,#380,.T.) ;
#427=EDGE_CURVE('',#424,#426,#404,.T.) ;
#447=EDGE_CURVE('',#426,#424,#428,.T.) ;
#464=EDGE_CURVE('',#463,#263,#461,.T.) ;
#471=EDGE_CURVE('',#470,#265,#468,.T.) ;
#478=EDGE_CURVE('',#477,#470,#475,.T.) ;
#485=EDGE_CURVE('',#484,#477,#482,.T.) ;
#490=EDGE_CURVE('',#484,#463,#489,.T.) ;
#508=EDGE_CURVE('',#505,#507,#503,.T.) ;
#513=EDGE_CURVE('',#505,#272,#512,.T.) ;
#520=EDGE_CURVE('',#519,#463,#517,.T.) ;
#527=EDGE_CURVE('',#526,#519,#524,.T.) ;
#534=EDGE_CURVE('',#533,#526,#531,.T.) ;
#542=EDGE_CURVE('',#533,#541,#535,.T.) ;
#564=EDGE_CURVE('',#541,#563,#543,.T.) ;
#570=EDGE_CURVE('',#507,#563,#565,.T.) ;
#606=EDGE_CURVE('',#603,#605,#583,.T.) ;
#626=EDGE_CURVE('',#605,#603,#607,.T.) ;
#654=EDGE_CURVE('',#651,#653,#631,.T.) ;
#674=EDGE_CURVE('',#653,#651,#655,.T.) ;
#691=EDGE_CURVE('',#690,#505,#688,.T.) ;
#698=EDGE_CURVE('',#697,#690,#695,.T.) ;
#705=EDGE_CURVE('',#704,#697,#702,.F.) ;
#712=EDGE_CURVE('',#711,#704,#709,.T.) ;
#719=EDGE_CURVE('',#718,#711,#716,.T.) ;
#726=EDGE_CURVE('',#725,#718,#723,.T.) ;
#733=EDGE_CURVE('',#732,#725,#730,.F.) ;
#740=EDGE_CURVE('',#739,#732,#737,.T.) ;
#747=EDGE_CURVE('',#746,#739,#744,.T.) ;
#754=EDGE_CURVE('',#753,#746,#751,.T.) ;
#761=EDGE_CURVE('',#760,#753,#758,.F.) ;
#768=EDGE_CURVE('',#767,#760,#765,.T.) ;
#775=EDGE_CURVE('',#774,#767,#772,.T.) ;
#782=EDGE_CURVE('',#781,#774,#779,.T.) ;
#789=EDGE_CURVE('',#788,#781,#786,.T.) ;
#796=EDGE_CURVE('',#795,#788,#793,.F.) ;
#803=EDGE_CURVE('',#802,#795,#800,.T.) ;
#810=EDGE_CURVE('',#809,#802,#807,.T.) ;
#817=EDGE_CURVE('',#816,#809,#814,.T.) ;
#824=EDGE_CURVE('',#823,#816,#821,.F.) ;
#831=EDGE_CURVE('',#830,#823,#828,.T.) ;
#838=EDGE_CURVE('',#837,#830,#835,.T.) ;
#845=EDGE_CURVE('',#844,#837,#842,.T.) ;
#850=EDGE_CURVE('',#279,#844,#849,.F.) ;
#891=EDGE_CURVE('',#890,#293,#888,.T.) ;
#898=EDGE_CURVE('',#897,#890,#895,.T.) ;
#903=EDGE_CURVE('',#286,#897,#902,.T.) ;
#910=EDGE_CURVE('',#844,#909,#907,.T.) ;
#920=EDGE_CURVE('',#909,#919,#911,.T.) ;
#925=EDGE_CURVE('',#470,#919,#924,.T.) ;
#950=EDGE_CURVE('',#949,#919,#947,.T.) ;
#955=EDGE_CURVE('',#949,#477,#954,.F.) ;
#969=EDGE_CURVE('',#968,#949,#966,.T.) ;
#974=EDGE_CURVE('',#484,#968,#973,.T.) ;
#993=EDGE_CURVE('',#526,#992,#990,.T.) ;
#1000=EDGE_CURVE('',#992,#999,#997,.T.) ;
#1005=EDGE_CURVE('',#999,#519,#1004,.T.) ;
#1015=EDGE_CURVE('',#1014,#968,#1006,.T.) ;
#1020=EDGE_CURVE('',#690,#1014,#1019,.T.) ;
#1030=EDGE_CURVE('',#1029,#507,#1021,.T.) ;
#1037=EDGE_CURVE('',#1036,#1029,#1034,.T.) ;
#1045=EDGE_CURVE('',#1036,#533,#1038,.T.) ;
#1074=EDGE_CURVE('',#837,#1073,#1071,.T.) ;
#1082=EDGE_CURVE('',#909,#1073,#1075,.T.) ;
#1103=EDGE_CURVE('',#1100,#1102,#1098,.T.) ;
#1110=EDGE_CURVE('',#1102,#1109,#1107,.T.) ;
#1117=EDGE_CURVE('',#1109,#1116,#1114,.T.) ;
#1124=EDGE_CURVE('',#1116,#1123,#1121,.T.) ;
#1131=EDGE_CURVE('',#1123,#1130,#1128,.T.) ;
#1138=EDGE_CURVE('',#1137,#1130,#1135,.T.) ;
#1145=EDGE_CURVE('',#1137,#1144,#1142,.T.) ;
#1153=EDGE_CURVE('',#1073,#1144,#1146,.T.) ;
#1160=EDGE_CURVE('',#830,#1159,#1157,.T.) ;
#1170=EDGE_CURVE('',#1169,#1159,#1161,.T.) ;
#1177=EDGE_CURVE('',#1176,#1169,#1174,.T.) ;
#1185=EDGE_CURVE('',#1176,#1100,#1178,.T.) ;
#1209=EDGE_CURVE('',#823,#1208,#1206,.T.) ;
#1216=EDGE_CURVE('',#1208,#1215,#1213,.T.) ;
#1223=EDGE_CURVE('',#1215,#1222,#1220,.T.) ;
#1228=EDGE_CURVE('',#1130,#1222,#1227,.T.) ;
#1233=EDGE_CURVE('',#1102,#1123,#1232,.T.) ;
#1241=EDGE_CURVE('',#1100,#1240,#1234,.T.) ;
#1263=EDGE_CURVE('',#1240,#1262,#1242,.T.) ;
#1269=EDGE_CURVE('',#1159,#1262,#1264,.T.) ;
#1307=EDGE_CURVE('',#1304,#1306,#1284,.T.) ;
#1327=EDGE_CURVE('',#1306,#1304,#1308,.T.) ;
#1355=EDGE_CURVE('',#1352,#1354,#1332,.T.) ;
#1375=EDGE_CURVE('',#1354,#1352,#1356,.T.) ;
#1403=EDGE_CURVE('',#1400,#1402,#1380,.T.) ;
#1423=EDGE_CURVE('',#1402,#1400,#1404,.T.) ;
#1451=EDGE_CURVE('',#1448,#1450,#1428,.T.) ;
#1471=EDGE_CURVE('',#1450,#1448,#1452,.T.) ;
#1499=EDGE_CURVE('',#1496,#1498,#1476,.T.) ;
#1519=EDGE_CURVE('',#1498,#1496,#1500,.T.) ;
#1536=EDGE_CURVE('',#1535,#1215,#1533,.T.) ;
#1543=EDGE_CURVE('',#1542,#1535,#1540,.T.) ;
#1548=EDGE_CURVE('',#1208,#1542,#1547,.T.) ;
#1555=EDGE_CURVE('',#816,#1554,#1552,.T.) ;
#1565=EDGE_CURVE('',#1554,#1564,#1556,.T.) ;
#1572=EDGE_CURVE('',#1571,#1564,#1569,.T.) ;
#1577=EDGE_CURVE('',#1571,#1222,#1576,.T.) ;
#1602=EDGE_CURVE('',#809,#1601,#1599,.T.) ;
#1610=EDGE_CURVE('',#1554,#1601,#1603,.T.) ;
#1631=EDGE_CURVE('',#1628,#1630,#1626,.T.) ;
#1638=EDGE_CURVE('',#1630,#1637,#1635,.T.) ;
#1645=EDGE_CURVE('',#1637,#1644,#1642,.T.) ;
#1652=EDGE_CURVE('',#1644,#1651,#1649,.T.) ;
#1659=EDGE_CURVE('',#1651,#1658,#1656,.T.) ;
#1666=EDGE_CURVE('',#1665,#1658,#1663,.T.) ;
#1673=EDGE_CURVE('',#1665,#1672,#1670,.T.) ;
#1681=EDGE_CURVE('',#1601,#1672,#1674,.T.) ;
#1688=EDGE_CURVE('',#802,#1687,#1685,.T.) ;
#1698=EDGE_CURVE('',#1697,#1687,#1689,.T.) ;
#1705=EDGE_CURVE('',#1704,#1697,#1702,.T.) ;
#1713=EDGE_CURVE('',#1704,#1628,#1706,.T.) ;
#1737=EDGE_CURVE('',#795,#1736,#1734,.T.) ;
#1744=EDGE_CURVE('',#1736,#1743,#1741,.T.) ;
#1751=EDGE_CURVE('',#1743,#1750,#1748,.T.) ;
#1756=EDGE_CURVE('',#1658,#1750,#1755,.T.) ;
#1761=EDGE_CURVE('',#1630,#1651,#1760,.T.) ;
#1769=EDGE_CURVE('',#1628,#1768,#1762,.T.) ;
#1791=EDGE_CURVE('',#1768,#1790,#1770,.T.) ;
#1797=EDGE_CURVE('',#1687,#1790,#1792,.T.) ;
#1835=EDGE_CURVE('',#1832,#1834,#1812,.T.) ;
#1855=EDGE_CURVE('',#1834,#1832,#1836,.T.) ;
#1883=EDGE_CURVE('',#1880,#1882,#1860,.T.) ;
#1903=EDGE_CURVE('',#1882,#1880,#1884,.T.) ;
#1931=EDGE_CURVE('',#1928,#1930,#1908,.T.) ;
#1951=EDGE_CURVE('',#1930,#1928,#1932,.T.) ;
#1979=EDGE_CURVE('',#1976,#1978,#1956,.T.) ;
#1999=EDGE_CURVE('',#1978,#1976,#1980,.T.) ;
#2027=EDGE_CURVE('',#2024,#2026,#2004,.T.) ;
#2047=EDGE_CURVE('',#2026,#2024,#2028,.T.) ;
#2064=EDGE_CURVE('',#2063,#1743,#2061,.T.) ;
#2071=EDGE_CURVE('',#2070,#2063,#2068,.T.) ;
#2076=EDGE_CURVE('',#1736,#2070,#2075,.T.) ;
#2083=EDGE_CURVE('',#788,#2082,#2080,.T.) ;
#2093=EDGE_CURVE('',#2082,#2092,#2084,.T.) ;
#2100=EDGE_CURVE('',#2099,#2092,#2097,.T.) ;
#2105=EDGE_CURVE('',#2099,#1750,#2104,.T.) ;
#2130=EDGE_CURVE('',#781,#2129,#2127,.T.) ;
#2138=EDGE_CURVE('',#2082,#2129,#2131,.T.) ;
#2159=EDGE_CURVE('',#2156,#2158,#2154,.T.) ;
#2166=EDGE_CURVE('',#2158,#2165,#2163,.T.) ;
#2173=EDGE_CURVE('',#2165,#2172,#2170,.T.) ;
#2180=EDGE_CURVE('',#2172,#2179,#2177,.T.) ;
#2187=EDGE_CURVE('',#2179,#2186,#2184,.T.) ;
#2194=EDGE_CURVE('',#2193,#2186,#2191,.T.) ;
#2201=EDGE_CURVE('',#2193,#2200,#2198,.T.) ;
#2209=EDGE_CURVE('',#2129,#2200,#2202,.T.) ;
#2216=EDGE_CURVE('',#774,#2215,#2213,.T.) ;
#2226=EDGE_CURVE('',#2225,#2215,#2217,.T.) ;
#2233=EDGE_CURVE('',#2232,#2225,#2230,.T.) ;
#2241=EDGE_CURVE('',#2232,#2156,#2234,.T.) ;
#2265=EDGE_CURVE('',#2264,#767,#2262,.F.) ;
#2270=EDGE_CURVE('',#2186,#2264,#2269,.T.) ;
#2275=EDGE_CURVE('',#2158,#2179,#2274,.T.) ;
#2283=EDGE_CURVE('',#2156,#2282,#2276,.T.) ;
#2305=EDGE_CURVE('',#2282,#2304,#2284,.T.) ;
#2311=EDGE_CURVE('',#2215,#2304,#2306,.T.) ;
#2347=EDGE_CURVE('',#2344,#2346,#2324,.T.) ;
#2367=EDGE_CURVE('',#2346,#2344,#2348,.T.) ;
#2395=EDGE_CURVE('',#2392,#2394,#2372,.T.) ;
#2415=EDGE_CURVE('',#2394,#2392,#2396,.T.) ;
#2427=EDGE_CURVE('',#2264,#2426,#2424,.T.) ;
#2434=EDGE_CURVE('',#760,#2433,#2431,.T.) ;
#2441=EDGE_CURVE('',#2433,#2440,#2438,.T.) ;
#2446=EDGE_CURVE('',#2440,#2426,#2445,.T.) ;
#2478=EDGE_CURVE('',#2475,#2477,#2455,.T.) ;
#2498=EDGE_CURVE('',#2477,#2475,#2479,.T.) ;
#2526=EDGE_CURVE('',#2523,#2525,#2503,.T.) ;
#2546=EDGE_CURVE('',#2525,#2523,#2527,.T.) ;
#2574=EDGE_CURVE('',#2571,#2573,#2551,.T.) ;
#2594=EDGE_CURVE('',#2573,#2571,#2575,.T.) ;
#2611=EDGE_CURVE('',#2610,#2440,#2608,.T.) ;
#2618=EDGE_CURVE('',#2617,#2610,#2615,.T.) ;
#2623=EDGE_CURVE('',#2433,#2617,#2622,.T.) ;
#2630=EDGE_CURVE('',#753,#2629,#2627,.T.) ;
#2640=EDGE_CURVE('',#2629,#2639,#2631,.T.) ;
#2647=EDGE_CURVE('',#2646,#2639,#2644,.T.) ;
#2652=EDGE_CURVE('',#2646,#2426,#2651,.T.) ;
#2677=EDGE_CURVE('',#746,#2676,#2674,.T.) ;
#2685=EDGE_CURVE('',#2629,#2676,#2678,.T.) ;
#2706=EDGE_CURVE('',#2703,#2705,#2701,.T.) ;
#2713=EDGE_CURVE('',#2705,#2712,#2710,.T.) ;
#2720=EDGE_CURVE('',#2712,#2719,#2717,.T.) ;
#2727=EDGE_CURVE('',#2719,#2726,#2724,.T.) ;
#2734=EDGE_CURVE('',#2726,#2733,#2731,.T.) ;
#2741=EDGE_CURVE('',#2740,#2733,#2738,.T.) ;
#2748=EDGE_CURVE('',#2740,#2747,#2745,.T.) ;
#2756=EDGE_CURVE('',#2676,#2747,#2749,.T.) ;
#2763=EDGE_CURVE('',#739,#2762,#2760,.T.) ;
#2773=EDGE_CURVE('',#2772,#2762,#2764,.T.) ;
#2780=EDGE_CURVE('',#2779,#2772,#2777,.T.) ;
#2788=EDGE_CURVE('',#2779,#2703,#2781,.T.) ;
#2810=EDGE_CURVE('',#732,#122,#2809,.T.) ;
#2817=EDGE_CURVE('',#160,#2816,#2814,.T.) ;
#2822=EDGE_CURVE('',#2733,#2816,#2821,.T.) ;
#2827=EDGE_CURVE('',#2705,#2726,#2826,.T.) ;
#2835=EDGE_CURVE('',#2703,#2834,#2828,.T.) ;
#2857=EDGE_CURVE('',#2834,#2856,#2836,.T.) ;
#2863=EDGE_CURVE('',#2762,#2856,#2858,.T.) ;
#2901=EDGE_CURVE('',#2898,#2900,#2878,.T.) ;
#2921=EDGE_CURVE('',#2900,#2898,#2902,.T.) ;
#2949=EDGE_CURVE('',#2946,#2948,#2926,.T.) ;
#2969=EDGE_CURVE('',#2948,#2946,#2950,.T.) ;
#2997=EDGE_CURVE('',#2994,#2996,#2974,.T.) ;
#3017=EDGE_CURVE('',#2996,#2994,#2998,.T.) ;
#3045=EDGE_CURVE('',#3042,#3044,#3022,.T.) ;
#3065=EDGE_CURVE('',#3044,#3042,#3046,.T.) ;
#3093=EDGE_CURVE('',#3090,#3092,#3070,.T.) ;
#3113=EDGE_CURVE('',#3092,#3090,#3094,.T.) ;
#3125=EDGE_CURVE('',#725,#3124,#3122,.T.) ;
#3135=EDGE_CURVE('',#3124,#3134,#3126,.T.) ;
#3142=EDGE_CURVE('',#3141,#3134,#3139,.T.) ;
#3147=EDGE_CURVE('',#3141,#2816,#3146,.T.) ;
#3172=EDGE_CURVE('',#718,#3171,#3169,.T.) ;
#3180=EDGE_CURVE('',#3124,#3171,#3173,.T.) ;
#3194=EDGE_CURVE('',#3193,#134,#3191,.T.) ;
#3201=EDGE_CURVE('',#181,#3200,#3198,.T.) ;
#3208=EDGE_CURVE('',#3207,#3200,#3205,.T.) ;
#3215=EDGE_CURVE('',#3207,#3214,#3212,.T.) ;
#3223=EDGE_CURVE('',#3171,#3214,#3216,.T.) ;
#3230=EDGE_CURVE('',#711,#3229,#3227,.T.) ;
#3240=EDGE_CURVE('',#3239,#3229,#3231,.T.) ;
#3247=EDGE_CURVE('',#3246,#3239,#3244,.T.) ;
#3255=EDGE_CURVE('',#3246,#3193,#3248,.T.) ;
#3286=EDGE_CURVE('',#3283,#3285,#3281,.T.) ;
#3293=EDGE_CURVE('',#3292,#3283,#3290,.T.) ;
#3300=EDGE_CURVE('',#3299,#3292,#3297,.T.) ;
#3305=EDGE_CURVE('',#704,#3299,#3304,.T.) ;
#3312=EDGE_CURVE('',#697,#3311,#3309,.T.) ;
#3322=EDGE_CURVE('',#3311,#3321,#3313,.T.) ;
#3329=EDGE_CURVE('',#3328,#3321,#3326,.T.) ;
#3336=EDGE_CURVE('',#3328,#3335,#3333,.T.) ;
#3341=EDGE_CURVE('',#3285,#3335,#3340,.T.) ;
#3367=EDGE_CURVE('',#3311,#1014,#3360,.T.) ;
#3384=EDGE_CURVE('',#1144,#1564,#3383,.F.) ;
#3389=EDGE_CURVE('',#1672,#2092,#3388,.F.) ;
#3396=EDGE_CURVE('',#2200,#3395,#3393,.F.) ;
#3403=EDGE_CURVE('',#3402,#3395,#3400,.T.) ;
#3410=EDGE_CURVE('',#3409,#3402,#3407,.F.) ;
#3415=EDGE_CURVE('',#3409,#949,#3414,.T.) ;
#3439=EDGE_CURVE('',#3402,#3409,#3438,.F.) ;
#3444=EDGE_CURVE('',#3395,#2639,#3443,.F.) ;
#3449=EDGE_CURVE('',#2747,#3134,#3448,.F.) ;
#3454=EDGE_CURVE('',#3214,#3321,#3453,.F.) ;
#3478=EDGE_CURVE('',#1137,#1571,#3477,.T.) ;
#3497=EDGE_CURVE('',#1665,#2099,#3496,.T.) ;
#3518=EDGE_CURVE('',#3517,#2646,#3515,.T.) ;
#3523=EDGE_CURVE('',#2193,#3517,#3522,.T.) ;
#3537=EDGE_CURVE('',#3395,#3517,#3536,.F.) ;
#3556=EDGE_CURVE('',#2740,#3141,#3555,.T.) ;
#3575=EDGE_CURVE('',#3207,#3328,#3574,.T.) ;
#3580=EDGE_CURVE('',#3200,#3335,#3579,.T.) ;
#3614=EDGE_CURVE('',#3292,#992,#3613,.T.) ;
#3619=EDGE_CURVE('',#3283,#999,#3618,.T.) ;
#3640=EDGE_CURVE('',#3637,#3639,#3635,.T.) ;
#3645=EDGE_CURVE('',#3637,#3299,#3644,.T.) ;
#3650=EDGE_CURVE('',#3639,#526,#3649,.T.) ;
#3666=EDGE_CURVE('',#3285,#3665,#3663,.T.) ;
#3673=EDGE_CURVE('',#3665,#3672,#3670,.T.) ;
#3678=EDGE_CURVE('',#519,#3672,#3677,.T.) ;
#3697=EDGE_CURVE('',#3665,#3637,#3696,.T.) ;
#3702=EDGE_CURVE('',#3672,#3639,#3701,.T.) ;
#3731=EDGE_CURVE('',#3299,#3285,#3730,.T.) ;
#3748=EDGE_CURVE('',#897,#1109,#3747,.T.) ;
#3753=EDGE_CURVE('',#890,#1116,#3752,.T.) ;
#3774=EDGE_CURVE('',#3771,#3773,#3769,.T.) ;
#3779=EDGE_CURVE('',#3771,#286,#3778,.T.) ;
#3784=EDGE_CURVE('',#3773,#1102,#3783,.T.) ;
#3800=EDGE_CURVE('',#293,#3799,#3797,.T.) ;
#3807=EDGE_CURVE('',#3799,#3806,#3804,.T.) ;
#3812=EDGE_CURVE('',#1123,#3806,#3811,.T.) ;
#3831=EDGE_CURVE('',#3799,#3771,#3830,.T.) ;
#3836=EDGE_CURVE('',#3806,#3773,#3835,.T.) ;
#3877=EDGE_CURVE('',#1542,#1637,#3876,.T.) ;
#3882=EDGE_CURVE('',#1535,#1644,#3881,.T.) ;
#3903=EDGE_CURVE('',#3900,#3902,#3898,.T.) ;
#3908=EDGE_CURVE('',#3900,#1208,#3907,.T.) ;
#3913=EDGE_CURVE('',#3902,#1630,#3912,.T.) ;
#3929=EDGE_CURVE('',#1215,#3928,#3926,.T.) ;
#3936=EDGE_CURVE('',#3928,#3935,#3933,.T.) ;
#3941=EDGE_CURVE('',#1651,#3935,#3940,.T.) ;
#3960=EDGE_CURVE('',#3928,#3900,#3959,.T.) ;
#3965=EDGE_CURVE('',#3935,#3902,#3964,.T.) ;
#4006=EDGE_CURVE('',#2070,#2165,#4005,.T.) ;
#4011=EDGE_CURVE('',#2063,#2172,#4010,.T.) ;
#4032=EDGE_CURVE('',#4029,#4031,#4027,.T.) ;
#4037=EDGE_CURVE('',#4029,#1736,#4036,.T.) ;
#4042=EDGE_CURVE('',#4031,#2158,#4041,.T.) ;
#4058=EDGE_CURVE('',#1743,#4057,#4055,.T.) ;
#4065=EDGE_CURVE('',#4057,#4064,#4062,.T.) ;
#4070=EDGE_CURVE('',#2179,#4064,#4069,.T.) ;
#4089=EDGE_CURVE('',#4057,#4029,#4088,.T.) ;
#4094=EDGE_CURVE('',#4064,#4031,#4093,.T.) ;
#4135=EDGE_CURVE('',#2617,#2712,#4134,.T.) ;
#4140=EDGE_CURVE('',#2610,#2719,#4139,.T.) ;
#4161=EDGE_CURVE('',#4158,#4160,#4156,.T.) ;
#4166=EDGE_CURVE('',#4158,#2433,#4165,.T.) ;
#4171=EDGE_CURVE('',#4160,#2705,#4170,.T.) ;
#4187=EDGE_CURVE('',#2440,#4186,#4184,.T.) ;
#4194=EDGE_CURVE('',#4186,#4193,#4191,.T.) ;
#4199=EDGE_CURVE('',#2726,#4193,#4198,.T.) ;
#4218=EDGE_CURVE('',#4186,#4158,#4217,.T.) ;
#4223=EDGE_CURVE('',#4193,#4160,#4222,.T.) ;
#4262=EDGE_CURVE('',#3193,#4261,#4255,.T.) ;
#4284=EDGE_CURVE('',#4261,#4283,#4263,.T.) ;
#4290=EDGE_CURVE('',#3229,#4283,#4285,.T.) ;
#4328=EDGE_CURVE('',#4325,#4327,#4305,.T.) ;
#4348=EDGE_CURVE('',#4327,#4325,#4329,.T.) ;
#4376=EDGE_CURVE('',#4373,#4375,#4353,.T.) ;
#4396=EDGE_CURVE('',#4375,#4373,#4377,.T.) ;
#4424=EDGE_CURVE('',#4421,#4423,#4401,.T.) ;
#4444=EDGE_CURVE('',#4423,#4421,#4425,.T.) ;
#4472=EDGE_CURVE('',#4469,#4471,#4449,.T.) ;
#4492=EDGE_CURVE('',#4471,#4469,#4473,.T.) ;
#4520=EDGE_CURVE('',#4517,#4519,#4497,.T.) ;
#4540=EDGE_CURVE('',#4519,#4517,#4521,.T.) ;
#4560=EDGE_CURVE('',#4557,#4559,#4555,.T.) ;
#4566=EDGE_CURVE('',#4559,#4557,#4565,.T.) ;
#4584=EDGE_CURVE('',#4559,#4327,#4583,.T.) ;
#4589=EDGE_CURVE('',#4557,#4325,#4588,.T.) ;
#4626=EDGE_CURVE('',#4623,#4625,#4621,.T.) ;
#4632=EDGE_CURVE('',#4625,#4623,#4631,.T.) ;
#4650=EDGE_CURVE('',#4623,#4375,#4649,.T.) ;
#4655=EDGE_CURVE('',#4625,#4373,#4654,.T.) ;
#4692=EDGE_CURVE('',#4689,#4691,#4687,.T.) ;
#4698=EDGE_CURVE('',#4691,#4689,#4697,.T.) ;
#4716=EDGE_CURVE('',#4689,#4423,#4715,.T.) ;
#4721=EDGE_CURVE('',#4691,#4421,#4720,.T.) ;
#4758=EDGE_CURVE('',#4755,#4757,#4753,.T.) ;
#4764=EDGE_CURVE('',#4757,#4755,#4763,.T.) ;
#4782=EDGE_CURVE('',#4755,#4471,#4781,.T.) ;
#4787=EDGE_CURVE('',#4757,#4469,#4786,.T.) ;
#4824=EDGE_CURVE('',#4821,#4823,#4819,.T.) ;
#4830=EDGE_CURVE('',#4823,#4821,#4829,.T.) ;
#4848=EDGE_CURVE('',#4821,#4519,#4847,.T.) ;
#4853=EDGE_CURVE('',#4823,#4517,#4852,.T.) ;
#4888=EDGE_CURVE('',#4887,#1029,#4885,.T.) ;
#4896=EDGE_CURVE('',#4895,#4887,#4893,.T.) ;
#4902=EDGE_CURVE('',#1036,#4895,#4901,.T.) ;
#4922=EDGE_CURVE('',#4895,#541,#4921,.T.) ;
#4927=EDGE_CURVE('',#4887,#563,#4926,.T.) ;
#4979=EDGE_CURVE('',#4976,#4978,#4974,.T.) ;
#4985=EDGE_CURVE('',#4978,#4976,#4984,.T.) ;
#5003=EDGE_CURVE('',#4976,#605,#5002,.T.) ;
#5008=EDGE_CURVE('',#4978,#603,#5007,.T.) ;
#5045=EDGE_CURVE('',#5042,#5044,#5040,.T.) ;
#5051=EDGE_CURVE('',#5044,#5042,#5050,.T.) ;
#5069=EDGE_CURVE('',#5042,#653,#5068,.T.) ;
#5074=EDGE_CURVE('',#5044,#651,#5073,.T.) ;
#5111=EDGE_CURVE('',#5108,#5110,#5106,.T.) ;
#5117=EDGE_CURVE('',#5110,#5108,#5116,.T.) ;
#5135=EDGE_CURVE('',#5108,#330,#5134,.T.) ;
#5140=EDGE_CURVE('',#5110,#328,#5139,.T.) ;
#5177=EDGE_CURVE('',#5174,#5176,#5172,.T.) ;
#5183=EDGE_CURVE('',#5176,#5174,#5182,.T.) ;
#5201=EDGE_CURVE('',#5174,#378,#5200,.T.) ;
#5206=EDGE_CURVE('',#5176,#376,#5205,.T.) ;
#5243=EDGE_CURVE('',#5240,#5242,#5238,.T.) ;
#5249=EDGE_CURVE('',#5242,#5240,#5248,.T.) ;
#5267=EDGE_CURVE('',#5240,#426,#5266,.T.) ;
#5272=EDGE_CURVE('',#5242,#424,#5271,.T.) ;
#5307=EDGE_CURVE('',#5306,#1169,#5304,.T.) ;
#5315=EDGE_CURVE('',#5314,#5306,#5312,.T.) ;
#5321=EDGE_CURVE('',#1176,#5314,#5320,.T.) ;
#5341=EDGE_CURVE('',#5314,#1240,#5340,.T.) ;
#5346=EDGE_CURVE('',#5306,#1262,#5345,.T.) ;
#5398=EDGE_CURVE('',#5395,#5397,#5393,.T.) ;
#5404=EDGE_CURVE('',#5397,#5395,#5403,.T.) ;
#5422=EDGE_CURVE('',#5395,#1306,#5421,.T.) ;
#5427=EDGE_CURVE('',#5397,#1304,#5426,.T.) ;
#5464=EDGE_CURVE('',#5461,#5463,#5459,.T.) ;
#5470=EDGE_CURVE('',#5463,#5461,#5469,.T.) ;
#5488=EDGE_CURVE('',#5461,#1354,#5487,.T.) ;
#5493=EDGE_CURVE('',#5463,#1352,#5492,.T.) ;
#5530=EDGE_CURVE('',#5527,#5529,#5525,.T.) ;
#5536=EDGE_CURVE('',#5529,#5527,#5535,.T.) ;
#5554=EDGE_CURVE('',#5527,#1402,#5553,.T.) ;
#5559=EDGE_CURVE('',#5529,#1400,#5558,.T.) ;
#5596=EDGE_CURVE('',#5593,#5595,#5591,.T.) ;
#5602=EDGE_CURVE('',#5595,#5593,#5601,.T.) ;
#5620=EDGE_CURVE('',#5593,#1450,#5619,.T.) ;
#5625=EDGE_CURVE('',#5595,#1448,#5624,.T.) ;
#5662=EDGE_CURVE('',#5659,#5661,#5657,.T.) ;
#5668=EDGE_CURVE('',#5661,#5659,#5667,.T.) ;
#5686=EDGE_CURVE('',#5659,#1498,#5685,.T.) ;
#5691=EDGE_CURVE('',#5661,#1496,#5690,.T.) ;
#5726=EDGE_CURVE('',#5725,#1697,#5723,.T.) ;
#5734=EDGE_CURVE('',#5733,#5725,#5731,.T.) ;
#5740=EDGE_CURVE('',#1704,#5733,#5739,.T.) ;
#5760=EDGE_CURVE('',#5733,#1768,#5759,.T.) ;
#5765=EDGE_CURVE('',#5725,#1790,#5764,.T.) ;
#5817=EDGE_CURVE('',#5814,#5816,#5812,.T.) ;
#5823=EDGE_CURVE('',#5816,#5814,#5822,.T.) ;
#5841=EDGE_CURVE('',#5814,#1834,#5840,.T.) ;
#5846=EDGE_CURVE('',#5816,#1832,#5845,.T.) ;
#5883=EDGE_CURVE('',#5880,#5882,#5878,.T.) ;
#5889=EDGE_CURVE('',#5882,#5880,#5888,.T.) ;
#5907=EDGE_CURVE('',#5880,#1882,#5906,.T.) ;
#5912=EDGE_CURVE('',#5882,#1880,#5911,.T.) ;
#5949=EDGE_CURVE('',#5946,#5948,#5944,.T.) ;
#5955=EDGE_CURVE('',#5948,#5946,#5954,.T.) ;
#5973=EDGE_CURVE('',#5946,#1930,#5972,.T.) ;
#5978=EDGE_CURVE('',#5948,#1928,#5977,.T.) ;
#6015=EDGE_CURVE('',#6012,#6014,#6010,.T.) ;
#6021=EDGE_CURVE('',#6014,#6012,#6020,.T.) ;
#6039=EDGE_CURVE('',#6012,#1978,#6038,.T.) ;
#6044=EDGE_CURVE('',#6014,#1976,#6043,.T.) ;
#6081=EDGE_CURVE('',#6078,#6080,#6076,.T.) ;
#6087=EDGE_CURVE('',#6080,#6078,#6086,.T.) ;
#6105=EDGE_CURVE('',#6078,#2026,#6104,.T.) ;
#6110=EDGE_CURVE('',#6080,#2024,#6109,.T.) ;
#6145=EDGE_CURVE('',#6144,#2225,#6142,.T.) ;
#6153=EDGE_CURVE('',#6152,#6144,#6150,.T.) ;
#6159=EDGE_CURVE('',#2232,#6152,#6158,.T.) ;
#6179=EDGE_CURVE('',#6152,#2282,#6178,.T.) ;
#6184=EDGE_CURVE('',#6144,#2304,#6183,.T.) ;
#6236=EDGE_CURVE('',#6233,#6235,#6231,.T.) ;
#6242=EDGE_CURVE('',#6235,#6233,#6241,.T.) ;
#6260=EDGE_CURVE('',#6233,#2346,#6259,.T.) ;
#6265=EDGE_CURVE('',#6235,#2344,#6264,.T.) ;
#6302=EDGE_CURVE('',#6299,#6301,#6297,.T.) ;
#6308=EDGE_CURVE('',#6301,#6299,#6307,.T.) ;
#6326=EDGE_CURVE('',#6299,#2394,#6325,.T.) ;
#6331=EDGE_CURVE('',#6301,#2392,#6330,.T.) ;
#6368=EDGE_CURVE('',#6365,#6367,#6363,.T.) ;
#6374=EDGE_CURVE('',#6367,#6365,#6373,.T.) ;
#6392=EDGE_CURVE('',#6365,#2477,#6391,.T.) ;
#6397=EDGE_CURVE('',#6367,#2475,#6396,.T.) ;
#6434=EDGE_CURVE('',#6431,#6433,#6429,.T.) ;
#6440=EDGE_CURVE('',#6433,#6431,#6439,.T.) ;
#6458=EDGE_CURVE('',#6431,#2525,#6457,.T.) ;
#6463=EDGE_CURVE('',#6433,#2523,#6462,.T.) ;
#6500=EDGE_CURVE('',#6497,#6499,#6495,.T.) ;
#6506=EDGE_CURVE('',#6499,#6497,#6505,.T.) ;
#6524=EDGE_CURVE('',#6497,#2573,#6523,.T.) ;
#6529=EDGE_CURVE('',#6499,#2571,#6528,.T.) ;
#6564=EDGE_CURVE('',#6563,#2772,#6561,.T.) ;
#6572=EDGE_CURVE('',#6571,#6563,#6569,.T.) ;
#6578=EDGE_CURVE('',#2779,#6571,#6577,.T.) ;
#6598=EDGE_CURVE('',#6571,#2834,#6597,.T.) ;
#6603=EDGE_CURVE('',#6563,#2856,#6602,.T.) ;
#6655=EDGE_CURVE('',#6652,#6654,#6650,.T.) ;
#6661=EDGE_CURVE('',#6654,#6652,#6660,.T.) ;
#6679=EDGE_CURVE('',#6652,#2900,#6678,.T.) ;
#6684=EDGE_CURVE('',#6654,#2898,#6683,.T.) ;
#6721=EDGE_CURVE('',#6718,#6720,#6716,.T.) ;
#6727=EDGE_CURVE('',#6720,#6718,#6726,.T.) ;
#6745=EDGE_CURVE('',#6718,#2948,#6744,.T.) ;
#6750=EDGE_CURVE('',#6720,#2946,#6749,.T.) ;
#6787=EDGE_CURVE('',#6784,#6786,#6782,.T.) ;
#6793=EDGE_CURVE('',#6786,#6784,#6792,.T.) ;
#6811=EDGE_CURVE('',#6784,#2996,#6810,.T.) ;
#6816=EDGE_CURVE('',#6786,#2994,#6815,.T.) ;
#6853=EDGE_CURVE('',#6850,#6852,#6848,.T.) ;
#6859=EDGE_CURVE('',#6852,#6850,#6858,.T.) ;
#6877=EDGE_CURVE('',#6850,#3044,#6876,.T.) ;
#6882=EDGE_CURVE('',#6852,#3042,#6881,.T.) ;
#6919=EDGE_CURVE('',#6916,#6918,#6914,.T.) ;
#6925=EDGE_CURVE('',#6918,#6916,#6924,.T.) ;
#6943=EDGE_CURVE('',#6916,#3092,#6942,.T.) ;
#6948=EDGE_CURVE('',#6918,#3090,#6947,.T.) ;
#6983=EDGE_CURVE('',#6982,#3239,#6980,.T.) ;
#6991=EDGE_CURVE('',#6990,#6982,#6988,.T.) ;
#6997=EDGE_CURVE('',#3246,#6990,#6996,.T.) ;
#7017=EDGE_CURVE('',#6990,#4261,#7016,.T.) ;
#7022=EDGE_CURVE('',#6982,#4283,#7021,.T.) ;
#7100=EDGE_CURVE('',#7097,#7099,#7095,.T.) ;
#7107=EDGE_CURVE('',#7097,#7106,#7104,.F.) ;
#7114=EDGE_CURVE('',#7106,#7113,#7111,.T.) ;
#7119=EDGE_CURVE('',#7099,#7113,#7118,.F.) ;
#7131=EDGE_CURVE('',#7099,#7097,#7130,.T.) ;
#7136=EDGE_CURVE('',#7113,#7106,#7135,.T.) ;
#7204=EDGE_CURVE('',#7201,#7203,#7199,.T.) ;
#7211=EDGE_CURVE('',#7201,#7210,#7208,.F.) ;
#7219=EDGE_CURVE('',#7210,#7203,#7212,.T.) ;
#7237=EDGE_CURVE('',#7236,#7201,#7234,.T.) ;
#7286=EDGE_CURVE('',#7203,#7285,#7238,.T.) ;
#7293=EDGE_CURVE('',#7292,#7285,#7290,.T.) ;
#7312=EDGE_CURVE('',#7311,#7292,#7294,.T.) ;
#7326=EDGE_CURVE('',#7311,#7236,#7313,.T.) ;
#7359=EDGE_CURVE('',#7236,#7358,#7341,.T.) ;
#7366=EDGE_CURVE('',#7365,#7358,#7363,.T.) ;
#7374=EDGE_CURVE('',#7210,#7365,#7367,.T.) ;
#7396=EDGE_CURVE('',#7393,#7395,#7391,.T.) ;
#7403=EDGE_CURVE('',#7393,#7402,#7400,.F.) ;
#7410=EDGE_CURVE('',#7402,#7409,#7407,.T.) ;
#7417=EDGE_CURVE('',#7409,#7416,#7414,.T.) ;
#7424=EDGE_CURVE('',#7423,#7416,#7421,.F.) ;
#7431=EDGE_CURVE('',#7430,#7423,#7428,.F.) ;
#7438=EDGE_CURVE('',#7437,#7430,#7435,.T.) ;
#7445=EDGE_CURVE('',#7437,#7444,#7442,.T.) ;
#7452=EDGE_CURVE('',#7451,#7444,#7449,.F.) ;
#7459=EDGE_CURVE('',#7458,#7451,#7456,.T.) ;
#7466=EDGE_CURVE('',#7458,#7465,#7463,.F.) ;
#7473=EDGE_CURVE('',#7472,#7465,#7470,.T.) ;
#7479=EDGE_CURVE('',#7285,#7472,#7474,.T.) ;
#7484=EDGE_CURVE('',#7395,#7365,#7483,.F.) ;
#7514=EDGE_CURVE('',#7292,#7472,#7513,.T.) ;
#7529=EDGE_CURVE('',#7526,#7528,#7524,.T.) ;
#7536=EDGE_CURVE('',#7535,#7526,#7533,.F.) ;
#7541=EDGE_CURVE('',#7451,#7535,#7540,.T.) ;
#7548=EDGE_CURVE('',#7444,#7547,#7545,.T.) ;
#7555=EDGE_CURVE('',#7547,#7554,#7552,.T.) ;
#7562=EDGE_CURVE('',#7561,#7554,#7559,.F.) ;
#7569=EDGE_CURVE('',#7568,#7561,#7566,.F.) ;
#7576=EDGE_CURVE('',#7575,#7568,#7573,.T.) ;
#7581=EDGE_CURVE('',#7575,#7402,#7580,.T.) ;
#7588=EDGE_CURVE('',#7587,#7393,#7585,.T.) ;
#7595=EDGE_CURVE('',#7587,#7594,#7592,.F.) ;
#7603=EDGE_CURVE('',#7602,#7594,#7596,.T.) ;
#7611=EDGE_CURVE('',#7602,#7610,#7604,.T.) ;
#7660=EDGE_CURVE('',#7610,#7659,#7612,.T.) ;
#7666=EDGE_CURVE('',#7659,#7528,#7661,.T.) ;
#7698=EDGE_CURVE('',#7437,#7697,#7695,.T.) ;
#7705=EDGE_CURVE('',#7697,#7704,#7702,.T.) ;
#7710=EDGE_CURVE('',#7704,#7409,#7709,.T.) ;
#7717=EDGE_CURVE('',#7716,#7575,#7714,.T.) ;
#7724=EDGE_CURVE('',#7723,#7716,#7721,.T.) ;
#7729=EDGE_CURVE('',#7547,#7723,#7728,.T.) ;
#7754=EDGE_CURVE('',#7704,#7753,#7751,.T.) ;
#7759=EDGE_CURVE('',#7753,#7416,#7758,.T.) ;
#7778=EDGE_CURVE('',#7777,#7753,#7775,.T.) ;
#7783=EDGE_CURVE('',#7430,#7777,#7782,.T.) ;
#7801=EDGE_CURVE('',#7697,#7777,#7800,.T.) ;
#7820=EDGE_CURVE('',#7526,#7819,#7817,.T.) ;
#7827=EDGE_CURVE('',#7826,#7819,#7824,.T.) ;
#7832=EDGE_CURVE('',#7535,#7826,#7831,.T.) ;
#7853=EDGE_CURVE('',#7850,#7852,#7848,.F.) ;
#7858=EDGE_CURVE('',#7826,#7850,#7857,.T.) ;
#7865=EDGE_CURVE('',#7819,#7864,#7862,.T.) ;
#7881=EDGE_CURVE('',#7864,#7880,#7866,.T.) ;
#7888=EDGE_CURVE('',#7880,#7852,#7882,.T.) ;
#7907=EDGE_CURVE('',#7852,#7594,#7906,.T.) ;
#7912=EDGE_CURVE('',#7850,#7587,#7911,.T.) ;
#7931=EDGE_CURVE('',#7528,#7930,#7928,.T.) ;
#7957=EDGE_CURVE('',#7864,#7930,#7932,.T.) ;
#7972=EDGE_CURVE('',#7723,#7971,#7969,.T.) ;
#7977=EDGE_CURVE('',#7554,#7971,#7976,.T.) ;
#7991=EDGE_CURVE('',#7971,#7990,#7988,.T.) ;
#7996=EDGE_CURVE('',#7990,#7568,#7995,.T.) ;
#8009=EDGE_CURVE('',#7716,#7990,#8008,.T.) ;
#8028=EDGE_CURVE('',#7880,#8027,#8025,.T.) ;
#8033=EDGE_CURVE('',#8027,#7602,#8032,.F.) ;
#8046=EDGE_CURVE('',#8027,#7610,#8045,.T.) ;
#8062=EDGE_CURVE('',#7930,#7659,#8061,.F.) ;
#8108=EDGE_CURVE('',#7465,#8107,#8105,.T.) ;
#8113=EDGE_CURVE('',#8107,#7311,#8112,.F.) ;
#8133=EDGE_CURVE('',#8132,#8107,#8130,.T.) ;
#8140=EDGE_CURVE('',#8132,#8139,#8137,.T.) ;
#8145=EDGE_CURVE('',#8139,#7358,#8144,.T.) ;
#8159=EDGE_CURVE('',#7458,#8132,#8158,.T.) ;
#8176=EDGE_CURVE('',#8139,#7395,#8175,.T.) ;
#8242=EDGE_CURVE('',#8239,#8241,#8237,.T.) ;
#8249=EDGE_CURVE('',#8239,#8248,#8246,.F.) ;
#8256=EDGE_CURVE('',#8248,#8255,#8253,.T.) ;
#8261=EDGE_CURVE('',#8241,#8255,#8260,.F.) ;
#8273=EDGE_CURVE('',#8241,#8239,#8272,.T.) ;
#8278=EDGE_CURVE('',#8255,#8248,#8277,.T.) ;
#8309=EDGE_CURVE('',#8306,#8308,#8304,.T.) ;
#8314=EDGE_CURVE('',#8306,#8239,#8313,.F.) ;
#8321=EDGE_CURVE('',#8320,#8241,#8318,.F.) ;
#8328=EDGE_CURVE('',#8327,#8320,#8325,.T.) ;
#8336=EDGE_CURVE('',#8335,#8327,#8329,.T.) ;
#8352=EDGE_CURVE('',#8351,#8335,#8337,.T.) ;
#8358=EDGE_CURVE('',#8351,#8308,#8353,.T.) ;
#8383=EDGE_CURVE('',#8380,#8382,#8378,.T.) ;
#8388=EDGE_CURVE('',#8380,#8306,#8387,.F.) ;
#8393=EDGE_CURVE('',#8308,#8382,#8392,.T.) ;
#8407=EDGE_CURVE('',#8406,#8320,#8404,.F.) ;
#8414=EDGE_CURVE('',#8413,#8406,#8411,.T.) ;
#8419=EDGE_CURVE('',#8327,#8413,#8418,.T.) ;
#8438=EDGE_CURVE('',#8437,#8351,#8435,.T.) ;
#8443=EDGE_CURVE('',#8437,#8382,#8442,.F.) ;
#8462=EDGE_CURVE('',#8461,#8335,#8459,.T.) ;
#8467=EDGE_CURVE('',#8461,#8437,#8466,.F.) ;
#8484=EDGE_CURVE('',#8413,#8461,#8483,.T.) ;
#8503=EDGE_CURVE('',#8502,#8380,#8500,.T.) ;
#8510=EDGE_CURVE('',#8406,#8509,#8507,.T.) ;
#8517=EDGE_CURVE('',#8509,#8516,#8514,.T.) ;
#8524=EDGE_CURVE('',#8516,#8523,#8521,.F.) ;
#8529=EDGE_CURVE('',#8523,#8502,#8528,.F.) ;
#8549=EDGE_CURVE('',#8320,#8548,#8546,.T.) ;
#8556=EDGE_CURVE('',#8555,#8306,#8553,.T.) ;
#8564=EDGE_CURVE('',#8563,#8555,#8557,.T.) ;
#8580=EDGE_CURVE('',#8563,#8579,#8565,.T.) ;
#8586=EDGE_CURVE('',#8579,#8548,#8581,.T.) ;
#8602=EDGE_CURVE('',#8548,#8509,#8601,.T.) ;
#8614=EDGE_CURVE('',#8555,#8502,#8613,.T.) ;
#8626=EDGE_CURVE('',#8523,#8563,#8625,.T.) ;
#8643=EDGE_CURVE('',#8516,#8579,#8642,.T.) ;
#8698=EDGE_CURVE('',#8695,#8697,#8693,.T.) ;
#8705=EDGE_CURVE('',#8695,#8704,#8702,.F.) ;
#8712=EDGE_CURVE('',#8704,#8711,#8709,.T.) ;
#8717=EDGE_CURVE('',#8697,#8711,#8716,.F.) ;
#8729=EDGE_CURVE('',#8697,#8695,#8728,.T.) ;
#8734=EDGE_CURVE('',#8711,#8704,#8733,.T.) ;
#8802=EDGE_CURVE('',#8799,#8801,#8797,.F.) ;
#8809=EDGE_CURVE('',#8799,#8808,#8806,.T.) ;
#8816=EDGE_CURVE('',#8808,#8815,#8813,.F.) ;
#8821=EDGE_CURVE('',#8801,#8815,#8820,.T.) ;
#8833=EDGE_CURVE('',#8801,#8799,#8832,.F.) ;
#8838=EDGE_CURVE('',#8815,#8808,#8837,.F.) ;
#8906=EDGE_CURVE('',#8903,#8905,#8901,.F.) ;
#8913=EDGE_CURVE('',#8903,#8912,#8910,.T.) ;
#8920=EDGE_CURVE('',#8912,#8919,#8917,.F.) ;
#8925=EDGE_CURVE('',#8905,#8919,#8924,.T.) ;
#8937=EDGE_CURVE('',#8905,#8903,#8936,.F.) ;
#8942=EDGE_CURVE('',#8919,#8912,#8941,.F.) ;
#9010=EDGE_CURVE('',#9007,#9009,#9005,.T.) ;
#9017=EDGE_CURVE('',#9009,#9016,#9014,.F.) ;
#9022=EDGE_CURVE('',#9007,#9016,#9021,.T.) ;
#9033=EDGE_CURVE('',#9016,#9009,#9032,.F.) ;
#9090=EDGE_CURVE('',#9087,#9089,#9085,.T.) ;
#9097=EDGE_CURVE('',#9096,#9089,#9094,.F.) ;
#9102=EDGE_CURVE('',#9087,#9096,#9101,.T.) ;
#9113=EDGE_CURVE('',#9089,#9096,#9112,.F.) ;
#9131=EDGE_CURVE('',#9089,#9130,#9128,.T.) ;
#9138=EDGE_CURVE('',#9137,#9130,#9135,.T.) ;
#9143=EDGE_CURVE('',#9096,#9137,#9142,.T.) ;
#9155=EDGE_CURVE('',#9130,#9137,#9154,.T.) ;
#9174=EDGE_CURVE('',#9130,#9173,#9171,.F.) ;
#9179=EDGE_CURVE('',#9137,#9173,#9178,.F.) ;
#96=EDGE_LOOP('',(#97,#98,#99,#100)) ;
#141=EDGE_LOOP('',(#142,#143,#144,#145,#146,#147)) ;
#188=EDGE_LOOP('',(#189,#190,#191,#192,#193,#194)) ;
#212=EDGE_LOOP('',(#213,#214,#215,#216)) ;
#229=EDGE_LOOP('',(#230,#231,#232,#233)) ;
#246=EDGE_LOOP('',(#247,#248,#249,#250)) ;
#300=EDGE_LOOP('',(#301,#302,#303,#304,#305,#306)) ;
#352=EDGE_LOOP('',(#353,#354)) ;
#400=EDGE_LOOP('',(#401,#402)) ;
#448=EDGE_LOOP('',(#449,#450)) ;
#491=EDGE_LOOP('',(#492,#493,#494,#495,#496,#497)) ;
#571=EDGE_LOOP('',(#572,#573,#574,#575,#576,#577,#578,#579,#580,#581)) ;
#627=EDGE_LOOP('',(#628,#629)) ;
#675=EDGE_LOOP('',(#676,#677)) ;
#851=EDGE_LOOP('',(#852,#853,#854,#855,#856,#857,#858,#859,#860,#861,#862,#863,#864,#865,#866,#867,#868,#869,#870,#871,#872,#873,#874,#875,#876,#877)) ;
#926=EDGE_LOOP('',(#927,#928,#929,#930,#931,#932,#933,#934,#935,#936)) ;
#956=EDGE_LOOP('',(#957,#958,#959,#960)) ;
#975=EDGE_LOOP('',(#976,#977,#978,#979)) ;
#1046=EDGE_LOOP('',(#1047,#1048,#1049,#1050,#1051,#1052,#1053,#1054,#1055,#1056,#1057,#1058,#1059,#1060)) ;
#1083=EDGE_LOOP('',(#1084,#1085,#1086,#1087)) ;
#1186=EDGE_LOOP('',(#1187,#1188,#1189,#1190,#1191,#1192,#1193,#1194,#1195,#1196,#1197,#1198,#1199,#1200)) ;
#1270=EDGE_LOOP('',(#1271,#1272,#1273,#1274,#1275,#1276,#1277,#1278,#1279,#1280,#1281,#1282)) ;
#1328=EDGE_LOOP('',(#1329,#1330)) ;
#1376=EDGE_LOOP('',(#1377,#1378)) ;
#1424=EDGE_LOOP('',(#1425,#1426)) ;
#1472=EDGE_LOOP('',(#1473,#1474)) ;
#1520=EDGE_LOOP('',(#1521,#1522)) ;
#1578=EDGE_LOOP('',(#1579,#1580,#1581,#1582,#1583,#1584,#1585,#1586,#1587,#1588)) ;
#1611=EDGE_LOOP('',(#1612,#1613,#1614,#1615)) ;
#1714=EDGE_LOOP('',(#1715,#1716,#1717,#1718,#1719,#1720,#1721,#1722,#1723,#1724,#1725,#1726,#1727,#1728)) ;
#1798=EDGE_LOOP('',(#1799,#1800,#1801,#1802,#1803,#1804,#1805,#1806,#1807,#1808,#1809,#1810)) ;
#1856=EDGE_LOOP('',(#1857,#1858)) ;
#1904=EDGE_LOOP('',(#1905,#1906)) ;
#1952=EDGE_LOOP('',(#1953,#1954)) ;
#2000=EDGE_LOOP('',(#2001,#2002)) ;
#2048=EDGE_LOOP('',(#2049,#2050)) ;
#2106=EDGE_LOOP('',(#2107,#2108,#2109,#2110,#2111,#2112,#2113,#2114,#2115,#2116)) ;
#2139=EDGE_LOOP('',(#2140,#2141,#2142,#2143)) ;
#2242=EDGE_LOOP('',(#2243,#2244,#2245,#2246,#2247,#2248,#2249,#2250,#2251,#2252,#2253,#2254,#2255,#2256)) ;
#2312=EDGE_LOOP('',(#2313,#2314,#2315,#2316,#2317,#2318,#2319,#2320,#2321,#2322)) ;
#2368=EDGE_LOOP('',(#2369,#2370)) ;
#2416=EDGE_LOOP('',(#2417,#2418)) ;
#2447=EDGE_LOOP('',(#2448,#2449,#2450,#2451,#2452,#2453)) ;
#2499=EDGE_LOOP('',(#2500,#2501)) ;
#2547=EDGE_LOOP('',(#2548,#2549)) ;
#2595=EDGE_LOOP('',(#2596,#2597)) ;
#2653=EDGE_LOOP('',(#2654,#2655,#2656,#2657,#2658,#2659,#2660,#2661,#2662,#2663)) ;
#2686=EDGE_LOOP('',(#2687,#2688,#2689,#2690)) ;
#2789=EDGE_LOOP('',(#2790,#2791,#2792,#2793,#2794,#2795,#2796,#2797,#2798,#2799,#2800,#2801,#2802,#2803)) ;
#2864=EDGE_LOOP('',(#2865,#2866,#2867,#2868,#2869,#2870,#2871,#2872,#2873,#2874,#2875,#2876)) ;
#2922=EDGE_LOOP('',(#2923,#2924)) ;
#2970=EDGE_LOOP('',(#2971,#2972)) ;
#3018=EDGE_LOOP('',(#3019,#3020)) ;
#3066=EDGE_LOOP('',(#3067,#3068)) ;
#3114=EDGE_LOOP('',(#3115,#3116)) ;
#3148=EDGE_LOOP('',(#3149,#3150,#3151,#3152,#3153,#3154,#3155,#3156,#3157,#3158)) ;
#3181=EDGE_LOOP('',(#3182,#3183,#3184,#3185)) ;
#3256=EDGE_LOOP('',(#3257,#3258,#3259,#3260,#3261,#3262,#3263,#3264,#3265,#3266,#3267,#3268,#3269,#3270)) ;
#3342=EDGE_LOOP('',(#3343,#3344,#3345,#3346,#3347,#3348,#3349,#3350,#3351,#3352)) ;
#3368=EDGE_LOOP('',(#3369,#3370,#3371,#3372)) ;
#3416=EDGE_LOOP('',(#3417,#3418,#3419,#3420,#3421,#3422,#3423,#3424,#3425,#3426,#3427,#3428,#3429,#3430,#3431,#3432)) ;
#3455=EDGE_LOOP('',(#3456,#3457,#3458,#3459,#3460,#3461,#3462,#3463,#3464,#3465,#3466,#3467,#3468,#3469,#3470,#3471)) ;
#3479=EDGE_LOOP('',(#3480,#3481,#3482,#3483)) ;
#3486=EDGE_LOOP('',(#3487,#3488,#3489,#3490)) ;
#3498=EDGE_LOOP('',(#3499,#3500,#3501,#3502)) ;
#3505=EDGE_LOOP('',(#3506,#3507,#3508,#3509)) ;
#3524=EDGE_LOOP('',(#3525,#3526,#3527,#3528,#3529,#3530)) ;
#3538=EDGE_LOOP('',(#3539,#3540,#3541,#3542)) ;
#3545=EDGE_LOOP('',(#3546,#3547,#3548,#3549)) ;
#3557=EDGE_LOOP('',(#3558,#3559,#3560,#3561)) ;
#3564=EDGE_LOOP('',(#3565,#3566,#3567,#3568)) ;
#3581=EDGE_LOOP('',(#3582,#3583,#3584,#3585)) ;
#3588=EDGE_LOOP('',(#3589,#3590,#3591,#3592)) ;
#3600=EDGE_LOOP('',(#3601,#3602)) ;
#3620=EDGE_LOOP('',(#3621,#3622,#3623,#3624)) ;
#3651=EDGE_LOOP('',(#3652,#3653,#3654,#3655,#3656,#3657)) ;
#3679=EDGE_LOOP('',(#3680,#3681,#3682,#3683,#3684,#3685)) ;
#3703=EDGE_LOOP('',(#3704,#3705,#3706,#3707)) ;
#3715=EDGE_LOOP('',(#3716,#3717,#3718,#3719)) ;
#3732=EDGE_LOOP('',(#3733,#3734,#3735,#3736)) ;
#3754=EDGE_LOOP('',(#3755,#3756,#3757,#3758)) ;
#3785=EDGE_LOOP('',(#3786,#3787,#3788,#3789,#3790,#3791)) ;
#3813=EDGE_LOOP('',(#3814,#3815,#3816,#3817,#3818,#3819)) ;
#3837=EDGE_LOOP('',(#3838,#3839,#3840,#3841)) ;
#3849=EDGE_LOOP('',(#3850,#3851,#3852,#3853)) ;
#3861=EDGE_LOOP('',(#3862,#3863,#3864,#3865)) ;
#3883=EDGE_LOOP('',(#3884,#3885,#3886,#3887)) ;
#3914=EDGE_LOOP('',(#3915,#3916,#3917,#3918,#3919,#3920)) ;
#3942=EDGE_LOOP('',(#3943,#3944,#3945,#3946,#3947,#3948)) ;
#3966=EDGE_LOOP('',(#3967,#3968,#3969,#3970)) ;
#3978=EDGE_LOOP('',(#3979,#3980,#3981,#3982)) ;
#3990=EDGE_LOOP('',(#3991,#3992,#3993,#3994)) ;
#4012=EDGE_LOOP('',(#4013,#4014,#4015,#4016)) ;
#4043=EDGE_LOOP('',(#4044,#4045,#4046,#4047,#4048,#4049)) ;
#4071=EDGE_LOOP('',(#4072,#4073,#4074,#4075,#4076,#4077)) ;
#4095=EDGE_LOOP('',(#4096,#4097,#4098,#4099)) ;
#4107=EDGE_LOOP('',(#4108,#4109,#4110,#4111)) ;
#4119=EDGE_LOOP('',(#4120,#4121,#4122,#4123)) ;
#4141=EDGE_LOOP('',(#4142,#4143,#4144,#4145)) ;
#4172=EDGE_LOOP('',(#4173,#4174,#4175,#4176,#4177,#4178)) ;
#4200=EDGE_LOOP('',(#4201,#4202,#4203,#4204,#4205,#4206)) ;
#4224=EDGE_LOOP('',(#4225,#4226,#4227,#4228)) ;
#4236=EDGE_LOOP('',(#4237,#4238,#4239,#4240)) ;
#4248=EDGE_LOOP('',(#4249,#4250,#4251,#4252)) ;
#4291=EDGE_LOOP('',(#4292,#4293,#4294,#4295,#4296,#4297,#4298,#4299,#4300,#4301,#4302,#4303)) ;
#4349=EDGE_LOOP('',(#4350,#4351)) ;
#4397=EDGE_LOOP('',(#4398,#4399)) ;
#4445=EDGE_LOOP('',(#4446,#4447)) ;
#4493=EDGE_LOOP('',(#4494,#4495)) ;
#4541=EDGE_LOOP('',(#4542,#4543)) ;
#4567=EDGE_LOOP('',(#4568,#4569)) ;
#4590=EDGE_LOOP('',(#4591,#4592,#4593,#4594)) ;
#4605=EDGE_LOOP('',(#4606,#4607,#4608,#4609)) ;
#4633=EDGE_LOOP('',(#4634,#4635)) ;
#4656=EDGE_LOOP('',(#4657,#4658,#4659,#4660)) ;
#4671=EDGE_LOOP('',(#4672,#4673,#4674,#4675)) ;
#4699=EDGE_LOOP('',(#4700,#4701)) ;
#4722=EDGE_LOOP('',(#4723,#4724,#4725,#4726)) ;
#4737=EDGE_LOOP('',(#4738,#4739,#4740,#4741)) ;
#4765=EDGE_LOOP('',(#4766,#4767)) ;
#4788=EDGE_LOOP('',(#4789,#4790,#4791,#4792)) ;
#4803=EDGE_LOOP('',(#4804,#4805,#4806,#4807)) ;
#4831=EDGE_LOOP('',(#4832,#4833)) ;
#4854=EDGE_LOOP('',(#4855,#4856,#4857,#4858)) ;
#4869=EDGE_LOOP('',(#4870,#4871,#4872,#4873)) ;
#4903=EDGE_LOOP('',(#4904,#4905,#4906,#4907)) ;
#4928=EDGE_LOOP('',(#4929,#4930,#4931,#4932)) ;
#4943=EDGE_LOOP('',(#4944,#4945,#4946,#4947)) ;
#4958=EDGE_LOOP('',(#4959,#4960,#4961,#4962)) ;
#4986=EDGE_LOOP('',(#4987,#4988)) ;
#5009=EDGE_LOOP('',(#5010,#5011,#5012,#5013)) ;
#5024=EDGE_LOOP('',(#5025,#5026,#5027,#5028)) ;
#5052=EDGE_LOOP('',(#5053,#5054)) ;
#5075=EDGE_LOOP('',(#5076,#5077,#5078,#5079)) ;
#5090=EDGE_LOOP('',(#5091,#5092,#5093,#5094)) ;
#5118=EDGE_LOOP('',(#5119,#5120)) ;
#5141=EDGE_LOOP('',(#5142,#5143,#5144,#5145)) ;
#5156=EDGE_LOOP('',(#5157,#5158,#5159,#5160)) ;
#5184=EDGE_LOOP('',(#5185,#5186)) ;
#5207=EDGE_LOOP('',(#5208,#5209,#5210,#5211)) ;
#5222=EDGE_LOOP('',(#5223,#5224,#5225,#5226)) ;
#5250=EDGE_LOOP('',(#5251,#5252)) ;
#5273=EDGE_LOOP('',(#5274,#5275,#5276,#5277)) ;
#5288=EDGE_LOOP('',(#5289,#5290,#5291,#5292)) ;
#5322=EDGE_LOOP('',(#5323,#5324,#5325,#5326)) ;
#5347=EDGE_LOOP('',(#5348,#5349,#5350,#5351)) ;
#5362=EDGE_LOOP('',(#5363,#5364,#5365,#5366)) ;
#5377=EDGE_LOOP('',(#5378,#5379,#5380,#5381)) ;
#5405=EDGE_LOOP('',(#5406,#5407)) ;
#5428=EDGE_LOOP('',(#5429,#5430,#5431,#5432)) ;
#5443=EDGE_LOOP('',(#5444,#5445,#5446,#5447)) ;
#5471=EDGE_LOOP('',(#5472,#5473)) ;
#5494=EDGE_LOOP('',(#5495,#5496,#5497,#5498)) ;
#5509=EDGE_LOOP('',(#5510,#5511,#5512,#5513)) ;
#5537=EDGE_LOOP('',(#5538,#5539)) ;
#5560=EDGE_LOOP('',(#5561,#5562,#5563,#5564)) ;
#5575=EDGE_LOOP('',(#5576,#5577,#5578,#5579)) ;
#5603=EDGE_LOOP('',(#5604,#5605)) ;
#5626=EDGE_LOOP('',(#5627,#5628,#5629,#5630)) ;
#5641=EDGE_LOOP('',(#5642,#5643,#5644,#5645)) ;
#5669=EDGE_LOOP('',(#5670,#5671)) ;
#5692=EDGE_LOOP('',(#5693,#5694,#5695,#5696)) ;
#5707=EDGE_LOOP('',(#5708,#5709,#5710,#5711)) ;
#5741=EDGE_LOOP('',(#5742,#5743,#5744,#5745)) ;
#5766=EDGE_LOOP('',(#5767,#5768,#5769,#5770)) ;
#5781=EDGE_LOOP('',(#5782,#5783,#5784,#5785)) ;
#5796=EDGE_LOOP('',(#5797,#5798,#5799,#5800)) ;
#5824=EDGE_LOOP('',(#5825,#5826)) ;
#5847=EDGE_LOOP('',(#5848,#5849,#5850,#5851)) ;
#5862=EDGE_LOOP('',(#5863,#5864,#5865,#5866)) ;
#5890=EDGE_LOOP('',(#5891,#5892)) ;
#5913=EDGE_LOOP('',(#5914,#5915,#5916,#5917)) ;
#5928=EDGE_LOOP('',(#5929,#5930,#5931,#5932)) ;
#5956=EDGE_LOOP('',(#5957,#5958)) ;
#5979=EDGE_LOOP('',(#5980,#5981,#5982,#5983)) ;
#5994=EDGE_LOOP('',(#5995,#5996,#5997,#5998)) ;
#6022=EDGE_LOOP('',(#6023,#6024)) ;
#6045=EDGE_LOOP('',(#6046,#6047,#6048,#6049)) ;
#6060=EDGE_LOOP('',(#6061,#6062,#6063,#6064)) ;
#6088=EDGE_LOOP('',(#6089,#6090)) ;
#6111=EDGE_LOOP('',(#6112,#6113,#6114,#6115)) ;
#6126=EDGE_LOOP('',(#6127,#6128,#6129,#6130)) ;
#6160=EDGE_LOOP('',(#6161,#6162,#6163,#6164)) ;
#6185=EDGE_LOOP('',(#6186,#6187,#6188,#6189)) ;
#6200=EDGE_LOOP('',(#6201,#6202,#6203,#6204)) ;
#6215=EDGE_LOOP('',(#6216,#6217,#6218,#6219)) ;
#6243=EDGE_LOOP('',(#6244,#6245)) ;
#6266=EDGE_LOOP('',(#6267,#6268,#6269,#6270)) ;
#6281=EDGE_LOOP('',(#6282,#6283,#6284,#6285)) ;
#6309=EDGE_LOOP('',(#6310,#6311)) ;
#6332=EDGE_LOOP('',(#6333,#6334,#6335,#6336)) ;
#6347=EDGE_LOOP('',(#6348,#6349,#6350,#6351)) ;
#6375=EDGE_LOOP('',(#6376,#6377)) ;
#6398=EDGE_LOOP('',(#6399,#6400,#6401,#6402)) ;
#6413=EDGE_LOOP('',(#6414,#6415,#6416,#6417)) ;
#6441=EDGE_LOOP('',(#6442,#6443)) ;
#6464=EDGE_LOOP('',(#6465,#6466,#6467,#6468)) ;
#6479=EDGE_LOOP('',(#6480,#6481,#6482,#6483)) ;
#6507=EDGE_LOOP('',(#6508,#6509)) ;
#6530=EDGE_LOOP('',(#6531,#6532,#6533,#6534)) ;
#6545=EDGE_LOOP('',(#6546,#6547,#6548,#6549)) ;
#6579=EDGE_LOOP('',(#6580,#6581,#6582,#6583)) ;
#6604=EDGE_LOOP('',(#6605,#6606,#6607,#6608)) ;
#6619=EDGE_LOOP('',(#6620,#6621,#6622,#6623)) ;
#6634=EDGE_LOOP('',(#6635,#6636,#6637,#6638)) ;
#6662=EDGE_LOOP('',(#6663,#6664)) ;
#6685=EDGE_LOOP('',(#6686,#6687,#6688,#6689)) ;
#6700=EDGE_LOOP('',(#6701,#6702,#6703,#6704)) ;
#6728=EDGE_LOOP('',(#6729,#6730)) ;
#6751=EDGE_LOOP('',(#6752,#6753,#6754,#6755)) ;
#6766=EDGE_LOOP('',(#6767,#6768,#6769,#6770)) ;
#6794=EDGE_LOOP('',(#6795,#6796)) ;
#6817=EDGE_LOOP('',(#6818,#6819,#6820,#6821)) ;
#6832=EDGE_LOOP('',(#6833,#6834,#6835,#6836)) ;
#6860=EDGE_LOOP('',(#6861,#6862)) ;
#6883=EDGE_LOOP('',(#6884,#6885,#6886,#6887)) ;
#6898=EDGE_LOOP('',(#6899,#6900,#6901,#6902)) ;
#6926=EDGE_LOOP('',(#6927,#6928)) ;
#6949=EDGE_LOOP('',(#6950,#6951,#6952,#6953)) ;
#6964=EDGE_LOOP('',(#6965,#6966,#6967,#6968)) ;
#6998=EDGE_LOOP('',(#6999,#7000,#7001,#7002)) ;
#7023=EDGE_LOOP('',(#7024,#7025,#7026,#7027)) ;
#7038=EDGE_LOOP('',(#7039,#7040,#7041,#7042)) ;
#7053=EDGE_LOOP('',(#7054,#7055,#7056,#7057)) ;
#7120=EDGE_LOOP('',(#7121,#7122,#7123,#7124)) ;
#7137=EDGE_LOOP('',(#7138,#7139,#7140,#7141)) ;
#7149=EDGE_LOOP('',(#7150,#7151)) ;
#7159=EDGE_LOOP('',(#7160,#7161)) ;
#7220=EDGE_LOOP('',(#7221,#7222,#7223)) ;
#7327=EDGE_LOOP('',(#7328,#7329,#7330,#7331,#7332,#7333)) ;
#7375=EDGE_LOOP('',(#7376,#7377,#7378,#7379,#7380)) ;
#7485=EDGE_LOOP('',(#7486,#7487,#7488,#7489,#7490,#7491,#7492,#7493,#7494,#7495,#7496,#7497,#7498,#7499,#7500,#7501,#7502)) ;
#7515=EDGE_LOOP('',(#7516,#7517,#7518)) ;
#7667=EDGE_LOOP('',(#7668,#7669,#7670,#7671,#7672,#7673,#7674,#7675,#7676,#7677,#7678,#7679,#7680,#7681,#7682,#7683,#7684)) ;
#7730=EDGE_LOOP('',(#7731,#7732,#7733,#7734,#7735,#7736,#7737,#7738,#7739,#7740)) ;
#7760=EDGE_LOOP('',(#7761,#7762,#7763,#7764)) ;
#7784=EDGE_LOOP('',(#7785,#7786,#7787,#7788,#7789)) ;
#7802=EDGE_LOOP('',(#7803,#7804,#7805,#7806)) ;
#7833=EDGE_LOOP('',(#7834,#7835,#7836,#7837)) ;
#7889=EDGE_LOOP('',(#7890,#7891,#7892,#7893,#7894,#7895)) ;
#7913=EDGE_LOOP('',(#7914,#7915,#7916,#7917)) ;
#7958=EDGE_LOOP('',(#7959,#7960,#7961,#7962,#7963)) ;
#7978=EDGE_LOOP('',(#7979,#7980,#7981,#7982)) ;
#7997=EDGE_LOOP('',(#7998,#7999,#8000,#8001,#8002)) ;
#8010=EDGE_LOOP('',(#8011,#8012,#8013,#8014)) ;
#8034=EDGE_LOOP('',(#8035,#8036,#8037,#8038,#8039)) ;
#8047=EDGE_LOOP('',(#8048,#8049,#8050)) ;
#8063=EDGE_LOOP('',(#8064,#8065,#8066,#8067,#8068,#8069)) ;
#8072=EDGE_LOOP('',(#8073,#8074,#8075)) ;
#8083=EDGE_LOOP('',(#8084,#8085,#8086,#8087)) ;
#8095=EDGE_LOOP('',(#8096,#8097,#8098,#8099)) ;
#8114=EDGE_LOOP('',(#8115,#8116,#8117,#8118,#8119)) ;
#8146=EDGE_LOOP('',(#8147,#8148,#8149,#8150,#8151,#8152)) ;
#8160=EDGE_LOOP('',(#8161,#8162,#8163,#8164)) ;
#8177=EDGE_LOOP('',(#8178,#8179,#8180,#8181)) ;
#8189=EDGE_LOOP('',(#8190,#8191,#8192,#8193,#8194,#8195,#8196,#8197,#8198,#8199)) ;
#8262=EDGE_LOOP('',(#8263,#8264,#8265,#8266)) ;
#8279=EDGE_LOOP('',(#8280,#8281,#8282,#8283)) ;
#8291=EDGE_LOOP('',(#8292,#8293)) ;
#8359=EDGE_LOOP('',(#8360,#8361,#8362,#8363,#8364,#8365,#8366,#8367)) ;
#8394=EDGE_LOOP('',(#8395,#8396,#8397,#8398)) ;
#8420=EDGE_LOOP('',(#8421,#8422,#8423,#8424)) ;
#8444=EDGE_LOOP('',(#8445,#8446,#8447,#8448)) ;
#8468=EDGE_LOOP('',(#8469,#8470,#8471,#8472)) ;
#8485=EDGE_LOOP('',(#8486,#8487,#8488,#8489)) ;
#8530=EDGE_LOOP('',(#8531,#8532,#8533,#8534,#8535,#8536,#8537,#8538,#8539,#8540)) ;
#8587=EDGE_LOOP('',(#8588,#8589,#8590,#8591,#8592,#8593,#8594,#8595)) ;
#8603=EDGE_LOOP('',(#8604,#8605,#8606,#8607)) ;
#8615=EDGE_LOOP('',(#8616,#8617,#8618,#8619)) ;
#8627=EDGE_LOOP('',(#8628,#8629,#8630,#8631)) ;
#8644=EDGE_LOOP('',(#8645,#8646,#8647,#8648)) ;
#8651=EDGE_LOOP('',(#8652,#8653,#8654,#8655)) ;
#8718=EDGE_LOOP('',(#8719,#8720,#8721,#8722)) ;
#8735=EDGE_LOOP('',(#8736,#8737,#8738,#8739)) ;
#8747=EDGE_LOOP('',(#8748,#8749)) ;
#8757=EDGE_LOOP('',(#8758,#8759)) ;
#8822=EDGE_LOOP('',(#8823,#8824,#8825,#8826)) ;
#8839=EDGE_LOOP('',(#8840,#8841,#8842,#8843)) ;
#8851=EDGE_LOOP('',(#8852,#8853)) ;
#8861=EDGE_LOOP('',(#8862,#8863)) ;
#8926=EDGE_LOOP('',(#8927,#8928,#8929,#8930)) ;
#8943=EDGE_LOOP('',(#8944,#8945,#8946,#8947)) ;
#8955=EDGE_LOOP('',(#8956,#8957)) ;
#8965=EDGE_LOOP('',(#8966,#8967)) ;
#9023=EDGE_LOOP('',(#9024,#9025,#9026)) ;
#9034=EDGE_LOOP('',(#9035,#9036,#9037)) ;
#9045=EDGE_LOOP('',(#9046,#9047)) ;
#9103=EDGE_LOOP('',(#9104,#9105,#9106)) ;
#9114=EDGE_LOOP('',(#9115,#9116,#9117)) ;
#9144=EDGE_LOOP('',(#9145,#9146,#9147,#9148)) ;
#9156=EDGE_LOOP('',(#9157,#9158,#9159,#9160)) ;
#9180=EDGE_LOOP('',(#9181,#9182,#9183)) ;
#9186=EDGE_LOOP('',(#9187,#9188,#9189)) ;
#4555=ELLIPSE('Ellipse',#4554,6.5,2.6490108692) ;
#4565=ELLIPSE('Ellipse',#4564,6.5,2.6490108692) ;
#4576=ELLIPSE('Ellipse',#4575,6.5,2.6490108692) ;
#4601=ELLIPSE('Ellipse',#4600,6.5,2.6490108692) ;
#4621=ELLIPSE('Ellipse',#4620,6.5,2.6490108692) ;
#4631=ELLIPSE('Ellipse',#4630,6.5,2.6490108692) ;
#4642=ELLIPSE('Ellipse',#4641,6.5,2.6490108692) ;
#4667=ELLIPSE('Ellipse',#4666,6.5,2.6490108692) ;
#4687=ELLIPSE('Ellipse',#4686,6.5,2.6490108692) ;
#4697=ELLIPSE('Ellipse',#4696,6.5,2.6490108692) ;
#4708=ELLIPSE('Ellipse',#4707,6.5,2.6490108692) ;
#4733=ELLIPSE('Ellipse',#4732,6.5,2.6490108692) ;
#4753=ELLIPSE('Ellipse',#4752,6.5,2.6490108692) ;
#4763=ELLIPSE('Ellipse',#4762,6.5,2.6490108692) ;
#4774=ELLIPSE('Ellipse',#4773,6.5,2.6490108692) ;
#4799=ELLIPSE('Ellipse',#4798,6.5,2.6490108692) ;
#4819=ELLIPSE('Ellipse',#4818,6.5,2.6490108692) ;
#4829=ELLIPSE('Ellipse',#4828,6.5,2.6490108692) ;
#4840=ELLIPSE('Ellipse',#4839,6.5,2.6490108692) ;
#4865=ELLIPSE('Ellipse',#4864,6.5,2.6490108692) ;
#4885=ELLIPSE('Ellipse',#4884,6.5,2.6490108692) ;
#4893=ELLIPSE('Ellipse',#4892,6.5,2.6490108692) ;
#4901=ELLIPSE('Ellipse',#4900,6.5,2.6490108692) ;
#4914=ELLIPSE('Ellipse',#4913,6.5,2.6490108692) ;
#4939=ELLIPSE('Ellipse',#4938,6.5,2.6490108692) ;
#4954=ELLIPSE('Ellipse',#4953,6.5,2.6490108692) ;
#4974=ELLIPSE('Ellipse',#4973,6.5,2.6490108692) ;
#4984=ELLIPSE('Ellipse',#4983,6.5,2.6490108692) ;
#4995=ELLIPSE('Ellipse',#4994,6.5,2.6490108692) ;
#5020=ELLIPSE('Ellipse',#5019,6.5,2.6490108692) ;
#5040=ELLIPSE('Ellipse',#5039,6.5,2.6490108692) ;
#5050=ELLIPSE('Ellipse',#5049,6.5,2.6490108692) ;
#5061=ELLIPSE('Ellipse',#5060,6.5,2.6490108692) ;
#5086=ELLIPSE('Ellipse',#5085,6.5,2.6490108692) ;
#5106=ELLIPSE('Ellipse',#5105,6.5,2.6490108692) ;
#5116=ELLIPSE('Ellipse',#5115,6.5,2.6490108692) ;
#5127=ELLIPSE('Ellipse',#5126,6.5,2.6490108692) ;
#5152=ELLIPSE('Ellipse',#5151,6.5,2.6490108692) ;
#5172=ELLIPSE('Ellipse',#5171,6.5,2.6490108692) ;
#5182=ELLIPSE('Ellipse',#5181,6.5,2.6490108692) ;
#5193=ELLIPSE('Ellipse',#5192,6.5,2.6490108692) ;
#5218=ELLIPSE('Ellipse',#5217,6.5,2.6490108692) ;
#5238=ELLIPSE('Ellipse',#5237,6.5,2.6490108692) ;
#5248=ELLIPSE('Ellipse',#5247,6.5,2.6490108692) ;
#5259=ELLIPSE('Ellipse',#5258,6.5,2.6490108692) ;
#5284=ELLIPSE('Ellipse',#5283,6.5,2.6490108692) ;
#5304=ELLIPSE('Ellipse',#5303,6.5,2.6490108692) ;
#5312=ELLIPSE('Ellipse',#5311,6.5,2.6490108692) ;
#5320=ELLIPSE('Ellipse',#5319,6.5,2.6490108692) ;
#5333=ELLIPSE('Ellipse',#5332,6.5,2.6490108692) ;
#5358=ELLIPSE('Ellipse',#5357,6.5,2.6490108692) ;
#5373=ELLIPSE('Ellipse',#5372,6.5,2.6490108692) ;
#5393=ELLIPSE('Ellipse',#5392,6.5,2.6490108692) ;
#5403=ELLIPSE('Ellipse',#5402,6.5,2.6490108692) ;
#5414=ELLIPSE('Ellipse',#5413,6.5,2.6490108692) ;
#5439=ELLIPSE('Ellipse',#5438,6.5,2.6490108692) ;
#5459=ELLIPSE('Ellipse',#5458,6.5,2.6490108692) ;
#5469=ELLIPSE('Ellipse',#5468,6.5,2.6490108692) ;
#5480=ELLIPSE('Ellipse',#5479,6.5,2.6490108692) ;
#5505=ELLIPSE('Ellipse',#5504,6.5,2.6490108692) ;
#5525=ELLIPSE('Ellipse',#5524,6.5,2.6490108692) ;
#5535=ELLIPSE('Ellipse',#5534,6.5,2.6490108692) ;
#5546=ELLIPSE('Ellipse',#5545,6.5,2.6490108692) ;
#5571=ELLIPSE('Ellipse',#5570,6.5,2.6490108692) ;
#5591=ELLIPSE('Ellipse',#5590,6.5,2.6490108692) ;
#5601=ELLIPSE('Ellipse',#5600,6.5,2.6490108692) ;
#5612=ELLIPSE('Ellipse',#5611,6.5,2.6490108692) ;
#5637=ELLIPSE('Ellipse',#5636,6.5,2.6490108692) ;
#5657=ELLIPSE('Ellipse',#5656,6.5,2.6490108692) ;
#5667=ELLIPSE('Ellipse',#5666,6.5,2.6490108692) ;
#5678=ELLIPSE('Ellipse',#5677,6.5,2.6490108692) ;
#5703=ELLIPSE('Ellipse',#5702,6.5,2.6490108692) ;
#5723=ELLIPSE('Ellipse',#5722,6.5,2.6490108692) ;
#5731=ELLIPSE('Ellipse',#5730,6.5,2.6490108692) ;
#5739=ELLIPSE('Ellipse',#5738,6.5,2.6490108692) ;
#5752=ELLIPSE('Ellipse',#5751,6.5,2.6490108692) ;
#5777=ELLIPSE('Ellipse',#5776,6.5,2.6490108692) ;
#5792=ELLIPSE('Ellipse',#5791,6.5,2.6490108692) ;
#5812=ELLIPSE('Ellipse',#5811,6.5,2.6490108692) ;
#5822=ELLIPSE('Ellipse',#5821,6.5,2.6490108692) ;
#5833=ELLIPSE('Ellipse',#5832,6.5,2.6490108692) ;
#5858=ELLIPSE('Ellipse',#5857,6.5,2.6490108692) ;
#5878=ELLIPSE('Ellipse',#5877,6.5,2.6490108692) ;
#5888=ELLIPSE('Ellipse',#5887,6.5,2.6490108692) ;
#5899=ELLIPSE('Ellipse',#5898,6.5,2.6490108692) ;
#5924=ELLIPSE('Ellipse',#5923,6.5,2.6490108692) ;
#5944=ELLIPSE('Ellipse',#5943,6.5,2.6490108692) ;
#5954=ELLIPSE('Ellipse',#5953,6.5,2.6490108692) ;
#5965=ELLIPSE('Ellipse',#5964,6.5,2.6490108692) ;
#5990=ELLIPSE('Ellipse',#5989,6.5,2.6490108692) ;
#6010=ELLIPSE('Ellipse',#6009,6.5,2.6490108692) ;
#6020=ELLIPSE('Ellipse',#6019,6.5,2.6490108692) ;
#6031=ELLIPSE('Ellipse',#6030,6.5,2.6490108692) ;
#6056=ELLIPSE('Ellipse',#6055,6.5,2.6490108692) ;
#6076=ELLIPSE('Ellipse',#6075,6.5,2.6490108692) ;
#6086=ELLIPSE('Ellipse',#6085,6.5,2.6490108692) ;
#6097=ELLIPSE('Ellipse',#6096,6.5,2.6490108692) ;
#6122=ELLIPSE('Ellipse',#6121,6.5,2.6490108692) ;
#6142=ELLIPSE('Ellipse',#6141,6.5,2.6490108692) ;
#6150=ELLIPSE('Ellipse',#6149,6.5,2.6490108692) ;
#6158=ELLIPSE('Ellipse',#6157,6.5,2.6490108692) ;
#6171=ELLIPSE('Ellipse',#6170,6.5,2.6490108692) ;
#6196=ELLIPSE('Ellipse',#6195,6.5,2.6490108692) ;
#6211=ELLIPSE('Ellipse',#6210,6.5,2.6490108692) ;
#6231=ELLIPSE('Ellipse',#6230,6.5,2.6490108692) ;
#6241=ELLIPSE('Ellipse',#6240,6.5,2.6490108692) ;
#6252=ELLIPSE('Ellipse',#6251,6.5,2.6490108692) ;
#6277=ELLIPSE('Ellipse',#6276,6.5,2.6490108692) ;
#6297=ELLIPSE('Ellipse',#6296,6.5,2.6490108692) ;
#6307=ELLIPSE('Ellipse',#6306,6.5,2.6490108692) ;
#6318=ELLIPSE('Ellipse',#6317,6.5,2.6490108692) ;
#6343=ELLIPSE('Ellipse',#6342,6.5,2.6490108692) ;
#6363=ELLIPSE('Ellipse',#6362,6.5,2.6490108692) ;
#6373=ELLIPSE('Ellipse',#6372,6.5,2.6490108692) ;
#6384=ELLIPSE('Ellipse',#6383,6.5,2.6490108692) ;
#6409=ELLIPSE('Ellipse',#6408,6.5,2.6490108692) ;
#6429=ELLIPSE('Ellipse',#6428,6.5,2.6490108692) ;
#6439=ELLIPSE('Ellipse',#6438,6.5,2.6490108692) ;
#6450=ELLIPSE('Ellipse',#6449,6.5,2.6490108692) ;
#6475=ELLIPSE('Ellipse',#6474,6.5,2.6490108692) ;
#6495=ELLIPSE('Ellipse',#6494,6.5,2.6490108692) ;
#6505=ELLIPSE('Ellipse',#6504,6.5,2.6490108692) ;
#6516=ELLIPSE('Ellipse',#6515,6.5,2.6490108692) ;
#6541=ELLIPSE('Ellipse',#6540,6.5,2.6490108692) ;
#6561=ELLIPSE('Ellipse',#6560,6.5,2.6490108692) ;
#6569=ELLIPSE('Ellipse',#6568,6.5,2.6490108692) ;
#6577=ELLIPSE('Ellipse',#6576,6.5,2.6490108692) ;
#6590=ELLIPSE('Ellipse',#6589,6.5,2.6490108692) ;
#6615=ELLIPSE('Ellipse',#6614,6.5,2.6490108692) ;
#6630=ELLIPSE('Ellipse',#6629,6.5,2.6490108692) ;
#6650=ELLIPSE('Ellipse',#6649,6.5,2.6490108692) ;
#6660=ELLIPSE('Ellipse',#6659,6.5,2.6490108692) ;
#6671=ELLIPSE('Ellipse',#6670,6.5,2.6490108692) ;
#6696=ELLIPSE('Ellipse',#6695,6.5,2.6490108692) ;
#6716=ELLIPSE('Ellipse',#6715,6.5,2.6490108692) ;
#6726=ELLIPSE('Ellipse',#6725,6.5,2.6490108692) ;
#6737=ELLIPSE('Ellipse',#6736,6.5,2.6490108692) ;
#6762=ELLIPSE('Ellipse',#6761,6.5,2.6490108692) ;
#6782=ELLIPSE('Ellipse',#6781,6.5,2.6490108692) ;
#6792=ELLIPSE('Ellipse',#6791,6.5,2.6490108692) ;
#6803=ELLIPSE('Ellipse',#6802,6.5,2.6490108692) ;
#6828=ELLIPSE('Ellipse',#6827,6.5,2.6490108692) ;
#6848=ELLIPSE('Ellipse',#6847,6.5,2.6490108692) ;
#6858=ELLIPSE('Ellipse',#6857,6.5,2.6490108692) ;
#6869=ELLIPSE('Ellipse',#6868,6.5,2.6490108692) ;
#6894=ELLIPSE('Ellipse',#6893,6.5,2.6490108692) ;
#6914=ELLIPSE('Ellipse',#6913,6.5,2.6490108692) ;
#6924=ELLIPSE('Ellipse',#6923,6.5,2.6490108692) ;
#6935=ELLIPSE('Ellipse',#6934,6.5,2.6490108692) ;
#6960=ELLIPSE('Ellipse',#6959,6.5,2.6490108692) ;
#6980=ELLIPSE('Ellipse',#6979,6.5,2.6490108692) ;
#6988=ELLIPSE('Ellipse',#6987,6.5,2.6490108692) ;
#6996=ELLIPSE('Ellipse',#6995,6.5,2.6490108692) ;
#7009=ELLIPSE('Ellipse',#7008,6.5,2.6490108692) ;
#7034=ELLIPSE('Ellipse',#7033,6.5,2.6490108692) ;
#7049=ELLIPSE('Ellipse',#7048,6.5,2.6490108692) ;
#101=FACE_OUTER_BOUND('',#96,.T.) ;
#148=FACE_OUTER_BOUND('',#141,.T.) ;
#195=FACE_OUTER_BOUND('',#188,.T.) ;
#217=FACE_OUTER_BOUND('',#212,.T.) ;
#234=FACE_OUTER_BOUND('',#229,.T.) ;
#251=FACE_OUTER_BOUND('',#246,.T.) ;
#307=FACE_OUTER_BOUND('',#300,.T.) ;
#498=FACE_OUTER_BOUND('',#491,.T.) ;
#582=FACE_OUTER_BOUND('',#571,.T.) ;
#878=FACE_OUTER_BOUND('',#851,.T.) ;
#937=FACE_OUTER_BOUND('',#926,.T.) ;
#961=FACE_OUTER_BOUND('',#956,.T.) ;
#980=FACE_OUTER_BOUND('',#975,.T.) ;
#1061=FACE_OUTER_BOUND('',#1046,.T.) ;
#1088=FACE_OUTER_BOUND('',#1083,.T.) ;
#1201=FACE_OUTER_BOUND('',#1186,.T.) ;
#1283=FACE_OUTER_BOUND('',#1270,.T.) ;
#1589=FACE_OUTER_BOUND('',#1578,.T.) ;
#1616=FACE_OUTER_BOUND('',#1611,.T.) ;
#1729=FACE_OUTER_BOUND('',#1714,.T.) ;
#1811=FACE_OUTER_BOUND('',#1798,.T.) ;
#2117=FACE_OUTER_BOUND('',#2106,.T.) ;
#2144=FACE_OUTER_BOUND('',#2139,.T.) ;
#2257=FACE_OUTER_BOUND('',#2242,.T.) ;
#2323=FACE_OUTER_BOUND('',#2312,.T.) ;
#2454=FACE_OUTER_BOUND('',#2447,.T.) ;
#2664=FACE_OUTER_BOUND('',#2653,.T.) ;
#2691=FACE_OUTER_BOUND('',#2686,.T.) ;
#2804=FACE_OUTER_BOUND('',#2789,.T.) ;
#2877=FACE_OUTER_BOUND('',#2864,.T.) ;
#3159=FACE_OUTER_BOUND('',#3148,.T.) ;
#3186=FACE_OUTER_BOUND('',#3181,.T.) ;
#3271=FACE_OUTER_BOUND('',#3256,.T.) ;
#3353=FACE_OUTER_BOUND('',#3342,.T.) ;
#3373=FACE_OUTER_BOUND('',#3368,.T.) ;
#3433=FACE_OUTER_BOUND('',#3416,.T.) ;
#3472=FACE_OUTER_BOUND('',#3455,.T.) ;
#3484=FACE_OUTER_BOUND('',#3479,.T.) ;
#3491=FACE_OUTER_BOUND('',#3486,.T.) ;
#3503=FACE_OUTER_BOUND('',#3498,.T.) ;
#3510=FACE_OUTER_BOUND('',#3505,.T.) ;
#3531=FACE_OUTER_BOUND('',#3524,.T.) ;
#3543=FACE_OUTER_BOUND('',#3538,.T.) ;
#3550=FACE_OUTER_BOUND('',#3545,.T.) ;
#3562=FACE_OUTER_BOUND('',#3557,.T.) ;
#3569=FACE_OUTER_BOUND('',#3564,.T.) ;
#3586=FACE_OUTER_BOUND('',#3581,.T.) ;
#3593=FACE_OUTER_BOUND('',#3588,.T.) ;
#3603=FACE_OUTER_BOUND('',#3600,.T.) ;
#3625=FACE_OUTER_BOUND('',#3620,.T.) ;
#3658=FACE_OUTER_BOUND('',#3651,.T.) ;
#3686=FACE_OUTER_BOUND('',#3679,.T.) ;
#3708=FACE_OUTER_BOUND('',#3703,.T.) ;
#3720=FACE_OUTER_BOUND('',#3715,.T.) ;
#3737=FACE_OUTER_BOUND('',#3732,.T.) ;
#3759=FACE_OUTER_BOUND('',#3754,.T.) ;
#3792=FACE_OUTER_BOUND('',#3785,.T.) ;
#3820=FACE_OUTER_BOUND('',#3813,.T.) ;
#3842=FACE_OUTER_BOUND('',#3837,.T.) ;
#3854=FACE_OUTER_BOUND('',#3849,.T.) ;
#3866=FACE_OUTER_BOUND('',#3861,.T.) ;
#3888=FACE_OUTER_BOUND('',#3883,.T.) ;
#3921=FACE_OUTER_BOUND('',#3914,.T.) ;
#3949=FACE_OUTER_BOUND('',#3942,.T.) ;
#3971=FACE_OUTER_BOUND('',#3966,.T.) ;
#3983=FACE_OUTER_BOUND('',#3978,.T.) ;
#3995=FACE_OUTER_BOUND('',#3990,.T.) ;
#4017=FACE_OUTER_BOUND('',#4012,.T.) ;
#4050=FACE_OUTER_BOUND('',#4043,.T.) ;
#4078=FACE_OUTER_BOUND('',#4071,.T.) ;
#4100=FACE_OUTER_BOUND('',#4095,.T.) ;
#4112=FACE_OUTER_BOUND('',#4107,.T.) ;
#4124=FACE_OUTER_BOUND('',#4119,.T.) ;
#4146=FACE_OUTER_BOUND('',#4141,.T.) ;
#4179=FACE_OUTER_BOUND('',#4172,.T.) ;
#4207=FACE_OUTER_BOUND('',#4200,.T.) ;
#4229=FACE_OUTER_BOUND('',#4224,.T.) ;
#4241=FACE_OUTER_BOUND('',#4236,.T.) ;
#4253=FACE_OUTER_BOUND('',#4248,.T.) ;
#4304=FACE_OUTER_BOUND('',#4291,.T.) ;
#4570=FACE_OUTER_BOUND('',#4567,.T.) ;
#4595=FACE_OUTER_BOUND('',#4590,.T.) ;
#4610=FACE_OUTER_BOUND('',#4605,.T.) ;
#4636=FACE_OUTER_BOUND('',#4633,.T.) ;
#4661=FACE_OUTER_BOUND('',#4656,.T.) ;
#4676=FACE_OUTER_BOUND('',#4671,.T.) ;
#4702=FACE_OUTER_BOUND('',#4699,.T.) ;
#4727=FACE_OUTER_BOUND('',#4722,.T.) ;
#4742=FACE_OUTER_BOUND('',#4737,.T.) ;
#4768=FACE_OUTER_BOUND('',#4765,.T.) ;
#4793=FACE_OUTER_BOUND('',#4788,.T.) ;
#4808=FACE_OUTER_BOUND('',#4803,.T.) ;
#4834=FACE_OUTER_BOUND('',#4831,.T.) ;
#4859=FACE_OUTER_BOUND('',#4854,.T.) ;
#4874=FACE_OUTER_BOUND('',#4869,.T.) ;
#4908=FACE_OUTER_BOUND('',#4903,.T.) ;
#4933=FACE_OUTER_BOUND('',#4928,.T.) ;
#4948=FACE_OUTER_BOUND('',#4943,.T.) ;
#4963=FACE_OUTER_BOUND('',#4958,.T.) ;
#4989=FACE_OUTER_BOUND('',#4986,.T.) ;
#5014=FACE_OUTER_BOUND('',#5009,.T.) ;
#5029=FACE_OUTER_BOUND('',#5024,.T.) ;
#5055=FACE_OUTER_BOUND('',#5052,.T.) ;
#5080=FACE_OUTER_BOUND('',#5075,.T.) ;
#5095=FACE_OUTER_BOUND('',#5090,.T.) ;
#5121=FACE_OUTER_BOUND('',#5118,.T.) ;
#5146=FACE_OUTER_BOUND('',#5141,.T.) ;
#5161=FACE_OUTER_BOUND('',#5156,.T.) ;
#5187=FACE_OUTER_BOUND('',#5184,.T.) ;
#5212=FACE_OUTER_BOUND('',#5207,.T.) ;
#5227=FACE_OUTER_BOUND('',#5222,.T.) ;
#5253=FACE_OUTER_BOUND('',#5250,.T.) ;
#5278=FACE_OUTER_BOUND('',#5273,.T.) ;
#5293=FACE_OUTER_BOUND('',#5288,.T.) ;
#5327=FACE_OUTER_BOUND('',#5322,.T.) ;
#5352=FACE_OUTER_BOUND('',#5347,.T.) ;
#5367=FACE_OUTER_BOUND('',#5362,.T.) ;
#5382=FACE_OUTER_BOUND('',#5377,.T.) ;
#5408=FACE_OUTER_BOUND('',#5405,.T.) ;
#5433=FACE_OUTER_BOUND('',#5428,.T.) ;
#5448=FACE_OUTER_BOUND('',#5443,.T.) ;
#5474=FACE_OUTER_BOUND('',#5471,.T.) ;
#5499=FACE_OUTER_BOUND('',#5494,.T.) ;
#5514=FACE_OUTER_BOUND('',#5509,.T.) ;
#5540=FACE_OUTER_BOUND('',#5537,.T.) ;
#5565=FACE_OUTER_BOUND('',#5560,.T.) ;
#5580=FACE_OUTER_BOUND('',#5575,.T.) ;
#5606=FACE_OUTER_BOUND('',#5603,.T.) ;
#5631=FACE_OUTER_BOUND('',#5626,.T.) ;
#5646=FACE_OUTER_BOUND('',#5641,.T.) ;
#5672=FACE_OUTER_BOUND('',#5669,.T.) ;
#5697=FACE_OUTER_BOUND('',#5692,.T.) ;
#5712=FACE_OUTER_BOUND('',#5707,.T.) ;
#5746=FACE_OUTER_BOUND('',#5741,.T.) ;
#5771=FACE_OUTER_BOUND('',#5766,.T.) ;
#5786=FACE_OUTER_BOUND('',#5781,.T.) ;
#5801=FACE_OUTER_BOUND('',#5796,.T.) ;
#5827=FACE_OUTER_BOUND('',#5824,.T.) ;
#5852=FACE_OUTER_BOUND('',#5847,.T.) ;
#5867=FACE_OUTER_BOUND('',#5862,.T.) ;
#5893=FACE_OUTER_BOUND('',#5890,.T.) ;
#5918=FACE_OUTER_BOUND('',#5913,.T.) ;
#5933=FACE_OUTER_BOUND('',#5928,.T.) ;
#5959=FACE_OUTER_BOUND('',#5956,.T.) ;
#5984=FACE_OUTER_BOUND('',#5979,.T.) ;
#5999=FACE_OUTER_BOUND('',#5994,.T.) ;
#6025=FACE_OUTER_BOUND('',#6022,.T.) ;
#6050=FACE_OUTER_BOUND('',#6045,.T.) ;
#6065=FACE_OUTER_BOUND('',#6060,.T.) ;
#6091=FACE_OUTER_BOUND('',#6088,.T.) ;
#6116=FACE_OUTER_BOUND('',#6111,.T.) ;
#6131=FACE_OUTER_BOUND('',#6126,.T.) ;
#6165=FACE_OUTER_BOUND('',#6160,.T.) ;
#6190=FACE_OUTER_BOUND('',#6185,.T.) ;
#6205=FACE_OUTER_BOUND('',#6200,.T.) ;
#6220=FACE_OUTER_BOUND('',#6215,.T.) ;
#6246=FACE_OUTER_BOUND('',#6243,.T.) ;
#6271=FACE_OUTER_BOUND('',#6266,.T.) ;
#6286=FACE_OUTER_BOUND('',#6281,.T.) ;
#6312=FACE_OUTER_BOUND('',#6309,.T.) ;
#6337=FACE_OUTER_BOUND('',#6332,.T.) ;
#6352=FACE_OUTER_BOUND('',#6347,.T.) ;
#6378=FACE_OUTER_BOUND('',#6375,.T.) ;
#6403=FACE_OUTER_BOUND('',#6398,.T.) ;
#6418=FACE_OUTER_BOUND('',#6413,.T.) ;
#6444=FACE_OUTER_BOUND('',#6441,.T.) ;
#6469=FACE_OUTER_BOUND('',#6464,.T.) ;
#6484=FACE_OUTER_BOUND('',#6479,.T.) ;
#6510=FACE_OUTER_BOUND('',#6507,.T.) ;
#6535=FACE_OUTER_BOUND('',#6530,.T.) ;
#6550=FACE_OUTER_BOUND('',#6545,.T.) ;
#6584=FACE_OUTER_BOUND('',#6579,.T.) ;
#6609=FACE_OUTER_BOUND('',#6604,.T.) ;
#6624=FACE_OUTER_BOUND('',#6619,.T.) ;
#6639=FACE_OUTER_BOUND('',#6634,.T.) ;
#6665=FACE_OUTER_BOUND('',#6662,.T.) ;
#6690=FACE_OUTER_BOUND('',#6685,.T.) ;
#6705=FACE_OUTER_BOUND('',#6700,.T.) ;
#6731=FACE_OUTER_BOUND('',#6728,.T.) ;
#6756=FACE_OUTER_BOUND('',#6751,.T.) ;
#6771=FACE_OUTER_BOUND('',#6766,.T.) ;
#6797=FACE_OUTER_BOUND('',#6794,.T.) ;
#6822=FACE_OUTER_BOUND('',#6817,.T.) ;
#6837=FACE_OUTER_BOUND('',#6832,.T.) ;
#6863=FACE_OUTER_BOUND('',#6860,.T.) ;
#6888=FACE_OUTER_BOUND('',#6883,.T.) ;
#6903=FACE_OUTER_BOUND('',#6898,.T.) ;
#6929=FACE_OUTER_BOUND('',#6926,.T.) ;
#6954=FACE_OUTER_BOUND('',#6949,.T.) ;
#6969=FACE_OUTER_BOUND('',#6964,.T.) ;
#7003=FACE_OUTER_BOUND('',#6998,.T.) ;
#7028=FACE_OUTER_BOUND('',#7023,.T.) ;
#7043=FACE_OUTER_BOUND('',#7038,.T.) ;
#7058=FACE_OUTER_BOUND('',#7053,.T.) ;
#7125=FACE_OUTER_BOUND('',#7120,.T.) ;
#7142=FACE_OUTER_BOUND('',#7137,.T.) ;
#7152=FACE_OUTER_BOUND('',#7149,.T.) ;
#7162=FACE_OUTER_BOUND('',#7159,.T.) ;
#7224=FACE_OUTER_BOUND('',#7220,.T.) ;
#7334=FACE_OUTER_BOUND('',#7327,.T.) ;
#7381=FACE_OUTER_BOUND('',#7375,.T.) ;
#7503=FACE_OUTER_BOUND('',#7485,.T.) ;
#7519=FACE_OUTER_BOUND('',#7515,.T.) ;
#7685=FACE_OUTER_BOUND('',#7667,.T.) ;
#7741=FACE_OUTER_BOUND('',#7730,.T.) ;
#7765=FACE_OUTER_BOUND('',#7760,.T.) ;
#7790=FACE_OUTER_BOUND('',#7784,.T.) ;
#7807=FACE_OUTER_BOUND('',#7802,.T.) ;
#7838=FACE_OUTER_BOUND('',#7833,.T.) ;
#7896=FACE_OUTER_BOUND('',#7889,.T.) ;
#7918=FACE_OUTER_BOUND('',#7913,.T.) ;
#7964=FACE_OUTER_BOUND('',#7958,.T.) ;
#7983=FACE_OUTER_BOUND('',#7978,.T.) ;
#8003=FACE_OUTER_BOUND('',#7997,.T.) ;
#8015=FACE_OUTER_BOUND('',#8010,.T.) ;
#8040=FACE_OUTER_BOUND('',#8034,.T.) ;
#8051=FACE_OUTER_BOUND('',#8047,.T.) ;
#8070=FACE_OUTER_BOUND('',#8063,.T.) ;
#8076=FACE_OUTER_BOUND('',#8072,.T.) ;
#8088=FACE_OUTER_BOUND('',#8083,.T.) ;
#8100=FACE_OUTER_BOUND('',#8095,.T.) ;
#8120=FACE_OUTER_BOUND('',#8114,.T.) ;
#8153=FACE_OUTER_BOUND('',#8146,.T.) ;
#8165=FACE_OUTER_BOUND('',#8160,.T.) ;
#8182=FACE_OUTER_BOUND('',#8177,.T.) ;
#8200=FACE_OUTER_BOUND('',#8189,.T.) ;
#8267=FACE_OUTER_BOUND('',#8262,.T.) ;
#8284=FACE_OUTER_BOUND('',#8279,.T.) ;
#8294=FACE_OUTER_BOUND('',#8291,.T.) ;
#8368=FACE_OUTER_BOUND('',#8359,.T.) ;
#8399=FACE_OUTER_BOUND('',#8394,.T.) ;
#8425=FACE_OUTER_BOUND('',#8420,.T.) ;
#8449=FACE_OUTER_BOUND('',#8444,.T.) ;
#8473=FACE_OUTER_BOUND('',#8468,.T.) ;
#8490=FACE_OUTER_BOUND('',#8485,.T.) ;
#8541=FACE_OUTER_BOUND('',#8530,.T.) ;
#8596=FACE_OUTER_BOUND('',#8587,.T.) ;
#8608=FACE_OUTER_BOUND('',#8603,.T.) ;
#8620=FACE_OUTER_BOUND('',#8615,.T.) ;
#8632=FACE_OUTER_BOUND('',#8627,.T.) ;
#8649=FACE_OUTER_BOUND('',#8644,.T.) ;
#8656=FACE_OUTER_BOUND('',#8651,.T.) ;
#8723=FACE_OUTER_BOUND('',#8718,.T.) ;
#8740=FACE_OUTER_BOUND('',#8735,.T.) ;
#8750=FACE_OUTER_BOUND('',#8747,.T.) ;
#8760=FACE_OUTER_BOUND('',#8757,.T.) ;
#8827=FACE_OUTER_BOUND('',#8822,.T.) ;
#8844=FACE_OUTER_BOUND('',#8839,.T.) ;
#8854=FACE_OUTER_BOUND('',#8851,.T.) ;
#8864=FACE_OUTER_BOUND('',#8861,.T.) ;
#8931=FACE_OUTER_BOUND('',#8926,.T.) ;
#8948=FACE_OUTER_BOUND('',#8943,.T.) ;
#8958=FACE_OUTER_BOUND('',#8955,.T.) ;
#8968=FACE_OUTER_BOUND('',#8965,.T.) ;
#9027=FACE_OUTER_BOUND('',#9023,.T.) ;
#9038=FACE_OUTER_BOUND('',#9034,.T.) ;
#9048=FACE_OUTER_BOUND('',#9045,.T.) ;
#9107=FACE_OUTER_BOUND('',#9103,.T.) ;
#9118=FACE_OUTER_BOUND('',#9114,.T.) ;
#9149=FACE_OUTER_BOUND('',#9144,.T.) ;
#9161=FACE_OUTER_BOUND('',#9156,.T.) ;
#9184=FACE_OUTER_BOUND('',#9180,.T.) ;
#9190=FACE_OUTER_BOUND('',#9186,.T.) ;
#50=UNCERTAINTY_MEASURE_WITH_UNIT(LENGTH_MEASURE(0.005),#46,'distance_accuracy_value','CONFUSED CURVE UNCERTAINTY') ;
#52=UNCERTAINTY_MEASURE_WITH_UNIT(LENGTH_MEASURE(0.005),#46,'distance_accuracy_value','CONFUSED CURVE UNCERTAINTY') ;
#7076=UNCERTAINTY_MEASURE_WITH_UNIT(LENGTH_MEASURE(0.005),#46,'distance_accuracy_value','CONFUSED CURVE UNCERTAINTY') ;
#7180=UNCERTAINTY_MEASURE_WITH_UNIT(LENGTH_MEASURE(0.005),#46,'distance_accuracy_value','CONFUSED CURVE UNCERTAINTY') ;
#8218=UNCERTAINTY_MEASURE_WITH_UNIT(LENGTH_MEASURE(0.005),#46,'distance_accuracy_value','CONFUSED CURVE UNCERTAINTY') ;
#8674=UNCERTAINTY_MEASURE_WITH_UNIT(LENGTH_MEASURE(0.005),#46,'distance_accuracy_value','CONFUSED CURVE UNCERTAINTY') ;
#8778=UNCERTAINTY_MEASURE_WITH_UNIT(LENGTH_MEASURE(0.005),#46,'distance_accuracy_value','CONFUSED CURVE UNCERTAINTY') ;
#8882=UNCERTAINTY_MEASURE_WITH_UNIT(LENGTH_MEASURE(0.005),#46,'distance_accuracy_value','CONFUSED CURVE UNCERTAINTY') ;
#8986=UNCERTAINTY_MEASURE_WITH_UNIT(LENGTH_MEASURE(0.005),#46,'distance_accuracy_value','CONFUSED CURVE UNCERTAINTY') ;
#9066=UNCERTAINTY_MEASURE_WITH_UNIT(LENGTH_MEASURE(0.005),#46,'distance_accuracy_value','CONFUSED CURVE UNCERTAINTY') ;
#71=LINE('Line',#68,#70) ;
#80=LINE('Line',#77,#79) ;
#87=LINE('Line',#84,#86) ;
#94=LINE('Line',#91,#93) ;
#111=LINE('Line',#108,#110) ;
#120=LINE('Line',#117,#119) ;
#127=LINE('Line',#124,#126) ;
#132=LINE('Line',#129,#131) ;
#139=LINE('Line',#136,#138) ;
#158=LINE('Line',#155,#157) ;
#165=LINE('Line',#162,#164) ;
#172=LINE('Line',#169,#171) ;
#179=LINE('Line',#176,#178) ;
#186=LINE('Line',#183,#185) ;
#205=LINE('Line',#202,#204) ;
#210=LINE('Line',#207,#209) ;
#227=LINE('Line',#224,#226) ;
#244=LINE('Line',#241,#243) ;
#270=LINE('Line',#267,#269) ;
#284=LINE('Line',#281,#283) ;
#291=LINE('Line',#288,#290) ;
#298=LINE('Line',#295,#297) ;
#468=LINE('Line',#465,#467) ;
#489=LINE('Line',#486,#488) ;
#503=LINE('Line',#500,#502) ;
#517=LINE('Line',#514,#516) ;
#524=LINE('Line',#521,#523) ;
#531=LINE('Line',#528,#530) ;
#688=LINE('Line',#685,#687) ;
#695=LINE('Line',#692,#694) ;
#702=LINE('Line',#699,#701) ;
#716=LINE('Line',#713,#715) ;
#723=LINE('Line',#720,#722) ;
#730=LINE('Line',#727,#729) ;
#744=LINE('Line',#741,#743) ;
#751=LINE('Line',#748,#750) ;
#758=LINE('Line',#755,#757) ;
#779=LINE('Line',#776,#778) ;
#786=LINE('Line',#783,#785) ;
#793=LINE('Line',#790,#792) ;
#807=LINE('Line',#804,#806) ;
#814=LINE('Line',#811,#813) ;
#821=LINE('Line',#818,#820) ;
#835=LINE('Line',#832,#834) ;
#842=LINE('Line',#839,#841) ;
#849=LINE('Line',#846,#848) ;
#888=LINE('Line',#885,#887) ;
#895=LINE('Line',#892,#894) ;
#902=LINE('Line',#899,#901) ;
#907=LINE('Line',#904,#906) ;
#924=LINE('Line',#921,#923) ;
#954=LINE('Line',#951,#953) ;
#973=LINE('Line',#970,#972) ;
#990=LINE('Line',#987,#989) ;
#997=LINE('Line',#994,#996) ;
#1004=LINE('Line',#1001,#1003) ;
#1019=LINE('Line',#1016,#1018) ;
#1034=LINE('Line',#1031,#1033) ;
#1071=LINE('Line',#1068,#1070) ;
#1098=LINE('Line',#1095,#1097) ;
#1107=LINE('Line',#1104,#1106) ;
#1114=LINE('Line',#1111,#1113) ;
#1121=LINE('Line',#1118,#1120) ;
#1128=LINE('Line',#1125,#1127) ;
#1135=LINE('Line',#1132,#1134) ;
#1142=LINE('Line',#1139,#1141) ;
#1157=LINE('Line',#1154,#1156) ;
#1174=LINE('Line',#1171,#1173) ;
#1206=LINE('Line',#1203,#1205) ;
#1213=LINE('Line',#1210,#1212) ;
#1220=LINE('Line',#1217,#1219) ;
#1232=LINE('Line',#1229,#1231) ;
#1533=LINE('Line',#1530,#1532) ;
#1540=LINE('Line',#1537,#1539) ;
#1547=LINE('Line',#1544,#1546) ;
#1552=LINE('Line',#1549,#1551) ;
#1569=LINE('Line',#1566,#1568) ;
#1576=LINE('Line',#1573,#1575) ;
#1599=LINE('Line',#1596,#1598) ;
#1626=LINE('Line',#1623,#1625) ;
#1635=LINE('Line',#1632,#1634) ;
#1642=LINE('Line',#1639,#1641) ;
#1649=LINE('Line',#1646,#1648) ;
#1656=LINE('Line',#1653,#1655) ;
#1663=LINE('Line',#1660,#1662) ;
#1670=LINE('Line',#1667,#1669) ;
#1685=LINE('Line',#1682,#1684) ;
#1702=LINE('Line',#1699,#1701) ;
#1734=LINE('Line',#1731,#1733) ;
#1741=LINE('Line',#1738,#1740) ;
#1748=LINE('Line',#1745,#1747) ;
#1760=LINE('Line',#1757,#1759) ;
#2061=LINE('Line',#2058,#2060) ;
#2068=LINE('Line',#2065,#2067) ;
#2075=LINE('Line',#2072,#2074) ;
#2080=LINE('Line',#2077,#2079) ;
#2097=LINE('Line',#2094,#2096) ;
#2104=LINE('Line',#2101,#2103) ;
#2127=LINE('Line',#2124,#2126) ;
#2154=LINE('Line',#2151,#2153) ;
#2163=LINE('Line',#2160,#2162) ;
#2170=LINE('Line',#2167,#2169) ;
#2177=LINE('Line',#2174,#2176) ;
#2184=LINE('Line',#2181,#2183) ;
#2191=LINE('Line',#2188,#2190) ;
#2198=LINE('Line',#2195,#2197) ;
#2213=LINE('Line',#2210,#2212) ;
#2230=LINE('Line',#2227,#2229) ;
#2262=LINE('Line',#2259,#2261) ;
#2274=LINE('Line',#2271,#2273) ;
#2431=LINE('Line',#2428,#2430) ;
#2438=LINE('Line',#2435,#2437) ;
#2445=LINE('Line',#2442,#2444) ;
#2608=LINE('Line',#2605,#2607) ;
#2615=LINE('Line',#2612,#2614) ;
#2622=LINE('Line',#2619,#2621) ;
#2627=LINE('Line',#2624,#2626) ;
#2644=LINE('Line',#2641,#2643) ;
#2651=LINE('Line',#2648,#2650) ;
#2674=LINE('Line',#2671,#2673) ;
#2701=LINE('Line',#2698,#2700) ;
#2710=LINE('Line',#2707,#2709) ;
#2717=LINE('Line',#2714,#2716) ;
#2724=LINE('Line',#2721,#2723) ;
#2731=LINE('Line',#2728,#2730) ;
#2738=LINE('Line',#2735,#2737) ;
#2745=LINE('Line',#2742,#2744) ;
#2760=LINE('Line',#2757,#2759) ;
#2777=LINE('Line',#2774,#2776) ;
#2809=LINE('Line',#2806,#2808) ;
#2814=LINE('Line',#2811,#2813) ;
#2826=LINE('Line',#2823,#2825) ;
#3122=LINE('Line',#3119,#3121) ;
#3139=LINE('Line',#3136,#3138) ;
#3146=LINE('Line',#3143,#3145) ;
#3169=LINE('Line',#3166,#3168) ;
#3191=LINE('Line',#3188,#3190) ;
#3198=LINE('Line',#3195,#3197) ;
#3205=LINE('Line',#3202,#3204) ;
#3212=LINE('Line',#3209,#3211) ;
#3227=LINE('Line',#3224,#3226) ;
#3244=LINE('Line',#3241,#3243) ;
#3281=LINE('Line',#3278,#3280) ;
#3290=LINE('Line',#3287,#3289) ;
#3297=LINE('Line',#3294,#3296) ;
#3304=LINE('Line',#3301,#3303) ;
#3309=LINE('Line',#3306,#3308) ;
#3326=LINE('Line',#3323,#3325) ;
#3333=LINE('Line',#3330,#3332) ;
#3340=LINE('Line',#3337,#3339) ;
#3400=LINE('Line',#3397,#3399) ;
#3414=LINE('Line',#3411,#3413) ;
#3536=LINE('Line',#3533,#3535) ;
#3613=LINE('Line',#3610,#3612) ;
#3618=LINE('Line',#3615,#3617) ;
#3635=LINE('Line',#3632,#3634) ;
#3644=LINE('Line',#3641,#3643) ;
#3649=LINE('Line',#3646,#3648) ;
#3663=LINE('Line',#3660,#3662) ;
#3670=LINE('Line',#3667,#3669) ;
#3677=LINE('Line',#3674,#3676) ;
#3696=LINE('Line',#3693,#3695) ;
#3701=LINE('Line',#3698,#3700) ;
#3730=LINE('Line',#3727,#3729) ;
#3747=LINE('Line',#3744,#3746) ;
#3752=LINE('Line',#3749,#3751) ;
#3769=LINE('Line',#3766,#3768) ;
#3778=LINE('Line',#3775,#3777) ;
#3783=LINE('Line',#3780,#3782) ;
#3797=LINE('Line',#3794,#3796) ;
#3804=LINE('Line',#3801,#3803) ;
#3811=LINE('Line',#3808,#3810) ;
#3830=LINE('Line',#3827,#3829) ;
#3835=LINE('Line',#3832,#3834) ;
#3876=LINE('Line',#3873,#3875) ;
#3881=LINE('Line',#3878,#3880) ;
#3898=LINE('Line',#3895,#3897) ;
#3907=LINE('Line',#3904,#3906) ;
#3912=LINE('Line',#3909,#3911) ;
#3926=LINE('Line',#3923,#3925) ;
#3933=LINE('Line',#3930,#3932) ;
#3940=LINE('Line',#3937,#3939) ;
#3959=LINE('Line',#3956,#3958) ;
#3964=LINE('Line',#3961,#3963) ;
#4005=LINE('Line',#4002,#4004) ;
#4010=LINE('Line',#4007,#4009) ;
#4027=LINE('Line',#4024,#4026) ;
#4036=LINE('Line',#4033,#4035) ;
#4041=LINE('Line',#4038,#4040) ;
#4055=LINE('Line',#4052,#4054) ;
#4062=LINE('Line',#4059,#4061) ;
#4069=LINE('Line',#4066,#4068) ;
#4088=LINE('Line',#4085,#4087) ;
#4093=LINE('Line',#4090,#4092) ;
#4134=LINE('Line',#4131,#4133) ;
#4139=LINE('Line',#4136,#4138) ;
#4156=LINE('Line',#4153,#4155) ;
#4165=LINE('Line',#4162,#4164) ;
#4170=LINE('Line',#4167,#4169) ;
#4184=LINE('Line',#4181,#4183) ;
#4191=LINE('Line',#4188,#4190) ;
#4198=LINE('Line',#4195,#4197) ;
#4217=LINE('Line',#4214,#4216) ;
#4222=LINE('Line',#4219,#4221) ;
#4583=LINE('Line',#4580,#4582) ;
#4588=LINE('Line',#4585,#4587) ;
#4649=LINE('Line',#4646,#4648) ;
#4654=LINE('Line',#4651,#4653) ;
#4715=LINE('Line',#4712,#4714) ;
#4720=LINE('Line',#4717,#4719) ;
#4781=LINE('Line',#4778,#4780) ;
#4786=LINE('Line',#4783,#4785) ;
#4847=LINE('Line',#4844,#4846) ;
#4852=LINE('Line',#4849,#4851) ;
#4921=LINE('Line',#4918,#4920) ;
#4926=LINE('Line',#4923,#4925) ;
#5002=LINE('Line',#4999,#5001) ;
#5007=LINE('Line',#5004,#5006) ;
#5068=LINE('Line',#5065,#5067) ;
#5073=LINE('Line',#5070,#5072) ;
#5134=LINE('Line',#5131,#5133) ;
#5139=LINE('Line',#5136,#5138) ;
#5200=LINE('Line',#5197,#5199) ;
#5205=LINE('Line',#5202,#5204) ;
#5266=LINE('Line',#5263,#5265) ;
#5271=LINE('Line',#5268,#5270) ;
#5340=LINE('Line',#5337,#5339) ;
#5345=LINE('Line',#5342,#5344) ;
#5421=LINE('Line',#5418,#5420) ;
#5426=LINE('Line',#5423,#5425) ;
#5487=LINE('Line',#5484,#5486) ;
#5492=LINE('Line',#5489,#5491) ;
#5553=LINE('Line',#5550,#5552) ;
#5558=LINE('Line',#5555,#5557) ;
#5619=LINE('Line',#5616,#5618) ;
#5624=LINE('Line',#5621,#5623) ;
#5685=LINE('Line',#5682,#5684) ;
#5690=LINE('Line',#5687,#5689) ;
#5759=LINE('Line',#5756,#5758) ;
#5764=LINE('Line',#5761,#5763) ;
#5840=LINE('Line',#5837,#5839) ;
#5845=LINE('Line',#5842,#5844) ;
#5906=LINE('Line',#5903,#5905) ;
#5911=LINE('Line',#5908,#5910) ;
#5972=LINE('Line',#5969,#5971) ;
#5977=LINE('Line',#5974,#5976) ;
#6038=LINE('Line',#6035,#6037) ;
#6043=LINE('Line',#6040,#6042) ;
#6104=LINE('Line',#6101,#6103) ;
#6109=LINE('Line',#6106,#6108) ;
#6178=LINE('Line',#6175,#6177) ;
#6183=LINE('Line',#6180,#6182) ;
#6259=LINE('Line',#6256,#6258) ;
#6264=LINE('Line',#6261,#6263) ;
#6325=LINE('Line',#6322,#6324) ;
#6330=LINE('Line',#6327,#6329) ;
#6391=LINE('Line',#6388,#6390) ;
#6396=LINE('Line',#6393,#6395) ;
#6457=LINE('Line',#6454,#6456) ;
#6462=LINE('Line',#6459,#6461) ;
#6523=LINE('Line',#6520,#6522) ;
#6528=LINE('Line',#6525,#6527) ;
#6597=LINE('Line',#6594,#6596) ;
#6602=LINE('Line',#6599,#6601) ;
#6678=LINE('Line',#6675,#6677) ;
#6683=LINE('Line',#6680,#6682) ;
#6744=LINE('Line',#6741,#6743) ;
#6749=LINE('Line',#6746,#6748) ;
#6810=LINE('Line',#6807,#6809) ;
#6815=LINE('Line',#6812,#6814) ;
#6876=LINE('Line',#6873,#6875) ;
#6881=LINE('Line',#6878,#6880) ;
#6942=LINE('Line',#6939,#6941) ;
#6947=LINE('Line',#6944,#6946) ;
#7016=LINE('Line',#7013,#7015) ;
#7021=LINE('Line',#7018,#7020) ;
#7104=LINE('Line',#7101,#7103) ;
#7118=LINE('Line',#7115,#7117) ;
#7199=LINE('Line',#7196,#7198) ;
#7208=LINE('Line',#7205,#7207) ;
#7290=LINE('Line',#7287,#7289) ;
#7363=LINE('Line',#7360,#7362) ;
#7400=LINE('Line',#7397,#7399) ;
#7414=LINE('Line',#7411,#7413) ;
#7435=LINE('Line',#7432,#7434) ;
#7449=LINE('Line',#7446,#7448) ;
#7463=LINE('Line',#7460,#7462) ;
#7483=LINE('Line',#7480,#7482) ;
#7513=LINE('Line',#7510,#7512) ;
#7533=LINE('Line',#7530,#7532) ;
#7552=LINE('Line',#7549,#7551) ;
#7573=LINE('Line',#7570,#7572) ;
#7592=LINE('Line',#7589,#7591) ;
#7695=LINE('Line',#7692,#7694) ;
#7702=LINE('Line',#7699,#7701) ;
#7709=LINE('Line',#7706,#7708) ;
#7714=LINE('Line',#7711,#7713) ;
#7721=LINE('Line',#7718,#7720) ;
#7728=LINE('Line',#7725,#7727) ;
#7751=LINE('Line',#7748,#7750) ;
#7758=LINE('Line',#7755,#7757) ;
#7775=LINE('Line',#7772,#7774) ;
#7782=LINE('Line',#7779,#7781) ;
#7800=LINE('Line',#7797,#7799) ;
#7817=LINE('Line',#7814,#7816) ;
#7824=LINE('Line',#7821,#7823) ;
#7831=LINE('Line',#7828,#7830) ;
#7848=LINE('Line',#7845,#7847) ;
#7906=LINE('Line',#7903,#7905) ;
#7911=LINE('Line',#7908,#7910) ;
#7928=LINE('Line',#7925,#7927) ;
#7969=LINE('Line',#7966,#7968) ;
#7976=LINE('Line',#7973,#7975) ;
#7988=LINE('Line',#7985,#7987) ;
#7995=LINE('Line',#7992,#7994) ;
#8008=LINE('Line',#8005,#8007) ;
#8032=LINE('Line',#8029,#8031) ;
#8045=LINE('Line',#8042,#8044) ;
#8061=LINE('Line',#8058,#8060) ;
#8105=LINE('Line',#8102,#8104) ;
#8130=LINE('Line',#8127,#8129) ;
#8144=LINE('Line',#8141,#8143) ;
#8158=LINE('Line',#8155,#8157) ;
#8175=LINE('Line',#8172,#8174) ;
#8246=LINE('Line',#8243,#8245) ;
#8260=LINE('Line',#8257,#8259) ;
#8313=LINE('Line',#8310,#8312) ;
#8318=LINE('Line',#8315,#8317) ;
#8387=LINE('Line',#8384,#8386) ;
#8392=LINE('Line',#8389,#8391) ;
#8404=LINE('Line',#8401,#8403) ;
#8418=LINE('Line',#8415,#8417) ;
#8435=LINE('Line',#8432,#8434) ;
#8442=LINE('Line',#8439,#8441) ;
#8459=LINE('Line',#8456,#8458) ;
#8466=LINE('Line',#8463,#8465) ;
#8483=LINE('Line',#8480,#8482) ;
#8514=LINE('Line',#8511,#8513) ;
#8521=LINE('Line',#8518,#8520) ;
#8528=LINE('Line',#8525,#8527) ;
#8601=LINE('Line',#8598,#8600) ;
#8613=LINE('Line',#8610,#8612) ;
#8625=LINE('Line',#8622,#8624) ;
#8642=LINE('Line',#8639,#8641) ;
#8702=LINE('Line',#8699,#8701) ;
#8716=LINE('Line',#8713,#8715) ;
#8806=LINE('Line',#8803,#8805) ;
#8820=LINE('Line',#8817,#8819) ;
#8910=LINE('Line',#8907,#8909) ;
#8924=LINE('Line',#8921,#8923) ;
#9005=LINE('Line',#9002,#9004) ;
#9021=LINE('Line',#9018,#9020) ;
#9085=LINE('Line',#9082,#9084) ;
#9101=LINE('Line',#9098,#9100) ;
#9128=LINE('Line',#9125,#9127) ;
#9142=LINE('Line',#9139,#9141) ;
#9171=LINE('Line',#9168,#9170) ;
#9178=LINE('Line',#9175,#9177) ;
#2=MECHANICAL_CONTEXT(' ',#1,'mechanical') ;
#7063=NEXT_ASSEMBLY_USAGE_OCCURRENCE('9. Telemetry ring.1','9. Telemetry ring.1','',#17,#58,' ') ;
#7167=NEXT_ASSEMBLY_USAGE_OCCURRENCE('8. post payload support mod.1','8. post payload support mod.1','',#17,#7082,' ') ;
#8205=NEXT_ASSEMBLY_USAGE_OCCURRENCE('7. .1','7. .1','',#17,#7186,' ') ;
#8661=NEXT_ASSEMBLY_USAGE_OCCURRENCE('6. .1','6. .1','',#17,#8224,' ') ;
#8765=NEXT_ASSEMBLY_USAGE_OCCURRENCE('5. cylinder.1','5. cylinder.1','',#17,#8680,' ') ;
#8869=NEXT_ASSEMBLY_USAGE_OCCURRENCE('4. Cone.1','4. Cone.1','',#17,#8784,' ') ;
#8973=NEXT_ASSEMBLY_USAGE_OCCURRENCE('nose_isolator to cone.1','nose_isolator to cone.1','',#17,#8888,' ') ;
#9053=NEXT_ASSEMBLY_USAGE_OCCURRENCE('Part1.1','Part1.1','',#17,#8992,' ') ;
#9195=NEXT_ASSEMBLY_USAGE_OCCURRENCE('Part2.1','Part2.1','',#17,#9072,' ') ;
#27=PERSONAL_ADDRESS(' ',' ',' ',' ',' ',' ',' ',' ',' ',' ',' ',' ',(#25),' ') ;
#67=PLANE('',#66) ;
#107=PLANE('',#106) ;
#154=PLANE('',#153) ;
#201=PLANE('',#200) ;
#223=PLANE('',#222) ;
#240=PLANE('',#239) ;
#457=PLANE('',#456) ;
#684=PLANE('',#683) ;
#884=PLANE('',#883) ;
#986=PLANE('',#985) ;
#1067=PLANE('',#1066) ;
#1094=PLANE('',#1093) ;
#1529=PLANE('',#1528) ;
#1595=PLANE('',#1594) ;
#1622=PLANE('',#1621) ;
#2057=PLANE('',#2056) ;
#2123=PLANE('',#2122) ;
#2150=PLANE('',#2149) ;
#2604=PLANE('',#2603) ;
#2670=PLANE('',#2669) ;
#2697=PLANE('',#2696) ;
#3165=PLANE('',#3164) ;
#3277=PLANE('',#3276) ;
#3359=PLANE('',#3358) ;
#3599=PLANE('',#3598) ;
#3609=PLANE('',#3608) ;
#3631=PLANE('',#3630) ;
#3692=PLANE('',#3691) ;
#3714=PLANE('',#3713) ;
#3726=PLANE('',#3725) ;
#3743=PLANE('',#3742) ;
#3765=PLANE('',#3764) ;
#3826=PLANE('',#3825) ;
#3848=PLANE('',#3847) ;
#3860=PLANE('',#3859) ;
#3872=PLANE('',#3871) ;
#3894=PLANE('',#3893) ;
#3955=PLANE('',#3954) ;
#3977=PLANE('',#3976) ;
#3989=PLANE('',#3988) ;
#4001=PLANE('',#4000) ;
#4023=PLANE('',#4022) ;
#4084=PLANE('',#4083) ;
#4106=PLANE('',#4105) ;
#4118=PLANE('',#4117) ;
#4130=PLANE('',#4129) ;
#4152=PLANE('',#4151) ;
#4213=PLANE('',#4212) ;
#4235=PLANE('',#4234) ;
#4247=PLANE('',#4246) ;
#4550=PLANE('',#4549) ;
#4616=PLANE('',#4615) ;
#4682=PLANE('',#4681) ;
#4748=PLANE('',#4747) ;
#4814=PLANE('',#4813) ;
#4880=PLANE('',#4879) ;
#4969=PLANE('',#4968) ;
#5035=PLANE('',#5034) ;
#5101=PLANE('',#5100) ;
#5167=PLANE('',#5166) ;
#5233=PLANE('',#5232) ;
#5299=PLANE('',#5298) ;
#5388=PLANE('',#5387) ;
#5454=PLANE('',#5453) ;
#5520=PLANE('',#5519) ;
#5586=PLANE('',#5585) ;
#5652=PLANE('',#5651) ;
#5718=PLANE('',#5717) ;
#5807=PLANE('',#5806) ;
#5873=PLANE('',#5872) ;
#5939=PLANE('',#5938) ;
#6005=PLANE('',#6004) ;
#6071=PLANE('',#6070) ;
#6137=PLANE('',#6136) ;
#6226=PLANE('',#6225) ;
#6292=PLANE('',#6291) ;
#6358=PLANE('',#6357) ;
#6424=PLANE('',#6423) ;
#6490=PLANE('',#6489) ;
#6556=PLANE('',#6555) ;
#6645=PLANE('',#6644) ;
#6711=PLANE('',#6710) ;
#6777=PLANE('',#6776) ;
#6843=PLANE('',#6842) ;
#6909=PLANE('',#6908) ;
#6975=PLANE('',#6974) ;
#7148=PLANE('',#7147) ;
#7158=PLANE('',#7157) ;
#7195=PLANE('',#7194) ;
#7340=PLANE('',#7339) ;
#7509=PLANE('',#7508) ;
#7691=PLANE('',#7690) ;
#7747=PLANE('',#7746) ;
#7771=PLANE('',#7770) ;
#7796=PLANE('',#7795) ;
#7813=PLANE('',#7812) ;
#7902=PLANE('',#7901) ;
#7924=PLANE('',#7923) ;
#8021=PLANE('',#8020) ;
#8082=PLANE('',#8081) ;
#8094=PLANE('',#8093) ;
#8171=PLANE('',#8170) ;
#8188=PLANE('',#8187) ;
#8290=PLANE('',#8289) ;
#8431=PLANE('',#8430) ;
#8455=PLANE('',#8454) ;
#8479=PLANE('',#8478) ;
#8496=PLANE('',#8495) ;
#8638=PLANE('',#8637) ;
#8746=PLANE('',#8745) ;
#8756=PLANE('',#8755) ;
#8850=PLANE('',#8849) ;
#8860=PLANE('',#8859) ;
#8954=PLANE('',#8953) ;
#8964=PLANE('',#8963) ;
#9044=PLANE('',#9043) ;
#48=PLANE_ANGLE_MEASURE_WITH_UNIT(PLANE_ANGLE_MEASURE(0.0174532925199),#47) ;
#7=PRODUCT_CATEGORY('part',$) ;
#14=PRODUCT_CATEGORY('part',$) ;
#9=PRODUCT_CATEGORY_RELATIONSHIP(' ',' ',#7,#8) ;
#16=PRODUCT_CATEGORY_RELATIONSHIP(' ',' ',#14,#15) ;
#6=PRODUCT_DEFINITION_FORMATION_WITH_SPECIFIED_SOURCE('',' ',#5,.NOT_KNOWN.) ;
#57=PRODUCT_DEFINITION_FORMATION_WITH_SPECIFIED_SOURCE('',' ',#56,.NOT_KNOWN.) ;
#7081=PRODUCT_DEFINITION_FORMATION_WITH_SPECIFIED_SOURCE('',' ',#7080,.NOT_KNOWN.) ;
#7185=PRODUCT_DEFINITION_FORMATION_WITH_SPECIFIED_SOURCE('',' ',#7184,.NOT_KNOWN.) ;
#8223=PRODUCT_DEFINITION_FORMATION_WITH_SPECIFIED_SOURCE('',' ',#8222,.NOT_KNOWN.) ;
#8679=PRODUCT_DEFINITION_FORMATION_WITH_SPECIFIED_SOURCE('',' ',#8678,.NOT_KNOWN.) ;
#8783=PRODUCT_DEFINITION_FORMATION_WITH_SPECIFIED_SOURCE('',' ',#8782,.NOT_KNOWN.) ;
#8887=PRODUCT_DEFINITION_FORMATION_WITH_SPECIFIED_SOURCE('',' ',#8886,.NOT_KNOWN.) ;
#8991=PRODUCT_DEFINITION_FORMATION_WITH_SPECIFIED_SOURCE('',' ',#8990,.NOT_KNOWN.) ;
#9071=PRODUCT_DEFINITION_FORMATION_WITH_SPECIFIED_SOURCE('',' ',#9070,.NOT_KNOWN.) ;
#58=PRODUCT_DEFINITION_WITH_ASSOCIATED_DOCUMENTS('',' ',#57,#3,(#60)) ;
#7082=PRODUCT_DEFINITION_WITH_ASSOCIATED_DOCUMENTS('',' ',#7081,#3,(#7084)) ;
#7186=PRODUCT_DEFINITION_WITH_ASSOCIATED_DOCUMENTS('',' ',#7185,#3,(#7188)) ;
#8224=PRODUCT_DEFINITION_WITH_ASSOCIATED_DOCUMENTS('',' ',#8223,#3,(#8226)) ;
#8680=PRODUCT_DEFINITION_WITH_ASSOCIATED_DOCUMENTS('',' ',#8679,#3,(#8682)) ;
#8784=PRODUCT_DEFINITION_WITH_ASSOCIATED_DOCUMENTS('',' ',#8783,#3,(#8786)) ;
#8888=PRODUCT_DEFINITION_WITH_ASSOCIATED_DOCUMENTS('',' ',#8887,#3,(#8890)) ;
#8992=PRODUCT_DEFINITION_WITH_ASSOCIATED_DOCUMENTS('',' ',#8991,#3,(#8994)) ;
#9072=PRODUCT_DEFINITION_WITH_ASSOCIATED_DOCUMENTS('',' ',#9071,#3,(#9074)) ;
#8=PRODUCT_RELATED_PRODUCT_CATEGORY('detail',$,(#56,#7080,#7184,#8222,#8678,#8782,#8886,#8990,#9070)) ;
#15=PRODUCT_RELATED_PRODUCT_CATEGORY('part',$,(#5)) ;
#43=SHAPE_DEFINITION_REPRESENTATION(#45,#44) ;
#55=SHAPE_DEFINITION_REPRESENTATION(#61,#54) ;
#7079=SHAPE_DEFINITION_REPRESENTATION(#7085,#7078) ;
#7183=SHAPE_DEFINITION_REPRESENTATION(#7189,#7182) ;
#8221=SHAPE_DEFINITION_REPRESENTATION(#8227,#8220) ;
#8677=SHAPE_DEFINITION_REPRESENTATION(#8683,#8676) ;
#8781=SHAPE_DEFINITION_REPRESENTATION(#8787,#8780) ;
#8885=SHAPE_DEFINITION_REPRESENTATION(#8891,#8884) ;
#8989=SHAPE_DEFINITION_REPRESENTATION(#8995,#8988) ;
#9069=SHAPE_DEFINITION_REPRESENTATION(#9075,#9068) ;
#4579=SURFACE_OF_LINEAR_EXTRUSION('generated tabulated cylinder',#4576,#4578) ;
#4604=SURFACE_OF_LINEAR_EXTRUSION('generated tabulated cylinder',#4601,#4603) ;
#4645=SURFACE_OF_LINEAR_EXTRUSION('generated tabulated cylinder',#4642,#4644) ;
#4670=SURFACE_OF_LINEAR_EXTRUSION('generated tabulated cylinder',#4667,#4669) ;
#4711=SURFACE_OF_LINEAR_EXTRUSION('generated tabulated cylinder',#4708,#4710) ;
#4736=SURFACE_OF_LINEAR_EXTRUSION('generated tabulated cylinder',#4733,#4735) ;
#4777=SURFACE_OF_LINEAR_EXTRUSION('generated tabulated cylinder',#4774,#4776) ;
#4802=SURFACE_OF_LINEAR_EXTRUSION('generated tabulated cylinder',#4799,#4801) ;
#4843=SURFACE_OF_LINEAR_EXTRUSION('generated tabulated cylinder',#4840,#4842) ;
#4868=SURFACE_OF_LINEAR_EXTRUSION('generated tabulated cylinder',#4865,#4867) ;
#4917=SURFACE_OF_LINEAR_EXTRUSION('generated tabulated cylinder',#4914,#4916) ;
#4942=SURFACE_OF_LINEAR_EXTRUSION('generated tabulated cylinder',#4939,#4941) ;
#4957=SURFACE_OF_LINEAR_EXTRUSION('generated tabulated cylinder',#4954,#4956) ;
#4998=SURFACE_OF_LINEAR_EXTRUSION('generated tabulated cylinder',#4995,#4997) ;
#5023=SURFACE_OF_LINEAR_EXTRUSION('generated tabulated cylinder',#5020,#5022) ;
#5064=SURFACE_OF_LINEAR_EXTRUSION('generated tabulated cylinder',#5061,#5063) ;
#5089=SURFACE_OF_LINEAR_EXTRUSION('generated tabulated cylinder',#5086,#5088) ;
#5130=SURFACE_OF_LINEAR_EXTRUSION('generated tabulated cylinder',#5127,#5129) ;
#5155=SURFACE_OF_LINEAR_EXTRUSION('generated tabulated cylinder',#5152,#5154) ;
#5196=SURFACE_OF_LINEAR_EXTRUSION('generated tabulated cylinder',#5193,#5195) ;
#5221=SURFACE_OF_LINEAR_EXTRUSION('generated tabulated cylinder',#5218,#5220) ;
#5262=SURFACE_OF_LINEAR_EXTRUSION('generated tabulated cylinder',#5259,#5261) ;
#5287=SURFACE_OF_LINEAR_EXTRUSION('generated tabulated cylinder',#5284,#5286) ;
#5336=SURFACE_OF_LINEAR_EXTRUSION('generated tabulated cylinder',#5333,#5335) ;
#5361=SURFACE_OF_LINEAR_EXTRUSION('generated tabulated cylinder',#5358,#5360) ;
#5376=SURFACE_OF_LINEAR_EXTRUSION('generated tabulated cylinder',#5373,#5375) ;
#5417=SURFACE_OF_LINEAR_EXTRUSION('generated tabulated cylinder',#5414,#5416) ;
#5442=SURFACE_OF_LINEAR_EXTRUSION('generated tabulated cylinder',#5439,#5441) ;
#5483=SURFACE_OF_LINEAR_EXTRUSION('generated tabulated cylinder',#5480,#5482) ;
#5508=SURFACE_OF_LINEAR_EXTRUSION('generated tabulated cylinder',#5505,#5507) ;
#5549=SURFACE_OF_LINEAR_EXTRUSION('generated tabulated cylinder',#5546,#5548) ;
#5574=SURFACE_OF_LINEAR_EXTRUSION('generated tabulated cylinder',#5571,#5573) ;
#5615=SURFACE_OF_LINEAR_EXTRUSION('generated tabulated cylinder',#5612,#5614) ;
#5640=SURFACE_OF_LINEAR_EXTRUSION('generated tabulated cylinder',#5637,#5639) ;
#5681=SURFACE_OF_LINEAR_EXTRUSION('generated tabulated cylinder',#5678,#5680) ;
#5706=SURFACE_OF_LINEAR_EXTRUSION('generated tabulated cylinder',#5703,#5705) ;
#5755=SURFACE_OF_LINEAR_EXTRUSION('generated tabulated cylinder',#5752,#5754) ;
#5780=SURFACE_OF_LINEAR_EXTRUSION('generated tabulated cylinder',#5777,#5779) ;
#5795=SURFACE_OF_LINEAR_EXTRUSION('generated tabulated cylinder',#5792,#5794) ;
#5836=SURFACE_OF_LINEAR_EXTRUSION('generated tabulated cylinder',#5833,#5835) ;
#5861=SURFACE_OF_LINEAR_EXTRUSION('generated tabulated cylinder',#5858,#5860) ;
#5902=SURFACE_OF_LINEAR_EXTRUSION('generated tabulated cylinder',#5899,#5901) ;
#5927=SURFACE_OF_LINEAR_EXTRUSION('generated tabulated cylinder',#5924,#5926) ;
#5968=SURFACE_OF_LINEAR_EXTRUSION('generated tabulated cylinder',#5965,#5967) ;
#5993=SURFACE_OF_LINEAR_EXTRUSION('generated tabulated cylinder',#5990,#5992) ;
#6034=SURFACE_OF_LINEAR_EXTRUSION('generated tabulated cylinder',#6031,#6033) ;
#6059=SURFACE_OF_LINEAR_EXTRUSION('generated tabulated cylinder',#6056,#6058) ;
#6100=SURFACE_OF_LINEAR_EXTRUSION('generated tabulated cylinder',#6097,#6099) ;
#6125=SURFACE_OF_LINEAR_EXTRUSION('generated tabulated cylinder',#6122,#6124) ;
#6174=SURFACE_OF_LINEAR_EXTRUSION('generated tabulated cylinder',#6171,#6173) ;
#6199=SURFACE_OF_LINEAR_EXTRUSION('generated tabulated cylinder',#6196,#6198) ;
#6214=SURFACE_OF_LINEAR_EXTRUSION('generated tabulated cylinder',#6211,#6213) ;
#6255=SURFACE_OF_LINEAR_EXTRUSION('generated tabulated cylinder',#6252,#6254) ;
#6280=SURFACE_OF_LINEAR_EXTRUSION('generated tabulated cylinder',#6277,#6279) ;
#6321=SURFACE_OF_LINEAR_EXTRUSION('generated tabulated cylinder',#6318,#6320) ;
#6346=SURFACE_OF_LINEAR_EXTRUSION('generated tabulated cylinder',#6343,#6345) ;
#6387=SURFACE_OF_LINEAR_EXTRUSION('generated tabulated cylinder',#6384,#6386) ;
#6412=SURFACE_OF_LINEAR_EXTRUSION('generated tabulated cylinder',#6409,#6411) ;
#6453=SURFACE_OF_LINEAR_EXTRUSION('generated tabulated cylinder',#6450,#6452) ;
#6478=SURFACE_OF_LINEAR_EXTRUSION('generated tabulated cylinder',#6475,#6477) ;
#6519=SURFACE_OF_LINEAR_EXTRUSION('generated tabulated cylinder',#6516,#6518) ;
#6544=SURFACE_OF_LINEAR_EXTRUSION('generated tabulated cylinder',#6541,#6543) ;
#6593=SURFACE_OF_LINEAR_EXTRUSION('generated tabulated cylinder',#6590,#6592) ;
#6618=SURFACE_OF_LINEAR_EXTRUSION('generated tabulated cylinder',#6615,#6617) ;
#6633=SURFACE_OF_LINEAR_EXTRUSION('generated tabulated cylinder',#6630,#6632) ;
#6674=SURFACE_OF_LINEAR_EXTRUSION('generated tabulated cylinder',#6671,#6673) ;
#6699=SURFACE_OF_LINEAR_EXTRUSION('generated tabulated cylinder',#6696,#6698) ;
#6740=SURFACE_OF_LINEAR_EXTRUSION('generated tabulated cylinder',#6737,#6739) ;
#6765=SURFACE_OF_LINEAR_EXTRUSION('generated tabulated cylinder',#6762,#6764) ;
#6806=SURFACE_OF_LINEAR_EXTRUSION('generated tabulated cylinder',#6803,#6805) ;
#6831=SURFACE_OF_LINEAR_EXTRUSION('generated tabulated cylinder',#6828,#6830) ;
#6872=SURFACE_OF_LINEAR_EXTRUSION('generated tabulated cylinder',#6869,#6871) ;
#6897=SURFACE_OF_LINEAR_EXTRUSION('generated tabulated cylinder',#6894,#6896) ;
#6938=SURFACE_OF_LINEAR_EXTRUSION('generated tabulated cylinder',#6935,#6937) ;
#6963=SURFACE_OF_LINEAR_EXTRUSION('generated tabulated cylinder',#6960,#6962) ;
#7012=SURFACE_OF_LINEAR_EXTRUSION('generated tabulated cylinder',#7009,#7011) ;
#7037=SURFACE_OF_LINEAR_EXTRUSION('generated tabulated cylinder',#7034,#7036) ;
#7052=SURFACE_OF_LINEAR_EXTRUSION('generated tabulated cylinder',#7049,#7051) ;
#73=VERTEX_POINT('',#72) ;
#75=VERTEX_POINT('',#74) ;
#82=VERTEX_POINT('',#81) ;
#89=VERTEX_POINT('',#88) ;
#113=VERTEX_POINT('',#112) ;
#115=VERTEX_POINT('',#114) ;
#122=VERTEX_POINT('',#121) ;
#134=VERTEX_POINT('',#133) ;
#160=VERTEX_POINT('',#159) ;
#167=VERTEX_POINT('',#166) ;
#174=VERTEX_POINT('',#173) ;
#181=VERTEX_POINT('',#180) ;
#263=VERTEX_POINT('',#262) ;
#265=VERTEX_POINT('',#264) ;
#272=VERTEX_POINT('',#271) ;
#279=VERTEX_POINT('',#278) ;
#286=VERTEX_POINT('',#285) ;
#293=VERTEX_POINT('',#292) ;
#328=VERTEX_POINT('',#327) ;
#330=VERTEX_POINT('',#329) ;
#376=VERTEX_POINT('',#375) ;
#378=VERTEX_POINT('',#377) ;
#424=VERTEX_POINT('',#423) ;
#426=VERTEX_POINT('',#425) ;
#463=VERTEX_POINT('',#462) ;
#470=VERTEX_POINT('',#469) ;
#477=VERTEX_POINT('',#476) ;
#484=VERTEX_POINT('',#483) ;
#505=VERTEX_POINT('',#504) ;
#507=VERTEX_POINT('',#506) ;
#519=VERTEX_POINT('',#518) ;
#526=VERTEX_POINT('',#525) ;
#533=VERTEX_POINT('',#532) ;
#541=VERTEX_POINT('',#540) ;
#563=VERTEX_POINT('',#562) ;
#603=VERTEX_POINT('',#602) ;
#605=VERTEX_POINT('',#604) ;
#651=VERTEX_POINT('',#650) ;
#653=VERTEX_POINT('',#652) ;
#690=VERTEX_POINT('',#689) ;
#697=VERTEX_POINT('',#696) ;
#704=VERTEX_POINT('',#703) ;
#711=VERTEX_POINT('',#710) ;
#718=VERTEX_POINT('',#717) ;
#725=VERTEX_POINT('',#724) ;
#732=VERTEX_POINT('',#731) ;
#739=VERTEX_POINT('',#738) ;
#746=VERTEX_POINT('',#745) ;
#753=VERTEX_POINT('',#752) ;
#760=VERTEX_POINT('',#759) ;
#767=VERTEX_POINT('',#766) ;
#774=VERTEX_POINT('',#773) ;
#781=VERTEX_POINT('',#780) ;
#788=VERTEX_POINT('',#787) ;
#795=VERTEX_POINT('',#794) ;
#802=VERTEX_POINT('',#801) ;
#809=VERTEX_POINT('',#808) ;
#816=VERTEX_POINT('',#815) ;
#823=VERTEX_POINT('',#822) ;
#830=VERTEX_POINT('',#829) ;
#837=VERTEX_POINT('',#836) ;
#844=VERTEX_POINT('',#843) ;
#890=VERTEX_POINT('',#889) ;
#897=VERTEX_POINT('',#896) ;
#909=VERTEX_POINT('',#908) ;
#919=VERTEX_POINT('',#918) ;
#949=VERTEX_POINT('',#948) ;
#968=VERTEX_POINT('',#967) ;
#992=VERTEX_POINT('',#991) ;
#999=VERTEX_POINT('',#998) ;
#1014=VERTEX_POINT('',#1013) ;
#1029=VERTEX_POINT('',#1028) ;
#1036=VERTEX_POINT('',#1035) ;
#1073=VERTEX_POINT('',#1072) ;
#1100=VERTEX_POINT('',#1099) ;
#1102=VERTEX_POINT('',#1101) ;
#1109=VERTEX_POINT('',#1108) ;
#1116=VERTEX_POINT('',#1115) ;
#1123=VERTEX_POINT('',#1122) ;
#1130=VERTEX_POINT('',#1129) ;
#1137=VERTEX_POINT('',#1136) ;
#1144=VERTEX_POINT('',#1143) ;
#1159=VERTEX_POINT('',#1158) ;
#1169=VERTEX_POINT('',#1168) ;
#1176=VERTEX_POINT('',#1175) ;
#1208=VERTEX_POINT('',#1207) ;
#1215=VERTEX_POINT('',#1214) ;
#1222=VERTEX_POINT('',#1221) ;
#1240=VERTEX_POINT('',#1239) ;
#1262=VERTEX_POINT('',#1261) ;
#1304=VERTEX_POINT('',#1303) ;
#1306=VERTEX_POINT('',#1305) ;
#1352=VERTEX_POINT('',#1351) ;
#1354=VERTEX_POINT('',#1353) ;
#1400=VERTEX_POINT('',#1399) ;
#1402=VERTEX_POINT('',#1401) ;
#1448=VERTEX_POINT('',#1447) ;
#1450=VERTEX_POINT('',#1449) ;
#1496=VERTEX_POINT('',#1495) ;
#1498=VERTEX_POINT('',#1497) ;
#1535=VERTEX_POINT('',#1534) ;
#1542=VERTEX_POINT('',#1541) ;
#1554=VERTEX_POINT('',#1553) ;
#1564=VERTEX_POINT('',#1563) ;
#1571=VERTEX_POINT('',#1570) ;
#1601=VERTEX_POINT('',#1600) ;
#1628=VERTEX_POINT('',#1627) ;
#1630=VERTEX_POINT('',#1629) ;
#1637=VERTEX_POINT('',#1636) ;
#1644=VERTEX_POINT('',#1643) ;
#1651=VERTEX_POINT('',#1650) ;
#1658=VERTEX_POINT('',#1657) ;
#1665=VERTEX_POINT('',#1664) ;
#1672=VERTEX_POINT('',#1671) ;
#1687=VERTEX_POINT('',#1686) ;
#1697=VERTEX_POINT('',#1696) ;
#1704=VERTEX_POINT('',#1703) ;
#1736=VERTEX_POINT('',#1735) ;
#1743=VERTEX_POINT('',#1742) ;
#1750=VERTEX_POINT('',#1749) ;
#1768=VERTEX_POINT('',#1767) ;
#1790=VERTEX_POINT('',#1789) ;
#1832=VERTEX_POINT('',#1831) ;
#1834=VERTEX_POINT('',#1833) ;
#1880=VERTEX_POINT('',#1879) ;
#1882=VERTEX_POINT('',#1881) ;
#1928=VERTEX_POINT('',#1927) ;
#1930=VERTEX_POINT('',#1929) ;
#1976=VERTEX_POINT('',#1975) ;
#1978=VERTEX_POINT('',#1977) ;
#2024=VERTEX_POINT('',#2023) ;
#2026=VERTEX_POINT('',#2025) ;
#2063=VERTEX_POINT('',#2062) ;
#2070=VERTEX_POINT('',#2069) ;
#2082=VERTEX_POINT('',#2081) ;
#2092=VERTEX_POINT('',#2091) ;
#2099=VERTEX_POINT('',#2098) ;
#2129=VERTEX_POINT('',#2128) ;
#2156=VERTEX_POINT('',#2155) ;
#2158=VERTEX_POINT('',#2157) ;
#2165=VERTEX_POINT('',#2164) ;
#2172=VERTEX_POINT('',#2171) ;
#2179=VERTEX_POINT('',#2178) ;
#2186=VERTEX_POINT('',#2185) ;
#2193=VERTEX_POINT('',#2192) ;
#2200=VERTEX_POINT('',#2199) ;
#2215=VERTEX_POINT('',#2214) ;
#2225=VERTEX_POINT('',#2224) ;
#2232=VERTEX_POINT('',#2231) ;
#2264=VERTEX_POINT('',#2263) ;
#2282=VERTEX_POINT('',#2281) ;
#2304=VERTEX_POINT('',#2303) ;
#2344=VERTEX_POINT('',#2343) ;
#2346=VERTEX_POINT('',#2345) ;
#2392=VERTEX_POINT('',#2391) ;
#2394=VERTEX_POINT('',#2393) ;
#2426=VERTEX_POINT('',#2425) ;
#2433=VERTEX_POINT('',#2432) ;
#2440=VERTEX_POINT('',#2439) ;
#2475=VERTEX_POINT('',#2474) ;
#2477=VERTEX_POINT('',#2476) ;
#2523=VERTEX_POINT('',#2522) ;
#2525=VERTEX_POINT('',#2524) ;
#2571=VERTEX_POINT('',#2570) ;
#2573=VERTEX_POINT('',#2572) ;
#2610=VERTEX_POINT('',#2609) ;
#2617=VERTEX_POINT('',#2616) ;
#2629=VERTEX_POINT('',#2628) ;
#2639=VERTEX_POINT('',#2638) ;
#2646=VERTEX_POINT('',#2645) ;
#2676=VERTEX_POINT('',#2675) ;
#2703=VERTEX_POINT('',#2702) ;
#2705=VERTEX_POINT('',#2704) ;
#2712=VERTEX_POINT('',#2711) ;
#2719=VERTEX_POINT('',#2718) ;
#2726=VERTEX_POINT('',#2725) ;
#2733=VERTEX_POINT('',#2732) ;
#2740=VERTEX_POINT('',#2739) ;
#2747=VERTEX_POINT('',#2746) ;
#2762=VERTEX_POINT('',#2761) ;
#2772=VERTEX_POINT('',#2771) ;
#2779=VERTEX_POINT('',#2778) ;
#2816=VERTEX_POINT('',#2815) ;
#2834=VERTEX_POINT('',#2833) ;
#2856=VERTEX_POINT('',#2855) ;
#2898=VERTEX_POINT('',#2897) ;
#2900=VERTEX_POINT('',#2899) ;
#2946=VERTEX_POINT('',#2945) ;
#2948=VERTEX_POINT('',#2947) ;
#2994=VERTEX_POINT('',#2993) ;
#2996=VERTEX_POINT('',#2995) ;
#3042=VERTEX_POINT('',#3041) ;
#3044=VERTEX_POINT('',#3043) ;
#3090=VERTEX_POINT('',#3089) ;
#3092=VERTEX_POINT('',#3091) ;
#3124=VERTEX_POINT('',#3123) ;
#3134=VERTEX_POINT('',#3133) ;
#3141=VERTEX_POINT('',#3140) ;
#3171=VERTEX_POINT('',#3170) ;
#3193=VERTEX_POINT('',#3192) ;
#3200=VERTEX_POINT('',#3199) ;
#3207=VERTEX_POINT('',#3206) ;
#3214=VERTEX_POINT('',#3213) ;
#3229=VERTEX_POINT('',#3228) ;
#3239=VERTEX_POINT('',#3238) ;
#3246=VERTEX_POINT('',#3245) ;
#3283=VERTEX_POINT('',#3282) ;
#3285=VERTEX_POINT('',#3284) ;
#3292=VERTEX_POINT('',#3291) ;
#3299=VERTEX_POINT('',#3298) ;
#3311=VERTEX_POINT('',#3310) ;
#3321=VERTEX_POINT('',#3320) ;
#3328=VERTEX_POINT('',#3327) ;
#3335=VERTEX_POINT('',#3334) ;
#3395=VERTEX_POINT('',#3394) ;
#3402=VERTEX_POINT('',#3401) ;
#3409=VERTEX_POINT('',#3408) ;
#3517=VERTEX_POINT('',#3516) ;
#3637=VERTEX_POINT('',#3636) ;
#3639=VERTEX_POINT('',#3638) ;
#3665=VERTEX_POINT('',#3664) ;
#3672=VERTEX_POINT('',#3671) ;
#3771=VERTEX_POINT('',#3770) ;
#3773=VERTEX_POINT('',#3772) ;
#3799=VERTEX_POINT('',#3798) ;
#3806=VERTEX_POINT('',#3805) ;
#3900=VERTEX_POINT('',#3899) ;
#3902=VERTEX_POINT('',#3901) ;
#3928=VERTEX_POINT('',#3927) ;
#3935=VERTEX_POINT('',#3934) ;
#4029=VERTEX_POINT('',#4028) ;
#4031=VERTEX_POINT('',#4030) ;
#4057=VERTEX_POINT('',#4056) ;
#4064=VERTEX_POINT('',#4063) ;
#4158=VERTEX_POINT('',#4157) ;
#4160=VERTEX_POINT('',#4159) ;
#4186=VERTEX_POINT('',#4185) ;
#4193=VERTEX_POINT('',#4192) ;
#4261=VERTEX_POINT('',#4260) ;
#4283=VERTEX_POINT('',#4282) ;
#4325=VERTEX_POINT('',#4324) ;
#4327=VERTEX_POINT('',#4326) ;
#4373=VERTEX_POINT('',#4372) ;
#4375=VERTEX_POINT('',#4374) ;
#4421=VERTEX_POINT('',#4420) ;
#4423=VERTEX_POINT('',#4422) ;
#4469=VERTEX_POINT('',#4468) ;
#4471=VERTEX_POINT('',#4470) ;
#4517=VERTEX_POINT('',#4516) ;
#4519=VERTEX_POINT('',#4518) ;
#4557=VERTEX_POINT('',#4556) ;
#4559=VERTEX_POINT('',#4558) ;
#4623=VERTEX_POINT('',#4622) ;
#4625=VERTEX_POINT('',#4624) ;
#4689=VERTEX_POINT('',#4688) ;
#4691=VERTEX_POINT('',#4690) ;
#4755=VERTEX_POINT('',#4754) ;
#4757=VERTEX_POINT('',#4756) ;
#4821=VERTEX_POINT('',#4820) ;
#4823=VERTEX_POINT('',#4822) ;
#4887=VERTEX_POINT('',#4886) ;
#4895=VERTEX_POINT('',#4894) ;
#4976=VERTEX_POINT('',#4975) ;
#4978=VERTEX_POINT('',#4977) ;
#5042=VERTEX_POINT('',#5041) ;
#5044=VERTEX_POINT('',#5043) ;
#5108=VERTEX_POINT('',#5107) ;
#5110=VERTEX_POINT('',#5109) ;
#5174=VERTEX_POINT('',#5173) ;
#5176=VERTEX_POINT('',#5175) ;
#5240=VERTEX_POINT('',#5239) ;
#5242=VERTEX_POINT('',#5241) ;
#5306=VERTEX_POINT('',#5305) ;
#5314=VERTEX_POINT('',#5313) ;
#5395=VERTEX_POINT('',#5394) ;
#5397=VERTEX_POINT('',#5396) ;
#5461=VERTEX_POINT('',#5460) ;
#5463=VERTEX_POINT('',#5462) ;
#5527=VERTEX_POINT('',#5526) ;
#5529=VERTEX_POINT('',#5528) ;
#5593=VERTEX_POINT('',#5592) ;
#5595=VERTEX_POINT('',#5594) ;
#5659=VERTEX_POINT('',#5658) ;
#5661=VERTEX_POINT('',#5660) ;
#5725=VERTEX_POINT('',#5724) ;
#5733=VERTEX_POINT('',#5732) ;
#5814=VERTEX_POINT('',#5813) ;
#5816=VERTEX_POINT('',#5815) ;
#5880=VERTEX_POINT('',#5879) ;
#5882=VERTEX_POINT('',#5881) ;
#5946=VERTEX_POINT('',#5945) ;
#5948=VERTEX_POINT('',#5947) ;
#6012=VERTEX_POINT('',#6011) ;
#6014=VERTEX_POINT('',#6013) ;
#6078=VERTEX_POINT('',#6077) ;
#6080=VERTEX_POINT('',#6079) ;
#6144=VERTEX_POINT('',#6143) ;
#6152=VERTEX_POINT('',#6151) ;
#6233=VERTEX_POINT('',#6232) ;
#6235=VERTEX_POINT('',#6234) ;
#6299=VERTEX_POINT('',#6298) ;
#6301=VERTEX_POINT('',#6300) ;
#6365=VERTEX_POINT('',#6364) ;
#6367=VERTEX_POINT('',#6366) ;
#6431=VERTEX_POINT('',#6430) ;
#6433=VERTEX_POINT('',#6432) ;
#6497=VERTEX_POINT('',#6496) ;
#6499=VERTEX_POINT('',#6498) ;
#6563=VERTEX_POINT('',#6562) ;
#6571=VERTEX_POINT('',#6570) ;
#6652=VERTEX_POINT('',#6651) ;
#6654=VERTEX_POINT('',#6653) ;
#6718=VERTEX_POINT('',#6717) ;
#6720=VERTEX_POINT('',#6719) ;
#6784=VERTEX_POINT('',#6783) ;
#6786=VERTEX_POINT('',#6785) ;
#6850=VERTEX_POINT('',#6849) ;
#6852=VERTEX_POINT('',#6851) ;
#6916=VERTEX_POINT('',#6915) ;
#6918=VERTEX_POINT('',#6917) ;
#6982=VERTEX_POINT('',#6981) ;
#6990=VERTEX_POINT('',#6989) ;
#7097=VERTEX_POINT('',#7096) ;
#7099=VERTEX_POINT('',#7098) ;
#7106=VERTEX_POINT('',#7105) ;
#7113=VERTEX_POINT('',#7112) ;
#7201=VERTEX_POINT('',#7200) ;
#7203=VERTEX_POINT('',#7202) ;
#7210=VERTEX_POINT('',#7209) ;
#7236=VERTEX_POINT('',#7235) ;
#7285=VERTEX_POINT('',#7284) ;
#7292=VERTEX_POINT('',#7291) ;
#7311=VERTEX_POINT('',#7310) ;
#7358=VERTEX_POINT('',#7357) ;
#7365=VERTEX_POINT('',#7364) ;
#7393=VERTEX_POINT('',#7392) ;
#7395=VERTEX_POINT('',#7394) ;
#7402=VERTEX_POINT('',#7401) ;
#7409=VERTEX_POINT('',#7408) ;
#7416=VERTEX_POINT('',#7415) ;
#7423=VERTEX_POINT('',#7422) ;
#7430=VERTEX_POINT('',#7429) ;
#7437=VERTEX_POINT('',#7436) ;
#7444=VERTEX_POINT('',#7443) ;
#7451=VERTEX_POINT('',#7450) ;
#7458=VERTEX_POINT('',#7457) ;
#7465=VERTEX_POINT('',#7464) ;
#7472=VERTEX_POINT('',#7471) ;
#7526=VERTEX_POINT('',#7525) ;
#7528=VERTEX_POINT('',#7527) ;
#7535=VERTEX_POINT('',#7534) ;
#7547=VERTEX_POINT('',#7546) ;
#7554=VERTEX_POINT('',#7553) ;
#7561=VERTEX_POINT('',#7560) ;
#7568=VERTEX_POINT('',#7567) ;
#7575=VERTEX_POINT('',#7574) ;
#7587=VERTEX_POINT('',#7586) ;
#7594=VERTEX_POINT('',#7593) ;
#7602=VERTEX_POINT('',#7601) ;
#7610=VERTEX_POINT('',#7609) ;
#7659=VERTEX_POINT('',#7658) ;
#7697=VERTEX_POINT('',#7696) ;
#7704=VERTEX_POINT('',#7703) ;
#7716=VERTEX_POINT('',#7715) ;
#7723=VERTEX_POINT('',#7722) ;
#7753=VERTEX_POINT('',#7752) ;
#7777=VERTEX_POINT('',#7776) ;
#7819=VERTEX_POINT('',#7818) ;
#7826=VERTEX_POINT('',#7825) ;
#7850=VERTEX_POINT('',#7849) ;
#7852=VERTEX_POINT('',#7851) ;
#7864=VERTEX_POINT('',#7863) ;
#7880=VERTEX_POINT('',#7879) ;
#7930=VERTEX_POINT('',#7929) ;
#7971=VERTEX_POINT('',#7970) ;
#7990=VERTEX_POINT('',#7989) ;
#8027=VERTEX_POINT('',#8026) ;
#8107=VERTEX_POINT('',#8106) ;
#8132=VERTEX_POINT('',#8131) ;
#8139=VERTEX_POINT('',#8138) ;
#8239=VERTEX_POINT('',#8238) ;
#8241=VERTEX_POINT('',#8240) ;
#8248=VERTEX_POINT('',#8247) ;
#8255=VERTEX_POINT('',#8254) ;
#8306=VERTEX_POINT('',#8305) ;
#8308=VERTEX_POINT('',#8307) ;
#8320=VERTEX_POINT('',#8319) ;
#8327=VERTEX_POINT('',#8326) ;
#8335=VERTEX_POINT('',#8334) ;
#8351=VERTEX_POINT('',#8350) ;
#8380=VERTEX_POINT('',#8379) ;
#8382=VERTEX_POINT('',#8381) ;
#8406=VERTEX_POINT('',#8405) ;
#8413=VERTEX_POINT('',#8412) ;
#8437=VERTEX_POINT('',#8436) ;
#8461=VERTEX_POINT('',#8460) ;
#8502=VERTEX_POINT('',#8501) ;
#8509=VERTEX_POINT('',#8508) ;
#8516=VERTEX_POINT('',#8515) ;
#8523=VERTEX_POINT('',#8522) ;
#8548=VERTEX_POINT('',#8547) ;
#8555=VERTEX_POINT('',#8554) ;
#8563=VERTEX_POINT('',#8562) ;
#8579=VERTEX_POINT('',#8578) ;
#8695=VERTEX_POINT('',#8694) ;
#8697=VERTEX_POINT('',#8696) ;
#8704=VERTEX_POINT('',#8703) ;
#8711=VERTEX_POINT('',#8710) ;
#8799=VERTEX_POINT('',#8798) ;
#8801=VERTEX_POINT('',#8800) ;
#8808=VERTEX_POINT('',#8807) ;
#8815=VERTEX_POINT('',#8814) ;
#8903=VERTEX_POINT('',#8902) ;
#8905=VERTEX_POINT('',#8904) ;
#8912=VERTEX_POINT('',#8911) ;
#8919=VERTEX_POINT('',#8918) ;
#9007=VERTEX_POINT('',#9006) ;
#9009=VERTEX_POINT('',#9008) ;
#9016=VERTEX_POINT('',#9015) ;
#9087=VERTEX_POINT('',#9086) ;
#9089=VERTEX_POINT('',#9088) ;
#9096=VERTEX_POINT('',#9095) ;
#9130=VERTEX_POINT('',#9129) ;
#9137=VERTEX_POINT('',#9136) ;
#9173=VERTEX_POINT('',#9172) ;
#46=(LENGTH_UNIT()NAMED_UNIT(*)SI_UNIT(.MILLI.,.METRE.)) ;
#47=(NAMED_UNIT(*)PLANE_ANGLE_UNIT()SI_UNIT($,.RADIAN.)) ;
#49=(NAMED_UNIT(*)SI_UNIT($,.STERADIAN.)SOLID_ANGLE_UNIT()) ;
#51=(GEOMETRIC_REPRESENTATION_CONTEXT(3)GLOBAL_UNCERTAINTY_ASSIGNED_CONTEXT((#50))GLOBAL_UNIT_ASSIGNED_CONTEXT((#46,#47,#49))REPRESENTATION_CONTEXT(' ',' ')) ;
#53=(GEOMETRIC_REPRESENTATION_CONTEXT(3)GLOBAL_UNCERTAINTY_ASSIGNED_CONTEXT((#52))GLOBAL_UNIT_ASSIGNED_CONTEXT((#46,#47,#49))REPRESENTATION_CONTEXT(' ',' ')) ;
#7077=(GEOMETRIC_REPRESENTATION_CONTEXT(3)GLOBAL_UNCERTAINTY_ASSIGNED_CONTEXT((#7076))GLOBAL_UNIT_ASSIGNED_CONTEXT((#46,#47,#49))REPRESENTATION_CONTEXT(' ',' ')) ;
#7181=(GEOMETRIC_REPRESENTATION_CONTEXT(3)GLOBAL_UNCERTAINTY_ASSIGNED_CONTEXT((#7180))GLOBAL_UNIT_ASSIGNED_CONTEXT((#46,#47,#49))REPRESENTATION_CONTEXT(' ',' ')) ;
#8219=(GEOMETRIC_REPRESENTATION_CONTEXT(3)GLOBAL_UNCERTAINTY_ASSIGNED_CONTEXT((#8218))GLOBAL_UNIT_ASSIGNED_CONTEXT((#46,#47,#49))REPRESENTATION_CONTEXT(' ',' ')) ;
#8675=(GEOMETRIC_REPRESENTATION_CONTEXT(3)GLOBAL_UNCERTAINTY_ASSIGNED_CONTEXT((#8674))GLOBAL_UNIT_ASSIGNED_CONTEXT((#46,#47,#49))REPRESENTATION_CONTEXT(' ',' ')) ;
#8779=(GEOMETRIC_REPRESENTATION_CONTEXT(3)GLOBAL_UNCERTAINTY_ASSIGNED_CONTEXT((#8778))GLOBAL_UNIT_ASSIGNED_CONTEXT((#46,#47,#49))REPRESENTATION_CONTEXT(' ',' ')) ;
#8883=(GEOMETRIC_REPRESENTATION_CONTEXT(3)GLOBAL_UNCERTAINTY_ASSIGNED_CONTEXT((#8882))GLOBAL_UNIT_ASSIGNED_CONTEXT((#46,#47,#49))REPRESENTATION_CONTEXT(' ',' ')) ;
#8987=(GEOMETRIC_REPRESENTATION_CONTEXT(3)GLOBAL_UNCERTAINTY_ASSIGNED_CONTEXT((#8986))GLOBAL_UNIT_ASSIGNED_CONTEXT((#46,#47,#49))REPRESENTATION_CONTEXT(' ',' ')) ;
#9067=(GEOMETRIC_REPRESENTATION_CONTEXT(3)GLOBAL_UNCERTAINTY_ASSIGNED_CONTEXT((#9066))GLOBAL_UNIT_ASSIGNED_CONTEXT((#46,#47,#49))REPRESENTATION_CONTEXT(' ',' ')) ;
#7066=(REPRESENTATION_RELATIONSHIP(' ',' ',#54,#44)REPRESENTATION_RELATIONSHIP_WITH_TRANSFORMATION(#7067)SHAPE_REPRESENTATION_RELATIONSHIP()) ;
#7170=(REPRESENTATION_RELATIONSHIP(' ',' ',#7078,#44)REPRESENTATION_RELATIONSHIP_WITH_TRANSFORMATION(#7171)SHAPE_REPRESENTATION_RELATIONSHIP()) ;
#8208=(REPRESENTATION_RELATIONSHIP(' ',' ',#7182,#44)REPRESENTATION_RELATIONSHIP_WITH_TRANSFORMATION(#8209)SHAPE_REPRESENTATION_RELATIONSHIP()) ;
#8664=(REPRESENTATION_RELATIONSHIP(' ',' ',#8220,#44)REPRESENTATION_RELATIONSHIP_WITH_TRANSFORMATION(#8665)SHAPE_REPRESENTATION_RELATIONSHIP()) ;
#8768=(REPRESENTATION_RELATIONSHIP(' ',' ',#8676,#44)REPRESENTATION_RELATIONSHIP_WITH_TRANSFORMATION(#8769)SHAPE_REPRESENTATION_RELATIONSHIP()) ;
#8872=(REPRESENTATION_RELATIONSHIP(' ',' ',#8780,#44)REPRESENTATION_RELATIONSHIP_WITH_TRANSFORMATION(#8873)SHAPE_REPRESENTATION_RELATIONSHIP()) ;
#8976=(REPRESENTATION_RELATIONSHIP(' ',' ',#8884,#44)REPRESENTATION_RELATIONSHIP_WITH_TRANSFORMATION(#8977)SHAPE_REPRESENTATION_RELATIONSHIP()) ;
#9056=(REPRESENTATION_RELATIONSHIP(' ',' ',#8988,#44)REPRESENTATION_RELATIONSHIP_WITH_TRANSFORMATION(#9057)SHAPE_REPRESENTATION_RELATIONSHIP()) ;
#9198=(REPRESENTATION_RELATIONSHIP(' ',' ',#9068,#44)REPRESENTATION_RELATIONSHIP_WITH_TRANSFORMATION(#9199)SHAPE_REPRESENTATION_RELATIONSHIP()) ;
ENDSEC;
END-ISO-10303-21;
